timestamp,device_id,device_type,location,cpu_usage_pct,memory_usage_pct,latency_ms,packet_loss_pct,bandwidth_utilization_pct,error_rate,temperature_celsius,fault_type,fault_label,is_anomaly
2026-03-14T03:01:18.750845+00:00,device-10,load_balancer,branch-chicago,9.76,24.2,21.89,0.2033,43.91,0.00023,38.5,healthy,0,0
2026-03-18T19:31:18.750845+00:00,device-04,firewall,datacenter-west,22.91,40.81,26.22,0.2245,5.86,0.00073,31.6,healthy,0,0
2026-03-15T00:45:18.750845+00:00,device-15,load_balancer,branch-newyork,62.96,63.54,35.18,0.1176,57.63,0.00291,49.5,healthy,0,0
2026-03-23T05:51:18.750845+00:00,device-01,switch,datacenter-central,52.31,94.15,491.93,7.6836,51.36,0.02038,61.6,memory_exhaustion,2,1
2026-03-12T16:51:18.750845+00:00,device-12,server,branch-chicago,51.36,41.39,42.09,0.1996,52.32,0.00238,39.7,healthy,0,0
2026-03-12T09:24:18.750845+00:00,device-07,router,branch-chicago,41.85,38.91,1474.01,12.4035,60.22,0.22447,51.3,packet_loss,3,1
2026-03-19T06:13:18.750845+00:00,device-01,server,branch-newyork,32.38,36.72,28.79,0.08,37.46,0.00199,35.2,healthy,0,0
2026-03-13T19:11:18.750845+00:00,device-17,switch,branch-losangeles,34.4,69.54,42.52,0.2617,21.52,0.00241,42.4,healthy,0,0
2026-03-25T06:31:18.750845+00:00,device-06,router,branch-chicago,22.25,54.6,1395.5,17.5148,46.21,0.19538,51.5,packet_loss,3,1
2026-03-19T19:23:18.750845+00:00,device-14,switch,branch-chicago,5.7,57.79,1.41,0.2012,12.26,0.0027,33.9,healthy,0,0
2026-03-12T14:17:18.750845+00:00,device-29,load_balancer,datacenter-east,27.99,40.64,31.1,0.0895,34.18,0.00369,36.9,healthy,0,0
2026-03-17T20:09:18.750845+00:00,device-24,server,branch-losangeles,51.24,33.81,45.0,0.1476,36.57,0.00437,46.2,healthy,0,0
2026-03-16T14:11:18.750845+00:00,device-33,firewall,datacenter-east,5.74,39.07,44.79,0.1121,12.9,0.00142,33.9,healthy,0,0
2026-03-14T07:23:18.750845+00:00,device-16,server,branch-losangeles,22.81,13.75,36.09,0.2985,62.53,0.00277,48.5,healthy,0,0
2026-03-15T01:11:18.750845+00:00,device-39,firewall,branch-chicago,13.99,68.09,31.42,0.0745,42.08,0.00131,31.6,healthy,0,0
2026-03-22T15:56:18.750845+00:00,device-23,load_balancer,branch-chicago,94.9,81.54,1991.86,25.6323,96.86,0.32491,70.2,ddos_attack,5,1
2026-03-18T13:25:18.750845+00:00,device-15,router,datacenter-central,62.84,11.9,27.4,0.229,41.51,0.00395,43.7,healthy,0,0
2026-03-22T01:23:18.750845+00:00,device-03,load_balancer,branch-losangeles,24.51,42.66,41.14,0.0952,33.68,0.00159,35.1,healthy,0,0
2026-03-16T02:13:18.750845+00:00,device-22,switch,branch-losangeles,22.53,56.0,994.97,38.8683,59.19,0.08021,41.6,packet_loss,3,1
2026-03-22T03:07:18.750845+00:00,device-10,router,datacenter-east,59.66,13.36,9.46,0.1724,11.63,0.00021,40.2,healthy,0,0
2026-03-25T12:02:18.750845+00:00,device-28,switch,branch-newyork,56.43,91.11,285.87,3.5647,65.95,0.09888,66.2,memory_exhaustion,2,1
2026-03-17T04:23:18.750845+00:00,device-34,firewall,branch-losangeles,49.75,30.8,43.4,0.0224,35.59,0.00281,44.3,healthy,0,0
2026-03-15T06:43:18.750845+00:00,device-32,router,datacenter-east,60.51,49.65,24.36,0.2588,36.19,0.00022,42.1,healthy,0,0
2026-03-14T19:08:18.750845+00:00,device-22,firewall,datacenter-east,91.11,89.18,4169.37,29.7654,98.02,0.39905,81.0,ddos_attack,5,1
2026-03-12T21:27:18.750845+00:00,device-40,firewall,branch-chicago,57.34,61.05,17.46,0.2974,46.1,0.00048,41.7,healthy,0,0
2026-03-18T09:29:18.750845+00:00,device-11,router,branch-newyork,71.32,84.45,1064.27,34.3378,87.12,0.14475,60.9,bgp_flapping,4,1
2026-03-14T16:31:18.750845+00:00,device-40,server,datacenter-central,20.86,48.0,29.58,0.1983,26.76,0.00392,42.3,healthy,0,0
2026-03-21T02:13:18.750845+00:00,device-02,firewall,datacenter-central,23.23,32.56,17.13,0.2963,63.68,0.00043,44.8,healthy,0,0
2026-03-21T09:49:18.750845+00:00,device-35,switch,datacenter-west,55.01,27.05,19.01,0.2784,37.86,0.00103,41.9,healthy,0,0
2026-03-13T01:37:18.750845+00:00,device-24,load_balancer,datacenter-central,57.67,63.76,38.8,0.2181,23.2,0.00306,35.9,healthy,0,0
2026-03-20T20:53:18.750845+00:00,device-28,server,datacenter-central,29.27,12.67,5.75,0.1782,13.69,0.00174,35.1,healthy,0,0
2026-03-12T01:59:18.750845+00:00,device-09,load_balancer,datacenter-central,19.32,35.23,6.68,0.2863,32.71,0.00127,38.7,healthy,0,0
2026-03-18T17:31:18.750845+00:00,device-31,firewall,datacenter-central,43.84,31.4,24.49,0.1743,19.09,0.00306,36.9,healthy,0,0
2026-03-19T15:25:18.750845+00:00,device-01,router,datacenter-central,75.86,70.19,2100.79,27.731,75.23,0.13884,66.1,bgp_flapping,4,1
2026-03-23T12:45:18.750845+00:00,device-40,router,datacenter-central,91.48,80.86,1962.2,17.7144,88.18,0.43315,69.5,bgp_flapping,4,1
2026-03-12T07:11:18.750845+00:00,device-11,switch,datacenter-east,59.38,12.1,7.63,0.0679,53.88,0.0004,44.5,healthy,0,0
2026-03-13T16:13:18.750845+00:00,device-47,router,datacenter-central,41.05,23.56,25.83,0.0474,42.1,0.00042,32.8,healthy,0,0
2026-03-17T07:33:18.750845+00:00,device-21,firewall,branch-chicago,9.58,18.54,4.31,0.1771,34.42,0.00047,34.6,healthy,0,0
2026-03-14T03:31:18.750845+00:00,device-06,switch,branch-newyork,29.18,42.08,23.74,0.0027,25.54,0.00189,33.5,healthy,0,0
2026-03-14T01:51:18.750845+00:00,device-41,firewall,datacenter-west,26.59,28.69,16.3,0.045,39.36,0.00373,33.5,healthy,0,0
2026-03-16T02:41:18.750845+00:00,device-11,firewall,branch-newyork,56.36,60.06,41.89,0.2726,57.32,0.00011,32.8,healthy,0,0
2026-03-17T18:23:18.750845+00:00,device-05,firewall,datacenter-west,5.02,65.92,19.5,0.1941,42.15,0.00326,37.8,healthy,0,0
2026-03-14T10:15:18.750845+00:00,device-23,router,branch-losangeles,53.56,40.45,15.08,0.2707,30.33,0.00262,43.9,healthy,0,0
2026-03-18T04:03:18.750845+00:00,device-16,router,datacenter-central,29.26,63.85,3.24,0.1558,16.04,0.00126,41.5,healthy,0,0
2026-03-15T11:15:18.750845+00:00,device-29,load_balancer,datacenter-central,58.45,13.08,11.44,0.2214,61.36,0.00317,47.0,healthy,0,0
2026-03-21T17:59:18.750845+00:00,device-30,firewall,branch-newyork,8.21,61.02,9.02,0.2839,19.72,0.00252,42.3,healthy,0,0
2026-03-15T02:59:18.750845+00:00,device-30,switch,branch-losangeles,38.47,23.82,12.49,0.1457,52.43,0.00058,47.9,healthy,0,0
2026-03-21T07:59:18.750845+00:00,device-10,server,datacenter-east,22.73,36.72,42.52,0.0182,52.63,0.0001,44.6,healthy,0,0
2026-03-13T14:41:18.750845+00:00,device-16,router,branch-chicago,95.32,80.82,100.32,1.7731,75.94,0.01234,77.5,high_cpu,1,1
2026-03-21T19:37:18.750845+00:00,device-02,load_balancer,branch-losangeles,30.16,51.25,20.03,0.2625,30.05,0.00272,40.8,healthy,0,0
2026-03-15T09:39:18.750845+00:00,device-17,switch,branch-chicago,54.97,17.63,36.22,0.0604,49.42,0.00053,31.2,healthy,0,0
2026-03-15T22:23:18.750845+00:00,device-35,router,datacenter-east,55.78,37.84,24.16,0.2929,14.74,0.00156,45.5,healthy,0,0
2026-03-19T13:49:18.750845+00:00,device-06,server,branch-newyork,32.99,65.31,41.27,0.1924,25.7,0.00269,32.2,healthy,0,0
2026-03-17T07:21:18.750845+00:00,device-50,router,branch-newyork,10.4,49.32,2.56,0.0852,24.92,3e-05,35.8,healthy,0,0
2026-03-13T14:51:18.750845+00:00,device-16,switch,datacenter-west,5.47,46.47,5.41,0.1605,32.7,0.00015,34.5,healthy,0,0
2026-03-17T08:53:18.750845+00:00,device-11,router,datacenter-west,37.53,53.72,17.02,0.2597,5.62,0.00252,36.9,healthy,0,0
2026-03-13T00:25:18.750845+00:00,device-36,switch,branch-newyork,40.81,40.54,26.69,0.1674,18.85,0.00468,44.9,healthy,0,0
2026-03-19T01:17:18.750845+00:00,device-49,load_balancer,datacenter-central,36.07,30.76,11.18,0.1305,55.87,0.00075,39.3,healthy,0,0
2026-03-19T08:27:18.750845+00:00,device-36,router,datacenter-central,19.62,57.31,30.49,0.1181,18.87,0.00492,37.6,healthy,0,0
2026-03-22T04:05:18.750845+00:00,device-20,switch,branch-losangeles,52.22,35.9,43.38,0.137,36.83,0.00487,41.3,healthy,0,0
2026-03-14T09:31:18.750845+00:00,device-47,firewall,branch-losangeles,63.49,36.99,8.93,0.0645,58.55,0.0014,43.2,healthy,0,0
2026-03-15T03:39:18.750845+00:00,device-35,firewall,datacenter-central,10.26,24.64,3.21,0.2713,12.46,0.00146,37.8,healthy,0,0
2026-03-14T11:42:18.750845+00:00,device-25,router,datacenter-east,89.39,67.29,1896.79,32.2058,94.95,0.4984,72.0,bgp_flapping,4,1
2026-03-16T14:03:18.750845+00:00,device-23,switch,datacenter-east,17.1,57.11,36.12,0.2784,45.65,0.00012,36.7,healthy,0,0
2026-03-17T06:53:18.750845+00:00,device-46,switch,datacenter-central,13.02,23.82,44.51,0.1963,61.06,0.0013,44.6,healthy,0,0
2026-03-20T23:35:18.750845+00:00,device-26,firewall,datacenter-east,33.32,42.06,13.16,0.2629,18.26,0.00198,37.6,healthy,0,0
2026-03-20T15:51:18.750845+00:00,device-25,switch,branch-chicago,57.9,14.29,36.02,0.0506,41.48,0.00242,42.9,healthy,0,0
2026-03-22T01:11:18.750845+00:00,device-45,server,branch-losangeles,43.13,59.12,25.95,0.2004,5.27,0.00238,39.8,healthy,0,0
2026-03-18T17:16:18.750845+00:00,device-06,switch,datacenter-west,55.61,96.83,486.84,7.3066,54.25,0.0808,74.8,memory_exhaustion,2,1
2026-03-22T11:17:18.750845+00:00,device-38,router,branch-newyork,50.24,59.15,1192.49,31.9865,68.13,0.26231,41.5,packet_loss,3,1
2026-03-19T12:15:18.750845+00:00,device-23,load_balancer,datacenter-west,25.43,54.8,41.96,0.0222,48.27,0.004,32.9,healthy,0,0
2026-03-16T03:01:18.750845+00:00,device-05,firewall,branch-newyork,36.59,18.46,13.52,0.2288,41.4,0.00172,47.2,healthy,0,0
2026-03-18T14:15:18.750845+00:00,device-45,server,branch-newyork,42.97,21.72,7.79,0.1849,61.88,0.00047,42.1,healthy,0,0
2026-03-13T14:05:18.750845+00:00,device-07,switch,datacenter-west,14.07,19.25,15.54,0.0956,8.34,0.00257,40.1,healthy,0,0
2026-03-13T17:01:18.750845+00:00,device-23,router,datacenter-west,59.68,65.53,42.76,0.2764,32.15,0.00184,37.9,healthy,0,0
2026-03-15T20:47:18.750845+00:00,device-39,firewall,datacenter-central,30.44,19.57,27.42,0.0229,35.33,0.00323,45.6,healthy,0,0
2026-03-17T01:07:18.750845+00:00,device-34,firewall,branch-newyork,51.7,52.98,34.4,0.102,13.04,0.0026,35.8,healthy,0,0
2026-03-23T03:31:18.750845+00:00,device-08,router,branch-losangeles,17.58,43.22,33.16,0.1045,15.29,0.005,34.7,healthy,0,0
2026-03-15T19:41:18.750845+00:00,device-47,load_balancer,datacenter-west,29.57,43.13,39.45,0.2474,21.13,0.0007,45.7,healthy,0,0
2026-03-14T07:39:18.750845+00:00,device-47,server,datacenter-central,36.05,61.83,12.95,0.2968,5.42,0.00105,33.4,healthy,0,0
2026-03-16T21:03:18.750845+00:00,device-46,switch,datacenter-east,39.15,45.94,3.69,0.2321,63.36,0.00183,41.5,healthy,0,0
2026-03-17T18:53:18.750845+00:00,device-34,load_balancer,branch-newyork,47.85,56.71,10.2,0.1673,47.45,0.00062,31.8,healthy,0,0
2026-03-18T06:03:18.750845+00:00,device-40,router,branch-newyork,57.21,53.17,7.56,0.1898,59.83,0.00113,32.3,healthy,0,0
2026-03-14T05:57:18.750845+00:00,device-19,load_balancer,datacenter-east,62.59,38.83,27.65,0.2101,44.49,0.00281,32.9,healthy,0,0
2026-03-18T06:53:18.750845+00:00,device-26,router,branch-newyork,6.66,52.72,13.06,0.0679,21.0,0.00198,44.2,healthy,0,0
2026-03-21T02:55:18.750845+00:00,device-12,router,datacenter-east,55.81,43.89,9.63,0.2485,30.61,0.00235,39.0,healthy,0,0
2026-03-17T03:09:18.750845+00:00,device-41,switch,branch-newyork,12.24,37.65,3.58,0.0724,47.4,0.00128,30.5,healthy,0,0
2026-03-15T22:45:18.750845+00:00,device-23,firewall,datacenter-central,22.25,34.44,42.93,0.1689,57.31,0.00213,47.2,healthy,0,0
2026-03-18T01:59:18.750845+00:00,device-18,switch,branch-chicago,13.73,14.19,29.71,0.2085,29.84,0.0001,33.2,healthy,0,0
2026-03-19T23:07:18.750845+00:00,device-12,load_balancer,branch-newyork,50.83,50.35,38.37,0.2121,51.5,0.00266,44.0,healthy,0,0
2026-03-18T23:27:18.750845+00:00,device-33,load_balancer,branch-newyork,46.34,62.78,15.25,0.0075,36.92,0.00329,43.9,healthy,0,0
2026-03-17T14:01:18.750845+00:00,device-15,router,branch-newyork,28.72,47.23,16.34,0.0193,61.55,0.00166,40.1,healthy,0,0
2026-03-22T11:55:18.750845+00:00,device-13,router,branch-chicago,28.43,25.77,43.92,0.2151,60.08,0.00073,33.2,healthy,0,0
2026-03-24T01:17:18.750845+00:00,device-08,load_balancer,datacenter-east,94.77,85.06,4257.93,41.8156,96.18,0.61834,65.9,ddos_attack,5,1
2026-03-20T01:37:18.750845+00:00,device-10,switch,branch-chicago,26.37,42.56,19.16,0.0778,18.41,0.00472,40.2,healthy,0,0
2026-03-15T11:35:18.750845+00:00,device-36,switch,datacenter-central,39.53,17.45,32.53,0.234,31.51,0.00014,33.1,healthy,0,0
2026-03-21T12:53:18.750845+00:00,device-18,server,datacenter-west,98.04,64.54,130.87,1.9507,89.32,0.01909,63.1,high_cpu,1,1
2026-03-17T19:47:18.750845+00:00,device-39,server,datacenter-east,33.99,57.8,20.65,0.2499,47.79,0.00231,42.6,healthy,0,0
2026-03-22T19:39:18.750845+00:00,device-44,router,datacenter-central,24.18,13.58,15.72,0.2554,17.19,0.00238,34.8,healthy,0,0
2026-03-21T07:19:18.750845+00:00,device-38,firewall,branch-chicago,19.12,12.43,31.38,0.007,47.01,0.0023,32.9,healthy,0,0
2026-03-15T14:23:18.750845+00:00,device-01,router,datacenter-east,22.4,49.05,31.25,0.0824,23.63,0.00438,36.7,healthy,0,0
2026-03-21T07:29:18.750845+00:00,device-21,server,branch-chicago,5.26,36.02,26.69,0.1159,41.24,0.00273,46.7,healthy,0,0
2026-03-19T08:15:18.750845+00:00,device-08,load_balancer,branch-losangeles,6.76,15.4,38.6,0.1275,50.57,0.00259,43.5,healthy,0,0
2026-03-17T20:19:18.750845+00:00,device-33,load_balancer,datacenter-west,11.03,14.39,12.76,0.2404,53.26,0.00485,32.2,healthy,0,0
2026-03-19T20:27:18.750845+00:00,device-46,router,branch-newyork,29.74,66.73,28.53,0.213,8.86,0.00137,47.0,healthy,0,0
2026-03-14T00:07:18.750845+00:00,device-31,router,datacenter-east,42.73,21.5,1659.11,29.3184,35.61,0.25516,43.8,packet_loss,3,1
2026-03-12T13:22:18.750845+00:00,device-02,router,datacenter-central,94.22,60.14,2812.04,28.8361,78.01,0.41056,55.5,bgp_flapping,4,1
2026-03-21T22:17:18.750845+00:00,device-08,router,branch-chicago,33.23,44.54,15.47,0.2237,35.82,0.00029,45.5,healthy,0,0
2026-03-22T05:00:18.750845+00:00,device-39,router,datacenter-central,49.39,36.86,1843.3,37.0356,37.55,0.27821,39.2,packet_loss,3,1
2026-03-15T16:57:18.750845+00:00,device-45,load_balancer,datacenter-east,24.45,35.49,18.16,0.2665,31.66,0.00355,40.2,healthy,0,0
2026-03-12T18:59:18.750845+00:00,device-48,firewall,datacenter-east,53.35,32.46,41.97,0.2505,41.39,0.00281,38.4,healthy,0,0
2026-03-21T02:11:18.750845+00:00,device-08,firewall,datacenter-west,23.27,35.79,9.21,0.2304,30.75,0.0041,31.9,healthy,0,0
2026-03-17T17:27:18.750845+00:00,device-33,load_balancer,datacenter-west,63.13,52.52,34.51,0.1277,45.85,0.00197,47.7,healthy,0,0
2026-03-22T06:16:18.750845+00:00,device-35,server,datacenter-west,94.3,72.91,262.57,1.3887,88.36,0.03009,67.8,high_cpu,1,1
2026-03-20T03:05:18.750845+00:00,device-06,router,branch-losangeles,73.65,79.92,1090.3,30.4513,92.04,0.17163,61.7,bgp_flapping,4,1
2026-03-19T23:52:18.750845+00:00,device-22,load_balancer,branch-newyork,92.0,86.91,1226.16,41.4338,95.46,0.30437,70.9,ddos_attack,5,1
2026-03-15T21:05:18.750845+00:00,device-30,load_balancer,branch-newyork,53.02,47.23,12.93,0.0958,27.71,0.00027,37.8,healthy,0,0
2026-03-13T22:01:18.750845+00:00,device-50,switch,datacenter-east,23.99,52.83,2.18,0.1176,39.46,0.00358,35.0,healthy,0,0
2026-03-19T10:31:18.750845+00:00,device-21,router,datacenter-east,7.96,11.78,2.82,0.212,30.67,0.0029,45.7,healthy,0,0
2026-03-19T16:59:18.750845+00:00,device-16,firewall,branch-newyork,20.47,53.57,7.69,0.0894,24.83,0.00394,40.3,healthy,0,0
2026-03-15T12:29:18.750845+00:00,device-37,server,branch-losangeles,57.08,50.57,25.08,0.0528,55.31,0.00478,45.0,healthy,0,0
2026-03-14T11:24:18.750845+00:00,device-13,router,datacenter-central,80.29,79.91,2791.48,21.6344,87.23,0.38263,63.0,bgp_flapping,4,1
2026-03-12T18:11:18.750845+00:00,device-15,server,datacenter-central,22.33,50.58,38.84,0.1452,47.94,0.00303,38.8,healthy,0,0
2026-03-16T17:10:18.750845+00:00,device-32,server,datacenter-central,49.02,89.59,352.32,5.8717,59.8,0.07863,57.3,memory_exhaustion,2,1
2026-03-15T22:53:18.750845+00:00,device-03,load_balancer,datacenter-west,11.02,61.83,30.78,0.0657,38.85,0.0028,39.4,healthy,0,0
2026-03-14T20:11:18.750845+00:00,device-18,switch,datacenter-east,31.82,44.74,28.77,0.2601,26.04,0.00491,41.3,healthy,0,0
2026-03-17T11:25:18.750845+00:00,device-17,router,branch-chicago,6.54,40.23,44.03,0.0223,17.89,0.00051,38.2,healthy,0,0
2026-03-21T15:34:18.750845+00:00,device-46,switch,datacenter-east,40.89,92.31,126.22,1.2551,66.05,0.02323,72.8,memory_exhaustion,2,1
2026-03-20T21:53:18.750845+00:00,device-30,firewall,datacenter-east,6.12,17.99,28.76,0.2097,36.2,0.00377,33.2,healthy,0,0
2026-03-21T05:23:18.750845+00:00,device-40,router,branch-chicago,55.09,15.17,1.58,0.2991,47.61,0.00247,40.1,healthy,0,0
2026-03-21T06:07:18.750845+00:00,device-30,router,branch-chicago,26.19,56.77,21.38,0.1168,58.02,0.00023,46.4,healthy,0,0
2026-03-12T15:09:18.750845+00:00,device-07,switch,datacenter-west,15.16,32.78,16.64,0.2148,10.97,0.00426,34.0,healthy,0,0
2026-03-17T02:19:18.750845+00:00,device-16,server,branch-losangeles,30.85,63.08,17.37,0.0384,57.37,0.00383,44.1,healthy,0,0
2026-03-14T13:07:18.750845+00:00,device-44,router,branch-chicago,57.9,39.24,38.13,0.0487,35.78,0.00423,39.3,healthy,0,0
2026-03-21T10:29:18.750845+00:00,device-23,router,branch-chicago,49.54,49.02,17.8,0.1805,35.45,0.00017,42.1,healthy,0,0
2026-03-15T18:25:18.750845+00:00,device-31,switch,datacenter-central,9.34,33.74,7.23,0.2466,61.68,0.00313,35.8,healthy,0,0
2026-03-19T10:15:18.750845+00:00,device-21,router,datacenter-west,51.51,54.57,1475.11,14.581,32.36,0.28135,43.0,packet_loss,3,1
2026-03-16T07:07:18.750845+00:00,device-28,server,branch-losangeles,94.61,73.99,102.38,2.057,80.97,0.03076,72.5,high_cpu,1,1
2026-03-20T03:43:18.750845+00:00,device-22,router,branch-newyork,38.13,20.34,30.71,0.2501,26.92,0.00297,36.5,healthy,0,0
2026-03-13T18:13:18.750845+00:00,device-29,server,datacenter-west,27.75,65.28,41.63,0.2362,20.03,0.00269,40.0,healthy,0,0
2026-03-22T11:41:18.750845+00:00,device-08,server,branch-chicago,64.5,60.97,13.02,0.1713,9.46,0.00337,40.9,healthy,0,0
2026-03-17T17:05:18.750845+00:00,device-13,server,branch-chicago,47.32,12.26,27.03,0.005,60.69,0.0015,42.8,healthy,0,0
2026-03-20T14:07:18.750845+00:00,device-40,load_balancer,datacenter-central,11.47,20.28,18.43,0.0159,32.42,0.00128,30.3,healthy,0,0
2026-03-19T13:33:18.750845+00:00,device-21,server,branch-newyork,33.49,69.82,22.14,0.1996,5.83,0.00236,39.1,healthy,0,0
2026-03-13T19:51:18.750845+00:00,device-42,server,datacenter-east,19.77,49.0,33.86,0.0988,12.85,0.00276,48.0,healthy,0,0
2026-03-18T13:35:18.750845+00:00,device-25,switch,datacenter-central,46.14,98.3,143.45,1.3005,78.8,0.06037,59.3,memory_exhaustion,2,1
2026-03-25T04:28:18.750845+00:00,device-46,switch,branch-losangeles,68.8,89.97,240.74,6.1648,54.63,0.0781,58.2,memory_exhaustion,2,1
2026-03-18T23:25:18.750845+00:00,device-22,router,datacenter-central,32.69,14.39,42.71,0.1771,51.61,0.00284,47.3,healthy,0,0
2026-03-13T13:03:18.750845+00:00,device-43,router,datacenter-east,36.21,65.77,4.03,0.0768,52.03,0.00499,31.3,healthy,0,0
2026-03-17T17:15:18.750845+00:00,device-21,firewall,datacenter-central,52.9,22.37,39.86,0.1256,15.76,0.0012,35.1,healthy,0,0
2026-03-22T07:43:18.750845+00:00,device-33,router,datacenter-west,40.99,52.49,22.63,0.1507,22.79,0.00045,30.2,healthy,0,0
2026-03-12T14:05:18.750845+00:00,device-06,firewall,branch-losangeles,29.32,24.74,17.46,0.0022,18.16,0.00467,48.4,healthy,0,0
2026-03-19T09:55:18.750845+00:00,device-09,server,datacenter-central,62.53,66.99,13.26,0.0119,61.66,0.00227,41.1,healthy,0,0
2026-03-14T22:37:18.750845+00:00,device-32,firewall,datacenter-east,55.55,34.09,10.92,0.1008,10.93,0.00414,38.0,healthy,0,0
2026-03-16T04:14:18.750845+00:00,device-23,firewall,branch-newyork,93.88,95.94,2141.52,53.1457,99.6,0.42117,70.1,ddos_attack,5,1
2026-03-20T13:25:18.750845+00:00,device-02,server,datacenter-central,13.68,66.0,35.78,0.2924,24.13,0.00489,43.0,healthy,0,0
2026-03-21T17:41:18.750845+00:00,device-43,switch,datacenter-central,12.46,39.49,43.7,0.0668,62.17,0.00127,37.2,healthy,0,0
2026-03-22T18:35:18.750845+00:00,device-08,router,datacenter-central,55.45,27.56,6.27,0.038,57.96,0.00494,32.4,healthy,0,0
2026-03-22T22:39:18.750845+00:00,device-30,server,branch-newyork,23.01,66.69,14.57,0.0699,60.09,0.002,41.8,healthy,0,0
2026-03-14T11:05:18.750845+00:00,device-42,firewall,datacenter-east,8.21,60.61,16.9,0.2398,58.13,0.00172,37.9,healthy,0,0
2026-03-21T01:13:18.750845+00:00,device-21,firewall,datacenter-central,64.69,53.04,43.64,0.1967,34.76,0.00235,33.0,healthy,0,0
2026-03-20T11:45:18.750845+00:00,device-50,switch,branch-newyork,51.04,47.94,14.74,0.0258,6.82,0.0035,34.6,healthy,0,0
2026-03-18T20:49:18.750845+00:00,device-45,server,datacenter-east,26.87,21.67,14.57,0.2025,62.99,0.00473,35.3,healthy,0,0
2026-03-21T01:57:18.750845+00:00,device-20,router,branch-losangeles,43.65,14.36,36.88,0.2661,48.51,0.00419,42.7,healthy,0,0
2026-03-19T13:45:18.750845+00:00,device-37,firewall,branch-losangeles,21.03,69.44,21.5,0.1028,29.11,0.00358,44.1,healthy,0,0
2026-03-25T03:20:18.750845+00:00,device-21,server,datacenter-central,66.56,93.33,329.64,7.5425,53.17,0.03885,59.8,memory_exhaustion,2,1
2026-03-22T10:57:18.750845+00:00,device-33,router,branch-newyork,35.65,67.83,41.64,0.0918,41.89,0.00154,31.1,healthy,0,0
2026-03-13T12:39:18.750845+00:00,device-46,load_balancer,datacenter-central,28.64,47.53,2.71,0.203,10.33,0.0048,40.3,healthy,0,0
2026-03-20T11:23:18.750845+00:00,device-49,server,branch-losangeles,56.24,21.11,5.73,0.2891,27.99,0.00406,31.1,healthy,0,0
2026-03-16T23:15:18.750845+00:00,device-15,load_balancer,datacenter-west,9.4,26.93,35.91,0.0341,37.46,0.00199,43.9,healthy,0,0
2026-03-22T00:09:18.750845+00:00,device-26,server,datacenter-central,60.72,12.74,7.71,0.1964,45.14,0.00232,44.0,healthy,0,0
2026-03-21T12:43:18.750845+00:00,device-05,load_balancer,branch-losangeles,24.38,68.75,36.66,0.145,13.61,0.00017,31.7,healthy,0,0
2026-03-22T14:59:18.750845+00:00,device-27,load_balancer,branch-newyork,30.72,61.59,24.81,0.0328,62.06,0.00403,46.6,healthy,0,0
2026-03-14T06:41:18.750845+00:00,device-46,firewall,branch-chicago,30.27,39.22,30.38,0.1069,13.37,0.00369,39.7,healthy,0,0
2026-03-21T10:39:18.750845+00:00,device-40,firewall,branch-chicago,44.91,61.54,7.86,0.1277,15.65,0.00123,46.1,healthy,0,0
2026-03-18T09:57:18.750845+00:00,device-24,server,branch-losangeles,39.94,50.95,31.01,0.1708,22.41,0.00168,43.0,healthy,0,0
2026-03-15T18:05:18.750845+00:00,device-45,load_balancer,branch-newyork,58.87,24.98,35.99,0.1741,55.21,0.00091,30.2,healthy,0,0
2026-03-15T11:01:18.750845+00:00,device-06,router,branch-newyork,5.13,49.15,27.97,0.0202,40.5,0.00165,49.1,healthy,0,0
2026-03-14T03:47:18.750845+00:00,device-20,firewall,branch-chicago,15.67,42.7,34.17,0.1459,34.15,0.0022,45.7,healthy,0,0
2026-03-12T07:57:18.750845+00:00,device-11,firewall,datacenter-east,25.63,63.3,14.8,0.2755,12.57,0.00355,40.3,healthy,0,0
2026-03-20T15:11:18.750845+00:00,device-39,switch,branch-losangeles,38.72,16.57,30.7,0.1118,46.87,0.00125,45.9,healthy,0,0
2026-03-13T16:53:18.750845+00:00,device-47,router,datacenter-central,46.95,39.98,2.57,0.2954,35.04,0.00295,38.0,healthy,0,0
2026-03-24T13:53:18.750845+00:00,device-31,router,branch-chicago,24.82,53.41,261.78,18.5859,42.73,0.19014,37.8,packet_loss,3,1
2026-03-17T09:55:18.750845+00:00,device-33,load_balancer,datacenter-central,9.2,15.47,26.18,0.2389,45.02,0.00202,33.7,healthy,0,0
2026-03-14T11:19:18.750845+00:00,device-20,load_balancer,datacenter-west,45.65,22.53,32.85,0.0849,10.76,0.00074,36.7,healthy,0,0
2026-03-14T06:01:18.750845+00:00,device-41,load_balancer,datacenter-east,46.25,17.53,3.24,0.2683,40.47,0.00034,36.2,healthy,0,0
2026-03-20T04:49:18.750845+00:00,device-44,server,branch-losangeles,53.96,42.15,18.67,0.1641,28.74,0.00127,40.7,healthy,0,0
2026-03-16T18:13:18.750845+00:00,device-23,firewall,datacenter-central,42.01,27.42,13.05,0.0587,41.44,0.00022,47.8,healthy,0,0
2026-03-22T10:15:18.750845+00:00,device-47,load_balancer,datacenter-west,29.19,17.16,1.05,0.2169,60.35,0.00285,44.4,healthy,0,0
2026-03-22T14:09:18.750845+00:00,device-49,switch,datacenter-west,43.73,52.53,36.42,0.2637,64.6,0.00239,44.3,healthy,0,0
2026-03-18T06:11:18.750845+00:00,device-47,router,branch-chicago,43.38,64.64,18.68,0.2178,60.42,0.00447,44.9,healthy,0,0
2026-03-14T06:05:18.750845+00:00,device-37,firewall,datacenter-west,56.76,40.37,39.14,0.1282,32.32,0.00465,39.0,healthy,0,0
2026-03-16T10:51:18.750845+00:00,device-14,router,branch-chicago,6.0,38.05,16.05,0.0233,31.38,0.00314,45.9,healthy,0,0
2026-03-21T00:05:18.750845+00:00,device-27,load_balancer,datacenter-west,33.38,58.3,27.87,0.1265,54.48,0.00493,35.1,healthy,0,0
2026-03-15T14:27:18.750845+00:00,device-09,server,branch-chicago,41.64,66.24,10.15,0.1352,33.63,0.00166,39.4,healthy,0,0
2026-03-14T18:21:18.750845+00:00,device-18,router,branch-newyork,9.17,20.84,40.81,0.178,15.04,0.00415,32.3,healthy,0,0
2026-03-12T22:37:18.750845+00:00,device-22,server,datacenter-east,45.33,39.54,36.85,0.0827,25.09,0.00172,34.8,healthy,0,0
2026-03-19T08:35:18.750845+00:00,device-27,server,datacenter-east,65.89,98.77,239.38,5.0451,67.42,0.07371,62.1,memory_exhaustion,2,1
2026-03-22T22:29:18.750845+00:00,device-41,load_balancer,datacenter-central,32.36,64.13,9.92,0.0385,37.24,0.00091,43.5,healthy,0,0
2026-03-17T15:17:18.750845+00:00,device-31,switch,datacenter-east,48.97,22.29,30.6,0.1182,24.44,0.00394,44.1,healthy,0,0
2026-03-12T04:29:18.750845+00:00,device-17,server,branch-losangeles,7.43,16.04,39.68,0.162,55.45,0.00117,47.6,healthy,0,0
2026-03-16T04:43:18.750845+00:00,device-41,switch,branch-chicago,38.26,53.94,28.16,0.2395,57.45,0.00177,46.5,healthy,0,0
2026-03-16T12:13:18.750845+00:00,device-18,firewall,datacenter-west,16.44,66.04,20.48,0.2407,19.83,0.00029,37.5,healthy,0,0
2026-03-24T11:28:18.750845+00:00,device-07,router,branch-losangeles,94.45,69.82,226.41,1.1375,74.05,0.0306,64.4,high_cpu,1,1
2026-03-20T16:57:18.750845+00:00,device-22,load_balancer,datacenter-east,55.3,22.91,6.45,0.217,54.41,0.00264,45.0,healthy,0,0
2026-03-22T14:27:18.750845+00:00,device-05,router,datacenter-east,53.53,51.68,33.4,0.1837,35.94,0.00131,30.3,healthy,0,0
2026-03-17T15:41:18.750845+00:00,device-17,server,datacenter-central,33.08,38.84,22.31,0.2665,17.46,0.00294,36.3,healthy,0,0
2026-03-21T22:47:18.750845+00:00,device-15,load_balancer,branch-losangeles,34.26,16.15,32.5,0.2411,40.39,0.00442,49.9,healthy,0,0
2026-03-19T14:13:18.750845+00:00,device-31,switch,datacenter-central,28.0,65.02,25.15,0.152,15.03,0.00323,39.0,healthy,0,0
2026-03-14T22:03:18.750845+00:00,device-18,router,datacenter-east,54.88,33.68,27.56,0.0191,33.88,0.00185,33.3,healthy,0,0
2026-03-18T14:11:18.750845+00:00,device-36,server,datacenter-central,49.85,20.36,32.07,0.0055,61.97,0.0007,47.4,healthy,0,0
2026-03-18T11:15:18.750845+00:00,device-30,server,datacenter-west,69.83,98.48,469.28,4.8984,79.1,0.07929,65.3,memory_exhaustion,2,1
2026-03-13T18:35:18.750845+00:00,device-25,server,branch-newyork,60.13,52.14,6.6,0.1094,43.44,0.00284,32.0,healthy,0,0
2026-03-13T15:45:18.750845+00:00,device-41,firewall,datacenter-east,62.98,49.31,16.94,0.1261,50.68,0.00436,38.4,healthy,0,0
2026-03-22T02:21:18.750845+00:00,device-28,firewall,branch-chicago,19.38,19.7,21.63,0.0025,51.42,0.00028,32.3,healthy,0,0
2026-03-14T09:42:18.750845+00:00,device-30,router,datacenter-central,87.52,64.66,2006.12,33.4366,85.61,0.12493,62.1,bgp_flapping,4,1
2026-03-16T20:17:18.750845+00:00,device-12,load_balancer,datacenter-west,39.03,17.6,38.31,0.2828,56.44,0.00355,41.5,healthy,0,0
2026-03-14T02:43:18.750845+00:00,device-46,load_balancer,branch-newyork,27.64,20.62,33.01,0.0906,39.82,0.00233,37.8,healthy,0,0
2026-03-12T13:35:18.750845+00:00,device-50,switch,branch-newyork,9.03,10.42,33.79,0.2952,9.56,0.00482,46.8,healthy,0,0
2026-03-16T21:21:18.750845+00:00,device-26,router,datacenter-east,88.46,73.58,197.34,1.1204,86.36,0.01739,73.9,high_cpu,1,1
2026-03-19T15:05:18.750845+00:00,device-32,switch,branch-newyork,44.77,24.39,33.55,0.2642,33.63,0.0028,33.9,healthy,0,0
2026-03-22T16:09:18.750845+00:00,device-45,load_balancer,datacenter-east,12.07,37.58,4.91,0.2489,44.89,0.00381,38.0,healthy,0,0
2026-03-16T09:09:18.750845+00:00,device-33,switch,datacenter-central,48.59,10.32,37.34,0.2035,20.08,0.00213,47.0,healthy,0,0
2026-03-21T13:41:18.750845+00:00,device-24,load_balancer,branch-newyork,5.25,11.23,2.31,0.1264,44.94,0.00259,35.7,healthy,0,0
2026-03-17T00:03:18.750845+00:00,device-42,load_balancer,branch-losangeles,44.54,11.09,30.89,0.1949,45.29,0.00289,31.8,healthy,0,0
2026-03-22T08:17:18.750845+00:00,device-47,load_balancer,branch-newyork,40.24,49.84,16.37,0.1398,41.15,0.00342,46.3,healthy,0,0
2026-03-22T05:29:18.750845+00:00,device-16,firewall,branch-chicago,36.49,62.54,5.42,0.1183,21.31,0.00284,43.3,healthy,0,0
2026-03-13T11:17:18.750845+00:00,device-05,load_balancer,datacenter-east,47.99,55.97,13.41,0.1552,61.88,0.00107,41.6,healthy,0,0
2026-03-25T07:24:18.750845+00:00,device-40,router,datacenter-west,78.88,67.89,837.24,25.1285,63.82,0.19967,72.4,bgp_flapping,4,1
2026-03-13T00:41:18.750845+00:00,device-01,switch,datacenter-west,30.69,55.96,34.69,0.1344,31.98,0.00344,34.1,healthy,0,0
2026-03-15T20:15:18.750845+00:00,device-22,switch,branch-newyork,63.53,12.51,2.87,0.1729,5.11,0.00395,41.1,healthy,0,0
2026-03-14T05:49:18.750845+00:00,device-25,router,branch-losangeles,61.13,22.78,3.86,0.0451,29.22,0.00474,49.5,healthy,0,0
2026-03-23T22:40:18.750845+00:00,device-27,switch,datacenter-central,36.33,31.8,1511.35,25.1203,41.89,0.20207,36.0,packet_loss,3,1
2026-03-20T22:39:18.750845+00:00,device-40,switch,datacenter-central,50.71,53.06,41.45,0.1745,53.71,0.00047,44.7,healthy,0,0
2026-03-16T15:09:18.750845+00:00,device-23,firewall,branch-losangeles,48.97,30.47,12.39,0.2056,46.32,0.00491,49.1,healthy,0,0
2026-03-13T07:11:18.750845+00:00,device-39,load_balancer,datacenter-central,16.07,15.81,36.46,0.1885,59.12,0.00419,33.1,healthy,0,0
2026-03-12T12:21:18.750845+00:00,device-44,load_balancer,datacenter-west,30.07,40.1,35.82,0.0279,14.69,0.00276,30.3,healthy,0,0
2026-03-15T22:35:18.750845+00:00,device-42,switch,datacenter-central,58.6,35.77,11.42,0.0516,18.76,0.00044,32.6,healthy,0,0
2026-03-17T18:09:18.750845+00:00,device-02,load_balancer,branch-chicago,54.3,59.46,16.0,0.1837,18.68,0.00183,35.4,healthy,0,0
2026-03-22T03:29:18.750845+00:00,device-30,router,branch-losangeles,50.33,32.26,16.62,0.2387,63.34,0.00121,45.0,healthy,0,0
2026-03-17T17:45:18.750845+00:00,device-05,firewall,datacenter-west,53.66,69.24,5.55,0.1317,59.56,0.0041,32.7,healthy,0,0
2026-03-15T10:41:18.750845+00:00,device-10,server,datacenter-central,43.2,50.78,1.86,0.1629,5.85,0.00451,48.1,healthy,0,0
2026-03-20T06:07:18.750845+00:00,device-32,load_balancer,datacenter-central,16.08,30.59,17.24,0.0172,41.28,0.00126,49.5,healthy,0,0
2026-03-12T07:43:18.750845+00:00,device-23,server,branch-newyork,96.26,73.47,151.42,1.492,84.08,0.03856,73.2,high_cpu,1,1
2026-03-17T22:41:18.750845+00:00,device-13,server,branch-chicago,27.1,54.24,29.77,0.2863,13.55,0.00342,48.7,healthy,0,0
2026-03-17T03:33:18.750845+00:00,device-42,router,datacenter-central,59.01,11.87,6.62,0.2796,28.13,0.00213,30.9,healthy,0,0
2026-03-17T21:39:18.750845+00:00,device-30,server,branch-chicago,30.22,12.02,24.14,0.2099,28.23,0.00125,48.1,healthy,0,0
2026-03-12T22:17:18.750845+00:00,device-48,switch,branch-losangeles,44.97,23.44,28.39,0.1141,59.46,0.0042,31.4,healthy,0,0
2026-03-17T22:55:18.750845+00:00,device-05,server,branch-losangeles,13.53,30.12,38.89,0.2424,56.98,0.00392,43.6,healthy,0,0
2026-03-19T15:25:18.750845+00:00,device-39,load_balancer,branch-newyork,64.11,69.25,40.24,0.2065,42.55,0.00036,31.8,healthy,0,0
2026-03-17T02:29:18.750845+00:00,device-28,server,branch-chicago,56.85,27.41,32.31,0.2402,27.35,0.00102,49.2,healthy,0,0
2026-03-22T02:41:18.750845+00:00,device-36,router,datacenter-west,22.41,17.54,16.2,0.256,25.76,0.00276,32.8,healthy,0,0
2026-03-20T03:23:18.750845+00:00,device-40,load_balancer,datacenter-west,33.61,38.45,16.48,0.2872,57.79,0.00383,30.3,healthy,0,0
2026-03-17T01:29:18.750845+00:00,device-36,server,branch-losangeles,5.17,34.73,32.83,0.0975,8.24,0.00418,38.3,healthy,0,0
2026-03-14T15:15:18.750845+00:00,device-32,router,branch-losangeles,56.75,27.25,38.65,0.1267,38.83,0.00284,34.4,healthy,0,0
2026-03-14T06:43:18.750845+00:00,device-03,firewall,branch-losangeles,61.04,67.49,7.51,0.0535,18.34,2e-05,42.0,healthy,0,0
2026-03-15T00:05:18.750845+00:00,device-48,router,branch-losangeles,42.88,14.53,19.7,0.076,56.92,0.00193,41.3,healthy,0,0
2026-03-22T00:55:18.750845+00:00,device-31,switch,branch-newyork,25.7,53.61,13.58,0.043,51.58,0.00029,31.2,healthy,0,0
2026-03-16T12:19:18.750845+00:00,device-20,router,branch-losangeles,39.16,63.24,21.77,0.2048,62.27,0.00045,45.0,healthy,0,0
2026-03-18T13:03:18.750845+00:00,device-37,server,branch-chicago,52.15,11.88,39.47,0.0507,39.84,0.00404,44.0,healthy,0,0
2026-03-17T21:51:18.750845+00:00,device-43,router,datacenter-east,39.69,66.18,3.53,0.2708,15.57,0.00325,39.9,healthy,0,0
2026-03-20T08:15:18.750845+00:00,device-44,server,branch-newyork,51.83,44.57,5.35,0.2334,14.28,0.00372,41.1,healthy,0,0
2026-03-14T17:13:18.750845+00:00,device-35,firewall,branch-newyork,51.81,60.72,34.54,0.0057,44.1,0.00403,33.4,healthy,0,0
2026-03-17T15:59:18.750845+00:00,device-18,server,datacenter-west,15.8,51.09,22.03,0.094,6.98,0.00395,31.7,healthy,0,0
2026-03-15T22:59:18.750845+00:00,device-40,switch,datacenter-west,39.23,58.28,36.47,0.1079,28.53,0.0019,41.4,healthy,0,0
2026-03-20T22:55:18.750845+00:00,device-42,load_balancer,branch-newyork,28.93,56.02,22.62,0.0218,31.03,0.00444,31.3,healthy,0,0
2026-03-12T20:09:18.750845+00:00,device-09,load_balancer,branch-losangeles,49.02,32.69,1.85,0.2746,42.83,0.00446,35.1,healthy,0,0
2026-03-20T12:39:18.750845+00:00,device-42,router,datacenter-east,12.53,40.8,7.42,0.1376,57.38,0.0018,36.4,healthy,0,0
2026-03-12T17:59:18.750845+00:00,device-40,server,branch-losangeles,49.14,90.1,281.71,3.1285,56.99,0.05784,74.8,memory_exhaustion,2,1
2026-03-17T13:13:18.750845+00:00,device-03,switch,branch-newyork,6.24,61.09,5.62,0.2229,54.62,0.00188,37.1,healthy,0,0
2026-03-18T13:41:18.750845+00:00,device-08,load_balancer,datacenter-east,53.29,18.88,40.56,0.2109,29.3,0.00079,34.4,healthy,0,0
2026-03-14T00:45:18.750845+00:00,device-01,server,branch-newyork,40.56,36.26,16.46,0.0078,5.87,0.00402,49.5,healthy,0,0
2026-03-12T08:03:18.750845+00:00,device-37,router,branch-chicago,54.37,47.5,405.41,36.3941,47.3,0.11395,51.9,packet_loss,3,1
2026-03-18T01:37:18.750845+00:00,device-44,firewall,branch-newyork,57.06,34.38,37.93,0.1091,30.62,0.00491,35.9,healthy,0,0
2026-03-16T16:33:18.750845+00:00,device-33,load_balancer,branch-losangeles,39.24,20.43,10.84,0.0409,21.47,0.00039,40.2,healthy,0,0
2026-03-19T19:59:18.750845+00:00,device-14,server,branch-losangeles,54.48,34.94,25.92,0.1945,29.23,0.0046,45.8,healthy,0,0
2026-03-19T20:05:18.750845+00:00,device-26,load_balancer,branch-losangeles,58.77,41.16,28.95,0.2953,38.24,0.00447,33.6,healthy,0,0
2026-03-15T16:23:18.750845+00:00,device-06,switch,branch-chicago,61.04,60.8,35.32,0.0055,51.92,0.00184,38.2,healthy,0,0
2026-03-22T11:01:18.750845+00:00,device-11,firewall,branch-losangeles,50.01,12.92,2.4,0.2063,33.61,0.00078,44.2,healthy,0,0
2026-03-15T22:24:18.750845+00:00,device-15,router,datacenter-west,35.36,43.74,1138.59,38.6772,40.75,0.12909,41.0,packet_loss,3,1
2026-03-12T04:01:18.750845+00:00,device-06,firewall,branch-newyork,10.27,41.55,19.55,0.0321,28.98,0.00044,41.4,healthy,0,0
2026-03-20T16:51:18.750845+00:00,device-40,load_balancer,branch-losangeles,55.44,19.67,6.91,0.2836,24.44,0.00115,30.3,healthy,0,0
2026-03-20T00:15:18.750845+00:00,device-15,server,branch-losangeles,41.31,19.31,22.15,0.2396,44.03,0.00252,46.5,healthy,0,0
2026-03-22T06:35:18.750845+00:00,device-04,server,branch-newyork,30.41,28.68,15.72,0.2206,40.62,0.00465,43.3,healthy,0,0
2026-03-18T20:45:18.750845+00:00,device-38,firewall,datacenter-west,54.05,34.44,17.92,0.0574,39.33,0.00112,47.8,healthy,0,0
2026-03-14T07:40:18.750845+00:00,device-14,switch,datacenter-central,41.68,22.63,1663.29,22.559,37.96,0.25322,40.7,packet_loss,3,1
2026-03-17T15:35:18.750845+00:00,device-33,firewall,branch-chicago,39.39,37.68,23.63,0.1856,20.53,0.00413,41.4,healthy,0,0
2026-03-18T04:53:18.750845+00:00,device-40,firewall,datacenter-central,96.93,87.38,4415.39,58.8914,97.73,0.27474,76.7,ddos_attack,5,1
2026-03-12T13:17:18.750845+00:00,device-42,firewall,branch-chicago,21.93,38.96,30.55,0.0035,26.15,0.00273,46.2,healthy,0,0
2026-03-18T01:19:18.750845+00:00,device-01,firewall,branch-newyork,23.59,25.93,2.17,0.247,22.08,0.00428,46.5,healthy,0,0
2026-03-12T22:33:18.750845+00:00,device-25,router,datacenter-east,46.97,52.92,38.74,0.1906,62.64,0.00418,43.7,healthy,0,0
2026-03-13T15:55:18.750845+00:00,device-06,switch,datacenter-east,37.81,56.13,17.88,0.0478,39.29,4e-05,38.7,healthy,0,0
2026-03-18T01:43:18.750845+00:00,device-49,load_balancer,branch-newyork,37.22,56.22,34.31,0.0906,8.03,0.00485,40.3,healthy,0,0
2026-03-22T12:02:18.750845+00:00,device-30,switch,branch-chicago,59.12,98.88,288.05,3.8967,68.41,0.05269,57.1,memory_exhaustion,2,1
2026-03-14T01:46:18.750845+00:00,device-33,router,datacenter-west,90.14,82.44,1810.6,25.9296,94.35,0.33372,74.5,bgp_flapping,4,1
2026-03-15T19:49:18.750845+00:00,device-10,switch,branch-chicago,64.87,97.74,432.44,2.8695,69.93,0.06267,56.3,memory_exhaustion,2,1
2026-03-17T07:01:18.750845+00:00,device-19,server,branch-losangeles,50.15,94.49,402.97,3.6444,62.77,0.06934,58.5,memory_exhaustion,2,1
2026-03-19T09:35:18.750845+00:00,device-23,server,branch-losangeles,38.02,64.8,21.14,0.095,23.85,0.00359,40.1,healthy,0,0
2026-03-24T08:58:18.750845+00:00,device-47,server,datacenter-west,53.07,98.19,150.25,3.513,55.28,0.08169,73.4,memory_exhaustion,2,1
2026-03-21T08:19:18.750845+00:00,device-39,firewall,datacenter-central,64.68,51.62,6.24,0.0424,60.98,0.00352,39.3,healthy,0,0
2026-03-20T13:02:18.750845+00:00,device-07,router,datacenter-central,93.87,66.09,285.53,0.8869,86.34,0.04546,79.4,high_cpu,1,1
2026-03-22T17:33:18.750845+00:00,device-20,switch,branch-newyork,23.74,45.25,294.75,39.848,54.2,0.21302,35.1,packet_loss,3,1
2026-03-20T03:17:18.750845+00:00,device-22,server,datacenter-central,48.67,61.94,4.18,0.2567,16.0,0.00269,47.8,healthy,0,0
2026-03-13T18:57:18.750845+00:00,device-08,server,datacenter-west,17.63,12.24,42.58,0.2216,29.75,0.00376,34.7,healthy,0,0
2026-03-17T07:23:18.750845+00:00,device-05,firewall,datacenter-central,36.58,54.65,7.39,0.1397,5.17,0.00359,36.6,healthy,0,0
2026-03-18T01:15:18.750845+00:00,device-41,switch,datacenter-central,36.46,22.52,29.16,0.2486,26.02,0.00474,37.6,healthy,0,0
2026-03-20T00:56:18.750845+00:00,device-16,firewall,branch-losangeles,91.16,82.29,3300.25,53.5696,99.44,0.32993,81.6,ddos_attack,5,1
2026-03-13T04:31:18.750845+00:00,device-07,router,datacenter-east,85.87,73.93,2971.76,17.2969,75.24,0.10642,71.4,bgp_flapping,4,1
2026-03-14T18:10:18.750845+00:00,device-07,router,branch-newyork,92.99,65.22,170.46,1.6789,73.94,0.01152,77.7,high_cpu,1,1
2026-03-17T19:09:18.750845+00:00,device-47,load_balancer,datacenter-central,52.66,51.16,9.08,0.0031,16.62,0.00284,38.4,healthy,0,0
2026-03-14T13:47:18.750845+00:00,device-24,router,datacenter-west,13.7,30.48,22.97,0.1598,53.93,0.00215,43.0,healthy,0,0
2026-03-18T10:39:18.750845+00:00,device-36,firewall,datacenter-east,41.73,48.12,21.27,0.1989,16.98,0.00289,41.3,healthy,0,0
2026-03-12T07:38:18.750845+00:00,device-18,router,branch-losangeles,97.16,77.29,287.77,1.1909,87.53,0.03203,77.5,high_cpu,1,1
2026-03-14T01:55:18.750845+00:00,device-46,router,datacenter-west,59.55,23.31,22.84,0.0349,62.87,0.00261,48.0,healthy,0,0
2026-03-13T23:08:18.750845+00:00,device-45,router,branch-newyork,89.16,65.86,152.02,2.3923,70.54,0.01177,65.5,high_cpu,1,1
2026-03-21T02:03:18.750845+00:00,device-04,firewall,datacenter-east,55.43,25.95,28.69,0.0903,7.15,0.00097,30.2,healthy,0,0
2026-03-20T10:17:18.750845+00:00,device-32,firewall,branch-chicago,46.67,47.44,23.21,0.0215,55.04,0.00142,36.2,healthy,0,0
2026-03-25T01:53:18.750845+00:00,device-05,load_balancer,branch-losangeles,92.49,95.31,1778.5,53.0109,96.87,0.45665,73.9,ddos_attack,5,1
2026-03-24T10:33:18.750845+00:00,device-04,router,datacenter-west,25.95,46.0,497.99,14.227,62.3,0.20497,40.5,packet_loss,3,1
2026-03-21T06:03:18.750845+00:00,device-44,server,branch-chicago,29.38,10.56,39.93,0.1138,22.26,0.00073,38.1,healthy,0,0
2026-03-14T02:25:18.750845+00:00,device-09,server,datacenter-east,9.81,64.2,14.73,0.046,56.62,0.00351,45.6,healthy,0,0
2026-03-13T10:29:18.750845+00:00,device-34,switch,branch-losangeles,33.02,27.44,372.72,38.7369,47.84,0.29699,45.8,packet_loss,3,1
2026-03-22T08:53:18.750845+00:00,device-08,router,branch-losangeles,45.81,67.39,25.72,0.0075,30.72,0.00077,49.0,healthy,0,0
2026-03-12T03:33:18.750845+00:00,device-19,firewall,datacenter-west,53.46,13.07,42.6,0.2074,52.56,0.00202,39.7,healthy,0,0
2026-03-21T06:51:18.750845+00:00,device-26,router,datacenter-east,51.12,11.6,15.17,0.1521,60.16,0.00394,46.0,healthy,0,0
2026-03-24T10:33:18.750845+00:00,device-03,switch,branch-chicago,56.72,98.87,166.72,6.5771,54.05,0.05564,74.3,memory_exhaustion,2,1
2026-03-17T19:49:18.750845+00:00,device-19,switch,branch-newyork,53.98,65.31,31.45,0.0745,20.34,0.0047,41.1,healthy,0,0
2026-03-21T09:01:18.750845+00:00,device-29,router,branch-newyork,58.4,15.1,32.03,0.1497,25.64,0.00325,45.7,healthy,0,0
2026-03-13T07:53:18.750845+00:00,device-23,load_balancer,branch-chicago,97.37,88.11,3000.01,55.1411,98.24,0.26254,67.2,ddos_attack,5,1
2026-03-16T05:23:18.750845+00:00,device-50,switch,branch-losangeles,64.21,27.82,16.07,0.2388,34.12,0.00243,42.3,healthy,0,0
2026-03-22T05:45:18.750845+00:00,device-47,load_balancer,branch-chicago,51.5,18.46,16.27,0.2761,28.38,0.00181,47.8,healthy,0,0
2026-03-12T21:21:18.750845+00:00,device-22,load_balancer,branch-losangeles,56.6,44.84,16.7,0.2907,30.52,0.00384,44.4,healthy,0,0
2026-03-16T19:19:18.750845+00:00,device-26,load_balancer,datacenter-west,21.75,68.92,31.9,0.0301,63.15,0.00419,33.1,healthy,0,0
2026-03-21T11:57:18.750845+00:00,device-03,firewall,branch-chicago,11.82,33.5,35.26,0.2477,20.23,0.0021,32.4,healthy,0,0
2026-03-17T09:57:18.750845+00:00,device-15,router,datacenter-central,17.46,62.3,30.06,0.1889,35.86,0.00452,40.1,healthy,0,0
2026-03-12T03:19:18.750845+00:00,device-14,switch,branch-chicago,39.18,20.77,24.25,0.172,30.31,0.00186,37.6,healthy,0,0
2026-03-19T02:51:18.750845+00:00,device-25,firewall,branch-losangeles,6.02,60.7,30.02,0.1248,17.46,0.00339,41.9,healthy,0,0
2026-03-23T02:11:18.750845+00:00,device-16,router,branch-chicago,43.76,21.96,5.91,0.0758,21.27,0.00437,44.8,healthy,0,0
2026-03-19T08:17:18.750845+00:00,device-39,server,branch-chicago,46.2,21.82,38.1,0.2286,26.76,0.00289,42.6,healthy,0,0
2026-03-15T04:47:18.750845+00:00,device-39,firewall,branch-losangeles,57.7,42.21,7.15,0.2785,53.27,0.00415,47.5,healthy,0,0
2026-03-21T19:29:18.750845+00:00,device-41,firewall,datacenter-west,29.12,39.49,30.29,0.108,41.27,0.00216,38.4,healthy,0,0
2026-03-18T02:11:18.750845+00:00,device-42,router,datacenter-central,12.58,29.27,26.72,0.1242,41.71,0.0048,35.9,healthy,0,0
2026-03-15T09:06:18.750845+00:00,device-32,router,datacenter-east,82.41,88.41,941.56,34.8866,75.79,0.28339,73.6,bgp_flapping,4,1
2026-03-14T02:01:18.750845+00:00,device-37,router,branch-losangeles,30.87,26.89,14.52,0.0472,16.99,0.00494,36.3,healthy,0,0
2026-03-14T08:22:18.750845+00:00,device-05,router,branch-chicago,89.96,71.86,2518.45,32.3062,90.65,0.26634,64.1,bgp_flapping,4,1
2026-03-17T23:45:18.750845+00:00,device-39,firewall,branch-chicago,36.08,21.82,21.84,0.1639,46.46,0.00277,46.2,healthy,0,0
2026-03-16T10:43:18.750845+00:00,device-27,load_balancer,branch-losangeles,54.01,60.82,11.79,0.0615,36.39,0.00109,38.4,healthy,0,0
2026-03-22T02:37:18.750845+00:00,device-02,load_balancer,branch-newyork,63.02,43.57,40.66,0.0202,44.09,0.00474,40.6,healthy,0,0
2026-03-19T17:57:18.750845+00:00,device-39,firewall,branch-newyork,51.81,32.94,8.62,0.1197,6.9,0.00225,34.9,healthy,0,0
2026-03-14T14:09:18.750845+00:00,device-10,load_balancer,branch-chicago,61.37,67.89,24.62,0.0336,12.94,0.00178,47.5,healthy,0,0
2026-03-20T08:19:18.750845+00:00,device-31,firewall,branch-chicago,39.03,50.16,23.55,0.2748,46.64,0.00361,36.8,healthy,0,0
2026-03-15T19:37:18.750845+00:00,device-19,firewall,datacenter-central,28.45,25.71,19.99,0.2784,46.64,0.0003,39.1,healthy,0,0
2026-03-14T19:35:18.750845+00:00,device-46,firewall,branch-chicago,44.32,13.62,44.32,0.107,52.16,0.00312,44.8,healthy,0,0
2026-03-16T13:21:18.750845+00:00,device-36,router,datacenter-west,24.71,12.87,42.79,0.2229,15.11,0.00066,47.1,healthy,0,0
2026-03-17T01:31:18.750845+00:00,device-06,switch,datacenter-west,7.86,42.12,14.34,0.0491,49.44,0.0009,49.1,healthy,0,0
2026-03-14T15:45:18.750845+00:00,device-12,switch,datacenter-central,31.49,41.01,9.74,0.1532,58.7,0.00024,36.6,healthy,0,0
2026-03-20T17:59:18.750845+00:00,device-44,firewall,datacenter-east,64.75,63.52,15.86,0.1494,26.27,0.00403,39.3,healthy,0,0
2026-03-18T11:53:18.750845+00:00,device-39,firewall,branch-newyork,10.0,23.08,43.74,0.1851,53.88,0.00493,48.5,healthy,0,0
2026-03-24T09:03:18.750845+00:00,device-04,switch,datacenter-central,59.02,91.31,488.27,4.6974,61.51,0.02064,71.2,memory_exhaustion,2,1
2026-03-13T14:53:18.750845+00:00,device-01,router,branch-newyork,64.07,45.12,18.78,0.163,60.56,0.00381,39.6,healthy,0,0
2026-03-21T09:07:18.750845+00:00,device-34,load_balancer,branch-losangeles,53.45,11.05,23.67,0.124,62.4,0.00125,48.8,healthy,0,0
2026-03-18T10:22:18.750845+00:00,device-48,router,branch-newyork,78.29,88.71,1489.85,32.5771,63.92,0.16902,59.7,bgp_flapping,4,1
2026-03-20T21:09:18.750845+00:00,device-13,firewall,datacenter-east,28.75,24.89,22.23,0.2305,36.64,0.00402,45.6,healthy,0,0
2026-03-20T21:49:18.750845+00:00,device-35,switch,branch-chicago,64.98,65.06,18.58,0.004,42.68,0.00077,43.1,healthy,0,0
2026-03-14T19:04:18.750845+00:00,device-33,switch,branch-newyork,73.82,88.22,296.84,5.7457,71.43,0.02537,59.6,memory_exhaustion,2,1
2026-03-16T11:17:18.750845+00:00,device-07,server,branch-newyork,55.18,29.05,22.24,0.0198,25.58,0.0014,46.2,healthy,0,0
2026-03-17T14:29:18.750845+00:00,device-31,server,branch-losangeles,20.54,46.27,28.45,0.131,53.11,0.00349,40.0,healthy,0,0
2026-03-12T19:05:18.750845+00:00,device-42,server,branch-losangeles,39.71,14.96,1.06,0.2684,5.64,0.00494,39.5,healthy,0,0
2026-03-15T21:01:18.750845+00:00,device-33,firewall,datacenter-east,20.23,47.54,42.25,0.2391,62.83,0.00268,31.4,healthy,0,0
2026-03-14T17:47:18.750845+00:00,device-35,load_balancer,datacenter-east,5.24,30.92,2.71,0.2212,56.03,0.00391,31.4,healthy,0,0
2026-03-13T14:41:18.750845+00:00,device-31,load_balancer,branch-newyork,97.73,95.03,4014.48,50.5644,98.84,0.32058,69.8,ddos_attack,5,1
2026-03-19T03:57:18.750845+00:00,device-24,router,branch-newyork,15.47,57.06,3.28,0.2907,33.26,0.00342,35.8,healthy,0,0
2026-03-18T08:33:18.750845+00:00,device-14,switch,branch-newyork,58.26,35.19,21.02,0.0344,20.99,4e-05,40.4,healthy,0,0
2026-03-13T03:37:18.750845+00:00,device-21,firewall,branch-chicago,39.86,32.28,8.85,0.0856,45.42,0.00013,41.3,healthy,0,0
2026-03-23T02:46:18.750845+00:00,device-17,switch,datacenter-west,52.6,90.45,385.97,7.3654,52.29,0.07943,72.4,memory_exhaustion,2,1
2026-03-15T08:05:18.750845+00:00,device-17,firewall,branch-chicago,22.37,51.2,24.54,0.2794,34.38,0.00252,38.1,healthy,0,0
2026-03-15T20:03:18.750845+00:00,device-03,router,datacenter-central,92.12,84.81,1404.6,34.2747,89.46,0.24808,69.4,bgp_flapping,4,1
2026-03-19T17:01:18.750845+00:00,device-43,load_balancer,datacenter-east,27.93,16.21,8.68,0.021,38.84,0.00251,32.8,healthy,0,0
2026-03-15T01:47:18.750845+00:00,device-44,firewall,datacenter-west,8.12,60.03,1.95,0.0475,56.64,0.00311,48.9,healthy,0,0
2026-03-17T23:18:18.750845+00:00,device-09,server,datacenter-central,60.21,89.61,448.57,6.5296,56.15,0.04559,71.3,memory_exhaustion,2,1
2026-03-22T20:53:18.750845+00:00,device-39,switch,branch-losangeles,22.2,27.35,1756.86,18.1256,43.7,0.07639,44.3,packet_loss,3,1
2026-03-18T13:47:18.750845+00:00,device-15,server,datacenter-west,28.14,11.6,14.85,0.2402,20.52,0.00206,43.3,healthy,0,0
2026-03-21T18:53:18.750845+00:00,device-12,server,branch-newyork,47.0,59.59,27.08,0.2507,23.37,0.0046,43.4,healthy,0,0
2026-03-21T19:07:18.750845+00:00,device-12,server,datacenter-central,11.31,47.22,41.36,0.1931,46.18,0.00356,31.5,healthy,0,0
2026-03-15T19:35:18.750845+00:00,device-39,server,branch-newyork,21.63,20.37,18.53,0.055,8.86,0.00253,49.1,healthy,0,0
2026-03-16T16:19:18.750845+00:00,device-26,firewall,branch-chicago,10.47,32.45,7.32,0.264,43.28,0.00179,48.0,healthy,0,0
2026-03-15T07:55:18.750845+00:00,device-38,router,datacenter-west,23.2,36.58,19.17,0.0114,25.63,0.0041,45.6,healthy,0,0
2026-03-16T04:05:18.750845+00:00,device-49,server,branch-chicago,27.92,46.77,29.94,0.0074,47.61,0.00169,47.7,healthy,0,0
2026-03-20T13:29:18.750845+00:00,device-50,firewall,datacenter-west,32.43,43.14,9.82,0.0805,57.28,0.00413,35.9,healthy,0,0
2026-03-20T07:05:18.750845+00:00,device-14,switch,branch-losangeles,60.37,66.78,39.56,0.0885,19.18,0.00039,34.3,healthy,0,0
2026-03-21T19:09:18.750845+00:00,device-06,router,datacenter-west,63.8,26.22,17.58,0.0302,7.01,0.00107,46.1,healthy,0,0
2026-03-17T13:15:18.750845+00:00,device-40,server,branch-chicago,28.65,66.7,40.97,0.0945,48.93,0.00499,46.6,healthy,0,0
2026-03-15T21:13:18.750845+00:00,device-26,switch,branch-newyork,24.11,19.97,2.89,0.2119,57.82,0.00289,42.9,healthy,0,0
2026-03-21T21:13:18.750845+00:00,device-16,load_balancer,datacenter-central,50.61,10.18,32.55,0.0102,35.32,0.00159,31.5,healthy,0,0
2026-03-12T09:57:18.750845+00:00,device-41,switch,branch-chicago,63.9,17.71,29.34,0.0721,33.52,0.00467,45.0,healthy,0,0
2026-03-15T14:43:18.750845+00:00,device-41,router,branch-losangeles,71.99,77.78,1515.47,20.2099,64.2,0.31307,63.0,bgp_flapping,4,1
2026-03-15T11:34:18.750845+00:00,device-42,router,datacenter-central,90.91,85.31,2423.53,19.7441,65.73,0.11776,67.5,bgp_flapping,4,1
2026-03-12T20:21:18.750845+00:00,device-41,switch,datacenter-west,11.3,69.44,13.73,0.1806,9.47,0.00117,30.1,healthy,0,0
2026-03-17T10:33:18.750845+00:00,device-45,router,datacenter-central,18.52,50.4,2.83,0.2758,7.0,0.00286,48.7,healthy,0,0
2026-03-17T06:33:18.750845+00:00,device-45,router,branch-newyork,48.76,68.49,29.63,0.1161,59.62,0.00351,48.9,healthy,0,0
2026-03-19T02:55:18.750845+00:00,device-49,switch,branch-losangeles,19.35,55.61,17.08,0.0929,61.24,0.00172,40.4,healthy,0,0
2026-03-15T21:51:18.750845+00:00,device-47,firewall,branch-losangeles,8.2,54.95,13.55,0.2904,41.53,0.00458,31.9,healthy,0,0
2026-03-18T14:37:18.750845+00:00,device-05,firewall,datacenter-west,22.52,16.25,44.96,0.2733,48.4,0.00209,35.8,healthy,0,0
2026-03-23T14:10:18.750845+00:00,device-01,router,branch-newyork,71.0,71.48,1218.77,20.5223,85.07,0.30026,62.0,bgp_flapping,4,1
2026-03-24T08:44:18.750845+00:00,device-37,firewall,datacenter-east,92.68,92.63,4668.92,51.184,99.68,0.61576,66.9,ddos_attack,5,1
2026-03-18T08:55:18.750845+00:00,device-36,load_balancer,datacenter-west,26.66,41.44,32.4,0.1431,44.93,0.00268,43.8,healthy,0,0
2026-03-25T04:14:18.750845+00:00,device-46,firewall,branch-chicago,94.96,90.23,1822.36,54.1616,96.19,0.35174,76.7,ddos_attack,5,1
2026-03-21T01:27:18.750845+00:00,device-41,switch,branch-newyork,30.61,14.66,20.17,0.2325,20.71,0.00183,48.5,healthy,0,0
2026-03-16T23:22:18.750845+00:00,device-27,router,datacenter-east,98.67,69.09,251.18,1.8001,76.41,0.02945,70.9,high_cpu,1,1
2026-03-18T11:57:18.750845+00:00,device-12,server,branch-losangeles,24.46,12.65,26.93,0.1801,30.82,0.00284,32.0,healthy,0,0
2026-03-22T15:55:18.750845+00:00,device-49,switch,datacenter-central,44.55,68.15,6.18,0.1013,40.11,0.00066,43.0,healthy,0,0
2026-03-14T11:59:18.750845+00:00,device-12,load_balancer,datacenter-west,44.85,51.7,40.35,0.1376,6.16,0.00167,31.8,healthy,0,0
2026-03-14T13:19:18.750845+00:00,device-04,switch,datacenter-west,46.26,38.66,22.05,0.2044,59.69,0.0016,37.3,healthy,0,0
2026-03-22T03:09:18.750845+00:00,device-30,firewall,datacenter-central,29.71,12.22,14.06,0.133,9.09,0.00227,42.4,healthy,0,0
2026-03-18T10:27:18.750845+00:00,device-35,router,branch-newyork,38.77,47.88,3.23,0.2842,33.65,0.00492,37.5,healthy,0,0
2026-03-23T03:05:18.750845+00:00,device-24,router,datacenter-central,37.86,16.07,13.41,0.0341,58.4,0.0028,38.8,healthy,0,0
2026-03-17T12:51:18.750845+00:00,device-41,firewall,branch-newyork,53.8,25.45,29.67,0.12,15.79,0.00174,45.4,healthy,0,0
2026-03-21T11:17:18.750845+00:00,device-10,server,branch-newyork,61.94,61.87,39.27,0.273,29.01,0.00061,36.5,healthy,0,0
2026-03-22T04:17:18.750845+00:00,device-39,firewall,branch-losangeles,22.79,13.17,44.73,0.2378,54.66,0.0001,34.7,healthy,0,0
2026-03-13T17:45:18.750845+00:00,device-30,server,branch-losangeles,20.23,64.61,30.06,0.2832,49.56,0.00236,32.6,healthy,0,0
2026-03-13T02:39:18.750845+00:00,device-21,router,datacenter-west,27.67,40.96,388.91,24.8248,63.87,0.16975,38.0,packet_loss,3,1
2026-03-15T13:11:18.750845+00:00,device-17,firewall,datacenter-central,53.36,23.48,28.78,0.093,35.77,0.00444,45.9,healthy,0,0
2026-03-17T22:25:18.750845+00:00,device-48,router,branch-losangeles,44.0,59.73,27.3,0.2649,53.54,0.00116,42.8,healthy,0,0
2026-03-15T07:21:18.750845+00:00,device-14,router,datacenter-west,31.45,47.16,43.28,0.1919,34.14,0.00144,33.1,healthy,0,0
2026-03-16T08:39:18.750845+00:00,device-49,firewall,datacenter-east,16.48,23.89,26.26,0.1688,40.64,0.00148,34.5,healthy,0,0
2026-03-22T23:01:18.750845+00:00,device-49,server,branch-newyork,30.93,15.25,20.97,0.2947,43.99,0.00365,30.6,healthy,0,0
2026-03-15T13:37:18.750845+00:00,device-15,switch,datacenter-central,6.29,33.59,44.94,0.0962,33.44,0.001,44.4,healthy,0,0
2026-03-21T07:27:18.750845+00:00,device-24,server,datacenter-central,12.31,15.64,28.8,0.2339,39.54,0.00326,31.1,healthy,0,0
2026-03-19T09:57:18.750845+00:00,device-11,firewall,branch-losangeles,18.54,21.72,43.12,0.0707,56.41,0.00461,46.8,healthy,0,0
2026-03-23T02:13:18.750845+00:00,device-27,server,datacenter-west,15.81,23.03,39.23,0.0934,26.04,0.00108,42.9,healthy,0,0
2026-03-20T21:39:18.750845+00:00,device-32,load_balancer,datacenter-west,17.62,26.94,6.89,0.0098,62.4,0.00129,41.0,healthy,0,0
2026-03-19T16:07:18.750845+00:00,device-49,switch,datacenter-central,16.5,60.29,28.6,0.0445,43.6,0.0044,41.2,healthy,0,0
2026-03-13T04:57:18.750845+00:00,device-06,firewall,branch-chicago,8.39,13.94,17.02,0.148,47.37,0.00369,34.6,healthy,0,0
2026-03-14T23:55:18.750845+00:00,device-29,router,branch-chicago,31.22,59.25,32.04,0.0341,54.27,0.00257,31.0,healthy,0,0
2026-03-18T15:29:18.750845+00:00,device-49,load_balancer,datacenter-central,29.87,52.26,41.91,0.2965,19.09,0.00302,46.6,healthy,0,0
2026-03-16T06:43:18.750845+00:00,device-30,server,branch-newyork,53.03,16.19,31.98,0.1507,19.15,0.0038,36.6,healthy,0,0
2026-03-18T08:37:18.750845+00:00,device-46,switch,branch-losangeles,41.27,68.68,39.44,0.1149,52.19,0.00088,30.3,healthy,0,0
2026-03-20T20:49:18.750845+00:00,device-39,firewall,branch-losangeles,53.41,31.32,26.17,0.068,50.16,6e-05,33.3,healthy,0,0
2026-03-21T22:51:18.750845+00:00,device-46,load_balancer,datacenter-west,56.1,21.69,14.36,0.0622,64.26,0.00345,31.5,healthy,0,0
2026-03-20T02:57:18.750845+00:00,device-26,router,datacenter-central,47.71,45.18,3.19,0.269,6.83,0.0027,45.9,healthy,0,0
2026-03-25T17:14:18.750845+00:00,device-28,router,branch-chicago,92.45,68.24,2721.12,16.4249,65.3,0.17693,68.8,bgp_flapping,4,1
2026-03-18T19:07:18.750845+00:00,device-39,firewall,branch-chicago,49.05,52.38,21.24,0.2458,64.39,0.00267,36.2,healthy,0,0
2026-03-21T04:19:18.750845+00:00,device-03,firewall,datacenter-east,91.19,81.58,3622.91,41.548,98.35,0.72437,65.3,ddos_attack,5,1
2026-03-15T11:59:18.750845+00:00,device-24,switch,datacenter-west,12.0,18.59,34.63,0.1482,24.0,0.00451,45.2,healthy,0,0
2026-03-22T11:11:18.750845+00:00,device-31,load_balancer,datacenter-central,33.63,37.3,9.23,0.0417,35.11,0.00356,41.3,healthy,0,0
2026-03-19T12:39:18.750845+00:00,device-40,server,branch-losangeles,13.93,57.92,11.49,0.2828,25.2,0.00235,47.0,healthy,0,0
2026-03-21T09:47:18.750845+00:00,device-40,switch,branch-newyork,40.63,53.41,10.84,0.0433,55.35,0.00098,41.6,healthy,0,0
2026-03-15T21:53:18.750845+00:00,device-49,router,datacenter-central,20.7,63.05,1.24,0.0788,29.61,0.00238,32.6,healthy,0,0
2026-03-13T13:27:18.750845+00:00,device-35,router,branch-newyork,46.27,56.87,1468.28,13.6971,55.28,0.27783,43.3,packet_loss,3,1
2026-03-14T05:24:18.750845+00:00,device-30,firewall,datacenter-east,90.86,85.08,4728.02,33.5999,95.83,0.25111,74.7,ddos_attack,5,1
2026-03-20T20:19:18.750845+00:00,device-03,firewall,datacenter-east,35.39,57.76,29.93,0.2665,44.33,0.00499,35.8,healthy,0,0
2026-03-21T21:31:18.750845+00:00,device-20,switch,datacenter-east,8.94,32.01,12.27,0.295,53.75,0.00275,35.1,healthy,0,0
2026-03-21T23:57:18.750845+00:00,device-42,server,datacenter-central,48.21,69.54,7.41,0.223,21.5,0.00488,47.3,healthy,0,0
2026-03-21T02:36:18.750845+00:00,device-35,firewall,branch-losangeles,95.14,98.39,1699.35,48.3164,96.98,0.43727,71.2,ddos_attack,5,1
2026-03-12T13:59:18.750845+00:00,device-01,switch,branch-losangeles,56.83,36.5,20.77,0.2066,29.24,0.00234,45.3,healthy,0,0
2026-03-14T00:09:18.750845+00:00,device-36,router,datacenter-west,55.95,38.42,32.07,0.1877,19.83,0.00253,37.1,healthy,0,0
2026-03-15T15:09:18.750845+00:00,device-35,load_balancer,branch-losangeles,58.41,67.76,38.98,0.1872,26.74,0.00473,49.5,healthy,0,0
2026-03-16T02:26:18.750845+00:00,device-11,load_balancer,datacenter-west,97.06,89.01,3478.6,55.5269,97.17,0.50709,82.6,ddos_attack,5,1
2026-03-13T06:41:18.750845+00:00,device-44,load_balancer,branch-losangeles,45.43,46.67,16.28,0.2121,41.27,0.00372,46.2,healthy,0,0
2026-03-13T09:41:18.750845+00:00,device-48,firewall,datacenter-central,37.08,47.5,15.01,0.0858,42.84,0.00266,30.1,healthy,0,0
2026-03-20T01:09:18.750845+00:00,device-14,server,branch-newyork,42.42,93.24,166.62,2.8383,51.32,0.09613,62.7,memory_exhaustion,2,1
2026-03-18T04:39:18.750845+00:00,device-26,firewall,branch-chicago,48.62,65.39,29.78,0.1864,55.92,0.00214,49.0,healthy,0,0
2026-03-12T11:47:18.750845+00:00,device-42,server,datacenter-east,29.97,41.94,19.42,0.1779,15.46,0.00219,38.9,healthy,0,0
2026-03-18T20:13:18.750845+00:00,device-05,firewall,branch-losangeles,42.91,36.35,3.72,0.1958,25.37,0.00191,34.6,healthy,0,0
2026-03-13T11:43:18.750845+00:00,device-16,server,datacenter-east,54.41,14.46,4.17,0.2972,47.75,0.00134,36.4,healthy,0,0
2026-03-13T21:21:18.750845+00:00,device-08,load_balancer,datacenter-central,19.41,57.27,21.18,0.1288,23.14,0.00073,48.9,healthy,0,0
2026-03-22T17:33:18.750845+00:00,device-08,server,datacenter-east,30.35,48.12,31.97,0.1967,45.72,0.00483,32.9,healthy,0,0
2026-03-13T17:47:18.750845+00:00,device-09,switch,datacenter-east,54.74,48.92,32.66,0.2482,50.93,0.00351,30.7,healthy,0,0
2026-03-15T01:35:18.750845+00:00,device-03,router,datacenter-central,35.55,38.03,13.63,0.0048,6.74,0.00293,42.1,healthy,0,0
2026-03-13T05:52:18.750845+00:00,device-37,server,branch-losangeles,67.24,98.79,187.9,3.7241,58.8,0.08055,55.5,memory_exhaustion,2,1
2026-03-24T08:26:18.750845+00:00,device-48,load_balancer,branch-chicago,90.18,86.15,2571.46,34.3532,99.59,0.73743,82.3,ddos_attack,5,1
2026-03-16T15:39:18.750845+00:00,device-35,server,branch-chicago,9.74,44.88,20.75,0.1005,7.21,0.00294,41.6,healthy,0,0
2026-03-25T00:17:18.750845+00:00,device-09,router,datacenter-east,98.54,77.52,191.38,2.678,77.15,0.01387,74.0,high_cpu,1,1
2026-03-16T22:53:18.750845+00:00,device-45,router,branch-newyork,25.0,65.32,8.27,0.2765,40.77,0.00444,37.5,healthy,0,0
2026-03-16T16:17:18.750845+00:00,device-49,router,branch-newyork,59.07,36.68,26.68,0.0315,56.23,1e-05,46.1,healthy,0,0
2026-03-20T08:05:18.750845+00:00,device-26,server,datacenter-west,47.5,69.67,26.5,0.2672,30.83,0.00314,38.7,healthy,0,0
2026-03-16T23:59:18.750845+00:00,device-11,router,datacenter-east,28.07,12.63,31.23,0.2684,12.3,0.00466,49.5,healthy,0,0
2026-03-20T09:33:18.750845+00:00,device-01,firewall,branch-chicago,33.34,28.83,3.48,0.2455,32.55,0.00349,48.9,healthy,0,0
2026-03-15T10:37:18.750845+00:00,device-13,firewall,datacenter-central,41.97,35.27,40.32,0.2563,51.53,0.00218,38.7,healthy,0,0
2026-03-13T08:19:18.750845+00:00,device-32,firewall,branch-chicago,30.55,29.21,15.16,0.1451,54.31,0.00438,41.3,healthy,0,0
2026-03-14T08:15:18.750845+00:00,device-16,server,datacenter-west,6.34,61.25,41.47,0.2343,36.76,0.00098,47.8,healthy,0,0
2026-03-15T02:37:18.750845+00:00,device-05,switch,branch-chicago,12.5,36.39,5.88,0.2417,58.13,0.00098,36.7,healthy,0,0
2026-03-20T05:03:18.750845+00:00,device-24,switch,datacenter-central,60.06,15.57,8.45,0.2614,43.88,0.00398,30.2,healthy,0,0
2026-03-22T11:43:18.750845+00:00,device-16,router,branch-newyork,32.14,12.45,29.32,0.2493,15.84,0.00361,46.7,healthy,0,0
2026-03-22T02:44:18.750845+00:00,device-27,router,branch-losangeles,85.74,85.95,968.42,31.28,60.5,0.33559,55.9,bgp_flapping,4,1
2026-03-15T21:07:18.750845+00:00,device-17,server,branch-newyork,14.91,27.56,1.04,0.1277,26.03,0.00409,36.4,healthy,0,0
2026-03-21T23:51:18.750845+00:00,device-40,firewall,datacenter-west,13.11,14.9,10.42,0.2898,7.74,0.00216,31.4,healthy,0,0
2026-03-23T06:55:18.750845+00:00,device-08,router,datacenter-central,54.51,49.83,1316.18,36.4376,30.28,0.15922,40.9,packet_loss,3,1
2026-03-12T07:13:18.750845+00:00,device-35,load_balancer,branch-newyork,20.82,31.87,17.05,0.0803,28.21,0.0024,45.9,healthy,0,0
2026-03-12T08:11:18.750845+00:00,device-42,load_balancer,branch-newyork,52.75,11.52,40.67,0.2647,43.07,0.00316,43.4,healthy,0,0
2026-03-20T19:33:18.750845+00:00,device-33,server,branch-chicago,35.84,12.59,36.59,0.0884,46.95,0.00347,42.7,healthy,0,0
2026-03-17T22:21:18.750845+00:00,device-05,switch,datacenter-east,60.86,14.32,3.8,0.147,38.36,0.00499,35.6,healthy,0,0
2026-03-14T07:35:18.750845+00:00,device-13,load_balancer,branch-chicago,61.33,27.35,41.56,0.1742,46.32,0.0003,31.6,healthy,0,0
2026-03-22T07:55:18.750845+00:00,device-07,firewall,branch-chicago,11.62,65.09,26.35,0.2094,49.55,0.00339,31.8,healthy,0,0
2026-03-16T18:35:18.750845+00:00,device-19,firewall,datacenter-east,9.84,60.22,6.19,0.1479,25.29,0.00387,42.5,healthy,0,0
2026-03-17T06:23:18.750845+00:00,device-03,server,datacenter-east,46.8,57.5,21.25,0.0953,31.54,0.00331,46.8,healthy,0,0
2026-03-17T23:43:18.750845+00:00,device-03,router,datacenter-west,63.18,56.68,17.92,0.1732,32.21,0.00416,31.8,healthy,0,0
2026-03-20T17:05:18.750845+00:00,device-21,load_balancer,branch-newyork,43.43,27.94,33.95,0.0801,12.71,0.00046,42.5,healthy,0,0
2026-03-17T04:27:18.750845+00:00,device-32,server,datacenter-west,8.32,18.13,39.93,0.0037,37.48,0.00034,41.4,healthy,0,0
2026-03-19T06:05:18.750845+00:00,device-40,switch,datacenter-central,29.22,21.48,34.3,0.0969,39.67,0.00477,38.4,healthy,0,0
2026-03-13T21:07:18.750845+00:00,device-05,server,branch-chicago,33.01,57.67,37.64,0.1906,34.61,0.00169,33.3,healthy,0,0
2026-03-16T19:01:18.750845+00:00,device-13,router,branch-chicago,9.0,38.32,19.79,0.1595,53.32,0.00216,48.9,healthy,0,0
2026-03-22T04:01:18.750845+00:00,device-27,server,branch-newyork,61.37,90.58,499.34,5.4989,52.45,0.02229,72.5,memory_exhaustion,2,1
2026-03-13T01:31:18.750845+00:00,device-28,server,datacenter-east,42.37,41.13,39.92,0.0431,60.06,0.00334,33.7,healthy,0,0
2026-03-17T06:51:18.750845+00:00,device-43,load_balancer,datacenter-east,53.42,26.81,6.5,0.0286,8.78,0.00078,42.4,healthy,0,0
2026-03-13T18:53:18.750845+00:00,device-13,server,branch-newyork,63.45,66.03,11.18,0.2236,41.16,0.00199,49.8,healthy,0,0
2026-03-16T06:11:18.750845+00:00,device-28,server,branch-chicago,29.64,44.33,2.83,0.1537,38.77,0.00259,32.6,healthy,0,0
2026-03-13T17:53:18.750845+00:00,device-23,load_balancer,branch-chicago,35.52,60.17,20.71,0.1387,27.5,0.00416,47.5,healthy,0,0
2026-03-16T18:03:18.750845+00:00,device-19,router,branch-losangeles,19.68,13.57,24.59,0.1172,15.11,0.00337,34.7,healthy,0,0
2026-03-14T22:33:18.750845+00:00,device-43,router,branch-losangeles,88.62,76.2,1899.9,21.1394,65.12,0.34341,56.3,bgp_flapping,4,1
2026-03-15T11:43:18.750845+00:00,device-13,firewall,datacenter-central,19.29,29.3,31.07,0.2731,5.43,0.00152,41.3,healthy,0,0
2026-03-18T16:21:18.750845+00:00,device-24,firewall,branch-losangeles,51.29,40.7,7.42,0.1832,36.09,0.00408,44.7,healthy,0,0
2026-03-19T04:59:18.750845+00:00,device-45,router,datacenter-west,13.35,69.3,44.37,0.001,37.52,5e-05,48.8,healthy,0,0
2026-03-22T03:23:18.750845+00:00,device-04,load_balancer,branch-losangeles,33.21,57.14,25.29,0.1633,14.16,0.00264,43.0,healthy,0,0
2026-03-23T02:59:18.750845+00:00,device-22,load_balancer,branch-losangeles,50.11,20.04,24.45,0.2467,25.22,0.00387,34.5,healthy,0,0
2026-03-18T23:39:18.750845+00:00,device-14,firewall,datacenter-west,5.14,31.12,22.97,0.2362,30.04,0.0038,39.4,healthy,0,0
2026-03-17T05:15:18.750845+00:00,device-07,router,datacenter-west,90.95,83.07,274.48,1.342,84.64,0.0152,78.6,high_cpu,1,1
2026-03-21T03:37:18.750845+00:00,device-34,router,datacenter-west,51.14,64.72,6.08,0.2772,29.61,0.0041,32.9,healthy,0,0
2026-03-19T13:19:18.750845+00:00,device-45,server,branch-chicago,35.13,63.06,26.11,0.2817,7.4,0.00251,31.0,healthy,0,0
2026-03-12T08:51:18.750845+00:00,device-50,load_balancer,datacenter-east,64.69,23.8,21.12,0.2617,50.06,0.00364,40.3,healthy,0,0
2026-03-20T11:23:18.750845+00:00,device-06,server,datacenter-central,91.07,82.39,93.92,1.9244,83.6,0.04273,64.3,high_cpu,1,1
2026-03-18T19:03:18.750845+00:00,device-04,switch,branch-newyork,66.66,95.53,286.85,6.3404,50.91,0.04562,61.9,memory_exhaustion,2,1
2026-03-12T06:15:18.750845+00:00,device-05,firewall,datacenter-west,93.07,98.73,2449.31,55.4999,95.86,0.64239,65.4,ddos_attack,5,1
2026-03-15T15:41:18.750845+00:00,device-04,router,datacenter-east,24.66,26.6,15.28,0.0773,25.04,0.00292,43.9,healthy,0,0
2026-03-25T23:09:18.750845+00:00,device-18,router,datacenter-west,22.6,55.98,1048.31,22.5354,35.64,0.07566,35.1,packet_loss,3,1
2026-03-22T15:21:18.750845+00:00,device-36,server,branch-newyork,33.89,41.23,18.3,0.2245,43.77,0.00333,41.0,healthy,0,0
2026-03-16T05:04:18.750845+00:00,device-29,router,branch-losangeles,94.28,64.15,135.39,2.1969,78.44,0.04167,63.0,high_cpu,1,1
2026-03-21T18:43:18.750845+00:00,device-30,router,branch-chicago,30.14,26.29,24.28,0.1845,48.88,0.0041,30.7,healthy,0,0
2026-03-15T00:25:18.750845+00:00,device-05,firewall,branch-chicago,30.03,16.13,16.75,0.2604,45.85,0.00375,40.7,healthy,0,0
2026-03-23T23:59:18.750845+00:00,device-33,server,branch-losangeles,85.35,69.21,98.91,1.4014,80.42,0.03218,75.8,high_cpu,1,1
2026-03-23T00:49:18.750845+00:00,device-42,server,branch-chicago,10.32,36.3,4.33,0.0089,50.13,0.00453,49.7,healthy,0,0
2026-03-21T16:26:18.750845+00:00,device-27,switch,branch-chicago,53.1,91.2,228.38,6.6276,50.9,0.06753,68.6,memory_exhaustion,2,1
2026-03-21T05:09:18.750845+00:00,device-36,load_balancer,branch-losangeles,14.92,14.34,28.31,0.2073,47.38,0.00162,48.2,healthy,0,0
2026-03-17T22:19:18.750845+00:00,device-09,router,datacenter-central,34.55,12.61,28.87,0.2142,27.73,0.00193,49.3,healthy,0,0
2026-03-16T22:15:18.750845+00:00,device-39,server,branch-losangeles,40.94,89.41,121.86,5.3943,65.47,0.02976,72.7,memory_exhaustion,2,1
2026-03-20T02:41:18.750845+00:00,device-31,router,datacenter-west,48.41,25.57,6.91,0.1513,37.75,0.0047,30.7,healthy,0,0
2026-03-13T14:45:18.750845+00:00,device-31,firewall,branch-newyork,50.28,17.76,8.47,0.028,20.44,0.00127,44.2,healthy,0,0
2026-03-20T00:31:18.750845+00:00,device-09,load_balancer,branch-chicago,43.92,33.93,23.42,0.1055,59.95,0.00388,30.4,healthy,0,0
2026-03-17T18:15:18.750845+00:00,device-23,server,datacenter-east,44.74,27.91,10.91,0.1769,23.55,0.00053,39.8,healthy,0,0
2026-03-16T12:15:18.750845+00:00,device-45,load_balancer,branch-chicago,31.97,31.88,4.81,0.2815,7.04,0.00163,38.3,healthy,0,0
2026-03-13T18:06:18.750845+00:00,device-18,server,branch-losangeles,96.24,71.16,191.85,1.1781,87.39,0.03976,71.2,high_cpu,1,1
2026-03-22T10:49:18.750845+00:00,device-17,firewall,branch-newyork,96.81,82.99,2015.44,48.9331,96.8,0.31028,74.6,ddos_attack,5,1
2026-03-13T08:25:18.750845+00:00,device-11,server,branch-losangeles,59.5,51.46,9.93,0.1742,58.63,0.00272,45.6,healthy,0,0
2026-03-18T23:41:18.750845+00:00,device-50,firewall,datacenter-east,48.19,20.53,13.59,0.1384,7.5,0.00375,41.2,healthy,0,0
2026-03-22T15:35:18.750845+00:00,device-15,firewall,branch-newyork,53.65,24.82,41.18,0.0897,18.02,0.00215,38.7,healthy,0,0
2026-03-14T22:29:18.750845+00:00,device-34,firewall,datacenter-west,5.45,56.57,22.64,0.1785,50.38,0.00152,46.8,healthy,0,0
2026-03-16T05:00:18.750845+00:00,device-08,load_balancer,branch-newyork,95.62,88.33,3356.84,58.4679,98.81,0.53124,76.3,ddos_attack,5,1
2026-03-13T02:53:18.750845+00:00,device-18,switch,branch-newyork,63.62,97.18,184.42,3.2938,73.31,0.0864,60.0,memory_exhaustion,2,1
2026-03-20T09:59:18.750845+00:00,device-02,server,datacenter-east,54.2,10.63,19.25,0.1957,22.46,0.00114,43.7,healthy,0,0
2026-03-19T03:05:18.750845+00:00,device-46,firewall,datacenter-east,62.4,65.97,28.17,0.0559,30.22,0.00338,49.2,healthy,0,0
2026-03-15T10:38:18.750845+00:00,device-38,router,datacenter-west,81.07,61.97,2029.19,30.8459,89.78,0.40356,69.0,bgp_flapping,4,1
2026-03-17T03:49:18.750845+00:00,device-23,server,branch-losangeles,26.63,43.83,35.93,0.0934,31.34,0.00284,39.3,healthy,0,0
2026-03-18T04:01:18.750845+00:00,device-43,router,branch-losangeles,80.82,87.49,2381.36,30.6474,79.86,0.43669,66.6,bgp_flapping,4,1
2026-03-22T00:31:18.750845+00:00,device-29,router,datacenter-west,57.75,30.07,11.34,0.1816,62.44,0.00311,39.5,healthy,0,0
2026-03-14T21:35:18.750845+00:00,device-12,firewall,branch-newyork,19.06,57.65,7.21,0.0171,63.09,0.00078,38.8,healthy,0,0
2026-03-13T11:25:18.750845+00:00,device-27,load_balancer,datacenter-west,21.49,66.71,44.05,0.0847,20.22,7e-05,39.0,healthy,0,0
2026-03-12T08:01:18.750845+00:00,device-04,switch,branch-chicago,54.85,65.4,24.1,0.185,63.48,0.00427,33.3,healthy,0,0
2026-03-16T05:39:18.750845+00:00,device-32,load_balancer,datacenter-west,62.6,60.76,29.74,0.0135,37.72,0.0015,46.0,healthy,0,0
2026-03-21T16:41:18.750845+00:00,device-03,firewall,datacenter-central,17.67,40.05,21.63,0.238,43.61,0.00376,43.4,healthy,0,0
2026-03-19T22:21:18.750845+00:00,device-09,switch,branch-chicago,46.31,66.76,4.47,0.2391,30.46,0.00077,36.2,healthy,0,0
2026-03-22T12:57:18.750845+00:00,device-28,switch,branch-losangeles,23.69,57.68,31.8,0.1565,6.38,0.00346,31.9,healthy,0,0
2026-03-25T12:42:18.750845+00:00,device-50,router,branch-newyork,76.94,64.81,1057.71,30.4782,62.29,0.35666,57.7,bgp_flapping,4,1
2026-03-18T10:11:18.750845+00:00,device-44,router,branch-losangeles,36.51,52.67,20.32,0.1001,46.45,0.00476,43.7,healthy,0,0
2026-03-16T21:01:18.750845+00:00,device-32,firewall,branch-losangeles,15.0,64.34,32.57,0.0161,39.18,0.00424,45.8,healthy,0,0
2026-03-19T04:13:18.750845+00:00,device-10,switch,branch-chicago,6.67,27.15,21.04,0.1738,56.16,0.00028,49.8,healthy,0,0
2026-03-15T18:47:18.750845+00:00,device-35,router,branch-losangeles,89.57,84.67,94.06,1.0084,85.27,0.04549,75.8,high_cpu,1,1
2026-03-15T08:41:18.750845+00:00,device-38,switch,datacenter-west,7.53,69.22,15.6,0.2084,44.34,0.00041,36.6,healthy,0,0
2026-03-13T08:09:18.750845+00:00,device-40,server,branch-losangeles,35.56,58.76,2.19,0.2024,30.42,0.00419,49.6,healthy,0,0
2026-03-17T07:01:18.750845+00:00,device-41,switch,datacenter-west,32.46,36.18,1438.42,12.3741,62.07,0.15893,54.0,packet_loss,3,1
2026-03-12T23:26:18.750845+00:00,device-21,router,datacenter-central,86.88,76.98,171.99,0.6539,84.17,0.01762,63.6,high_cpu,1,1
2026-03-20T18:49:18.750845+00:00,device-03,router,branch-chicago,17.74,52.96,18.19,0.2065,62.39,0.0047,30.2,healthy,0,0
2026-03-21T12:57:18.750845+00:00,device-17,firewall,datacenter-west,16.01,22.82,38.77,0.014,6.52,0.00024,38.6,healthy,0,0
2026-03-15T18:35:18.750845+00:00,device-39,firewall,branch-chicago,90.06,90.14,4890.24,27.0964,97.26,0.71446,72.0,ddos_attack,5,1
2026-03-13T03:17:18.750845+00:00,device-31,load_balancer,branch-newyork,55.4,18.29,22.58,0.0281,18.61,0.0005,48.1,healthy,0,0
2026-03-13T03:45:18.750845+00:00,device-22,load_balancer,datacenter-east,21.86,29.8,23.7,0.2104,6.18,0.00125,33.9,healthy,0,0
2026-03-13T17:07:18.750845+00:00,device-16,switch,datacenter-west,39.12,18.97,38.81,0.2531,47.06,0.00223,41.3,healthy,0,0
2026-03-15T16:21:18.750845+00:00,device-02,switch,datacenter-west,31.77,63.19,3.8,0.0806,64.93,0.00419,37.5,healthy,0,0
2026-03-19T17:49:18.750845+00:00,device-18,firewall,branch-chicago,48.43,37.7,1.75,0.1118,57.27,0.00377,35.7,healthy,0,0
2026-03-21T08:35:18.750845+00:00,device-25,server,branch-newyork,8.21,62.49,40.5,0.0703,21.4,0.00153,39.3,healthy,0,0
2026-03-17T20:51:18.750845+00:00,device-15,firewall,branch-losangeles,11.07,22.69,10.86,0.1996,9.7,0.00029,45.3,healthy,0,0
2026-03-12T20:59:18.750845+00:00,device-23,switch,branch-newyork,48.92,16.4,27.34,0.2347,60.95,0.00464,30.9,healthy,0,0
2026-03-18T20:58:18.750845+00:00,device-27,router,datacenter-central,46.33,31.49,1050.75,27.3251,34.31,0.06772,43.1,packet_loss,3,1
2026-03-16T09:15:18.750845+00:00,device-45,server,branch-newyork,23.6,27.45,21.17,0.1534,18.99,0.00141,30.8,healthy,0,0
2026-03-22T21:43:18.750845+00:00,device-02,switch,datacenter-central,50.86,40.1,23.08,0.2299,57.47,0.00058,33.5,healthy,0,0
2026-03-14T12:35:18.750845+00:00,device-19,router,datacenter-west,83.68,82.24,1177.01,32.2898,71.39,0.41061,71.5,bgp_flapping,4,1
2026-03-12T03:49:18.750845+00:00,device-40,router,datacenter-west,20.75,55.68,1387.51,16.9854,69.3,0.16533,53.5,packet_loss,3,1
2026-03-19T03:01:18.750845+00:00,device-18,firewall,branch-newyork,9.04,42.08,8.17,0.0686,46.32,0.00134,44.5,healthy,0,0
2026-03-13T17:57:18.750845+00:00,device-21,switch,branch-chicago,64.39,30.09,40.8,0.0049,35.92,0.00241,32.4,healthy,0,0
2026-03-18T17:05:18.750845+00:00,device-04,router,datacenter-central,30.88,12.27,32.23,0.0329,45.42,0.00402,48.1,healthy,0,0
2026-03-17T14:05:18.750845+00:00,device-19,load_balancer,branch-chicago,15.9,13.18,31.01,0.0678,17.92,0.0019,38.9,healthy,0,0
2026-03-14T08:47:18.750845+00:00,device-34,load_balancer,datacenter-central,9.66,13.54,41.17,0.0639,55.25,0.00016,45.7,healthy,0,0
2026-03-13T16:39:18.750845+00:00,device-31,router,branch-newyork,88.77,65.66,227.09,2.5081,86.24,0.01932,73.6,high_cpu,1,1
2026-03-21T07:25:18.750845+00:00,device-09,router,datacenter-central,8.7,38.2,28.35,0.101,60.72,0.00415,49.0,healthy,0,0
2026-03-22T15:03:18.750845+00:00,device-34,firewall,datacenter-central,10.27,52.38,41.54,0.0634,14.31,0.00333,30.6,healthy,0,0
2026-03-18T04:53:18.750845+00:00,device-05,load_balancer,branch-losangeles,64.01,55.61,38.38,0.0154,46.27,0.00058,41.6,healthy,0,0
2026-03-18T23:57:18.750845+00:00,device-05,router,branch-chicago,36.19,62.33,34.78,0.282,35.62,0.00087,39.7,healthy,0,0
2026-03-18T01:33:18.750845+00:00,device-33,router,branch-newyork,31.12,39.08,23.44,0.1282,7.71,0.00187,50.0,healthy,0,0
2026-03-13T22:29:18.750845+00:00,device-19,server,datacenter-central,14.75,47.18,27.15,0.1787,10.41,0.00363,37.5,healthy,0,0
2026-03-13T13:23:18.750845+00:00,device-14,server,datacenter-west,45.48,16.18,11.04,0.0099,34.63,0.00203,42.8,healthy,0,0
2026-03-20T14:01:18.750845+00:00,device-01,switch,branch-losangeles,45.51,36.93,30.62,0.2572,58.92,0.00044,31.9,healthy,0,0
2026-03-20T12:41:18.750845+00:00,device-32,load_balancer,datacenter-east,45.29,37.43,36.85,0.1073,50.89,0.00391,45.9,healthy,0,0
2026-03-17T23:13:18.750845+00:00,device-11,firewall,branch-chicago,27.66,23.17,22.76,0.1999,62.4,0.0016,42.9,healthy,0,0
2026-03-12T23:31:18.750845+00:00,device-34,switch,branch-newyork,11.08,11.98,12.65,0.0539,31.99,0.00492,47.4,healthy,0,0
2026-03-22T14:51:18.750845+00:00,device-14,server,branch-newyork,33.36,55.89,21.76,0.1509,37.01,0.00041,42.0,healthy,0,0
2026-03-20T04:32:18.750845+00:00,device-21,router,datacenter-east,85.72,63.66,536.58,19.3132,77.92,0.13367,64.2,bgp_flapping,4,1
2026-03-23T03:03:18.750845+00:00,device-06,switch,branch-losangeles,56.26,33.18,19.05,0.1131,40.52,0.0033,41.4,healthy,0,0
2026-03-13T00:11:18.750845+00:00,device-50,server,branch-newyork,34.11,17.45,42.41,0.0224,44.5,0.0007,39.3,healthy,0,0
2026-03-21T03:53:18.750845+00:00,device-08,router,branch-losangeles,55.88,44.46,6.28,0.0823,55.93,0.00324,42.2,healthy,0,0
2026-03-22T07:57:18.750845+00:00,device-10,firewall,datacenter-east,26.65,62.58,22.73,0.1199,6.46,0.00149,34.6,healthy,0,0
2026-03-17T00:35:18.750845+00:00,device-03,load_balancer,branch-losangeles,51.53,54.92,40.9,0.0818,8.36,0.00148,48.0,healthy,0,0
2026-03-20T00:13:18.750845+00:00,device-30,firewall,branch-losangeles,57.7,48.55,5.22,0.1611,62.77,0.00451,31.3,healthy,0,0
2026-03-18T06:17:18.750845+00:00,device-41,load_balancer,branch-chicago,53.06,26.85,9.97,0.234,31.6,0.00331,40.3,healthy,0,0
2026-03-20T05:53:18.750845+00:00,device-01,load_balancer,datacenter-central,34.36,12.87,3.7,0.258,42.94,0.00418,48.7,healthy,0,0
2026-03-20T04:59:18.750845+00:00,device-06,router,datacenter-east,20.39,49.74,41.72,0.2671,35.1,0.0025,32.7,healthy,0,0
2026-03-21T20:15:18.750845+00:00,device-30,switch,datacenter-central,13.63,37.15,6.3,0.2124,30.67,0.00461,35.9,healthy,0,0
2026-03-12T15:57:18.750845+00:00,device-45,firewall,branch-losangeles,10.39,69.77,43.67,0.2206,46.56,0.00183,32.4,healthy,0,0
2026-03-25T01:15:18.750845+00:00,device-47,router,datacenter-central,89.85,85.79,1256.92,25.7573,73.9,0.24965,64.1,bgp_flapping,4,1
2026-03-13T14:55:18.750845+00:00,device-48,firewall,branch-newyork,21.12,15.04,20.79,0.1034,63.95,0.0011,37.0,healthy,0,0
2026-03-18T05:39:18.750845+00:00,device-49,server,datacenter-central,41.13,43.73,15.33,0.1122,11.17,0.00044,48.2,healthy,0,0
2026-03-14T20:27:18.750845+00:00,device-41,router,branch-losangeles,20.28,55.7,11.76,0.0851,62.1,0.00474,37.5,healthy,0,0
2026-03-13T11:33:18.750845+00:00,device-46,router,datacenter-central,38.9,50.15,37.24,0.27,55.71,0.002,46.0,healthy,0,0
2026-03-21T12:51:18.750845+00:00,device-50,router,datacenter-central,41.86,22.64,26.3,0.2787,57.65,0.00175,34.9,healthy,0,0
2026-03-22T11:45:18.750845+00:00,device-40,router,branch-losangeles,28.12,28.59,8.32,0.1633,60.24,0.00112,37.5,healthy,0,0
2026-03-21T12:07:18.750845+00:00,device-10,router,datacenter-east,54.36,12.09,27.73,0.2149,34.58,0.00126,36.6,healthy,0,0
2026-03-15T00:19:18.750845+00:00,device-31,router,branch-newyork,7.47,65.44,22.09,0.294,22.81,0.00344,32.2,healthy,0,0
2026-03-22T01:39:18.750845+00:00,device-43,load_balancer,datacenter-central,39.05,22.79,31.8,0.27,49.15,0.00147,44.5,healthy,0,0
2026-03-17T08:17:18.750845+00:00,device-11,router,datacenter-west,92.37,77.65,137.94,2.9083,73.43,0.02191,70.8,high_cpu,1,1
2026-03-15T20:04:18.750845+00:00,device-04,router,branch-chicago,95.51,84.85,82.84,2.4731,85.98,0.04115,62.6,high_cpu,1,1
2026-03-14T11:47:18.750845+00:00,device-45,switch,branch-chicago,41.03,38.88,13.63,0.2047,29.33,0.00215,45.7,healthy,0,0
2026-03-12T02:11:18.750845+00:00,device-45,switch,branch-newyork,54.57,40.99,24.78,0.1077,26.92,0.00265,42.0,healthy,0,0
2026-03-18T09:55:18.750845+00:00,device-17,firewall,branch-losangeles,40.59,55.32,18.85,0.0627,21.53,0.00499,43.0,healthy,0,0
2026-03-18T22:41:18.750845+00:00,device-19,firewall,datacenter-central,15.48,31.23,24.42,0.2448,41.84,0.00259,47.2,healthy,0,0
2026-03-19T08:03:18.750845+00:00,device-42,switch,branch-losangeles,47.48,59.32,9.19,0.1154,43.24,0.00344,38.0,healthy,0,0
2026-03-19T11:35:18.750845+00:00,device-31,router,branch-chicago,21.38,16.04,20.9,0.1509,8.52,0.00096,33.6,healthy,0,0
2026-03-21T04:35:18.750845+00:00,device-07,load_balancer,datacenter-west,50.21,62.04,16.45,0.1311,56.53,0.0014,47.3,healthy,0,0
2026-03-18T23:03:18.750845+00:00,device-20,switch,branch-newyork,50.89,40.5,22.33,0.2273,29.76,0.00308,41.9,healthy,0,0
2026-03-16T18:39:18.750845+00:00,device-11,load_balancer,branch-losangeles,22.73,43.74,34.9,0.2303,33.55,0.00032,47.8,healthy,0,0
2026-03-15T20:59:18.750845+00:00,device-43,switch,branch-newyork,35.02,30.97,15.49,0.069,58.45,0.00198,32.3,healthy,0,0
2026-03-16T03:23:18.750845+00:00,device-09,switch,branch-losangeles,36.01,22.28,6.43,0.0723,57.75,0.00032,44.7,healthy,0,0
2026-03-17T05:23:18.750845+00:00,device-23,server,branch-losangeles,44.05,63.95,32.44,0.2291,57.54,0.00365,38.3,healthy,0,0
2026-03-23T00:03:18.750845+00:00,device-32,router,datacenter-east,24.41,28.94,4.02,0.1145,53.62,0.00103,39.4,healthy,0,0
2026-03-13T23:09:18.750845+00:00,device-19,switch,datacenter-central,36.22,17.93,2.99,0.2535,5.47,0.00015,36.6,healthy,0,0
2026-03-12T20:25:18.750845+00:00,device-28,load_balancer,branch-chicago,10.63,26.46,2.25,0.1706,44.55,0.00156,43.1,healthy,0,0
2026-03-17T00:01:18.750845+00:00,device-43,load_balancer,datacenter-central,33.8,49.57,15.86,0.1435,9.32,0.00263,38.0,healthy,0,0
2026-03-18T08:23:18.750845+00:00,device-14,server,datacenter-central,7.71,51.77,30.26,0.1348,41.18,0.0041,39.5,healthy,0,0
2026-03-21T10:21:18.750845+00:00,device-47,firewall,branch-losangeles,51.31,34.22,12.95,0.0173,41.14,8e-05,40.0,healthy,0,0
2026-03-18T05:59:18.750845+00:00,device-36,switch,datacenter-west,33.57,68.42,31.69,0.2888,14.27,0.00191,50.0,healthy,0,0
2026-03-22T07:11:18.750845+00:00,device-19,server,branch-chicago,15.37,55.57,22.18,0.262,28.44,0.00154,43.6,healthy,0,0
2026-03-18T12:29:18.750845+00:00,device-27,switch,datacenter-west,30.1,47.69,5.71,0.252,46.09,0.0033,41.3,healthy,0,0
2026-03-21T06:25:18.750845+00:00,device-28,switch,branch-chicago,11.85,11.09,42.02,0.1765,54.79,0.00045,45.6,healthy,0,0
2026-03-16T18:29:18.750845+00:00,device-10,router,branch-losangeles,77.41,66.6,1823.29,15.3719,60.84,0.42949,66.8,bgp_flapping,4,1
2026-03-17T06:49:18.750845+00:00,device-32,switch,datacenter-central,73.66,98.3,234.19,7.3852,60.6,0.08279,64.9,memory_exhaustion,2,1
2026-03-13T14:07:18.750845+00:00,device-47,firewall,datacenter-east,52.27,43.91,2.84,0.2036,44.38,0.00034,34.1,healthy,0,0
2026-03-16T17:06:18.750845+00:00,device-24,load_balancer,branch-chicago,94.03,81.32,3654.66,57.6055,99.12,0.74772,73.6,ddos_attack,5,1
2026-03-12T08:13:18.750845+00:00,device-41,server,branch-losangeles,6.81,58.69,9.59,0.2787,48.02,0.00219,46.9,healthy,0,0
2026-03-20T02:05:18.750845+00:00,device-24,firewall,branch-newyork,31.76,42.53,10.94,0.0929,52.97,0.00406,37.5,healthy,0,0
2026-03-18T13:49:18.750845+00:00,device-40,switch,datacenter-central,34.44,55.94,11.11,0.221,24.23,0.00014,49.5,healthy,0,0
2026-03-18T18:21:18.750845+00:00,device-04,load_balancer,datacenter-east,59.03,22.68,21.58,0.0551,38.97,0.00245,34.8,healthy,0,0
2026-03-12T22:01:18.750845+00:00,device-29,firewall,datacenter-central,23.09,53.84,1.32,0.0401,50.36,0.0049,37.2,healthy,0,0
2026-03-14T20:19:18.750845+00:00,device-07,switch,branch-losangeles,21.26,34.4,16.52,0.1567,20.6,0.0044,30.9,healthy,0,0
2026-03-16T15:15:18.750845+00:00,device-27,load_balancer,datacenter-central,98.93,95.97,4333.05,55.0934,97.39,0.43253,82.7,ddos_attack,5,1
2026-03-15T01:09:18.750845+00:00,device-19,router,datacenter-east,53.61,55.2,11.5,0.096,57.77,0.00234,34.1,healthy,0,0
2026-03-14T14:05:18.750845+00:00,device-42,router,branch-chicago,64.73,25.77,2.85,0.2037,32.35,0.00022,35.6,healthy,0,0
2026-03-14T09:03:18.750845+00:00,device-41,load_balancer,datacenter-west,5.9,63.92,12.02,0.2238,16.38,0.00104,32.6,healthy,0,0
2026-03-15T14:57:18.750845+00:00,device-32,router,branch-newyork,23.9,20.25,27.72,0.1091,16.44,0.00128,32.9,healthy,0,0
2026-03-13T10:59:18.750845+00:00,device-37,switch,datacenter-east,31.69,20.22,39.98,0.2135,7.32,0.00433,49.4,healthy,0,0
2026-03-12T19:15:18.750845+00:00,device-35,router,datacenter-east,22.52,25.58,13.94,0.1138,12.2,0.00281,48.7,healthy,0,0
2026-03-16T21:55:18.750845+00:00,device-39,router,datacenter-central,87.35,73.86,160.99,2.8354,77.12,0.038,71.9,high_cpu,1,1
2026-03-17T22:33:18.750845+00:00,device-18,load_balancer,branch-newyork,18.27,62.78,12.2,0.2084,36.33,0.00147,31.9,healthy,0,0
2026-03-20T20:25:18.750845+00:00,device-24,switch,branch-losangeles,27.57,37.4,10.16,0.2268,27.02,0.0021,41.0,healthy,0,0
2026-03-22T14:20:18.750845+00:00,device-19,router,branch-chicago,42.97,32.39,815.96,30.9465,57.14,0.16143,43.8,packet_loss,3,1
2026-03-16T13:25:18.750845+00:00,device-19,firewall,datacenter-central,30.47,17.26,11.21,0.2988,16.93,0.00232,31.4,healthy,0,0
2026-03-12T12:11:18.750845+00:00,device-23,load_balancer,branch-chicago,37.65,56.49,32.14,0.2376,44.23,7e-05,47.0,healthy,0,0
2026-03-18T19:37:18.750845+00:00,device-24,server,branch-losangeles,52.79,12.98,32.21,0.0863,58.59,0.00159,47.2,healthy,0,0
2026-03-17T00:21:18.750845+00:00,device-15,load_balancer,branch-losangeles,11.83,11.21,31.83,0.0879,59.02,0.0035,32.8,healthy,0,0
2026-03-19T20:37:18.750845+00:00,device-11,server,datacenter-west,94.14,76.13,221.38,2.6922,73.11,0.03849,63.4,high_cpu,1,1
2026-03-18T13:29:18.750845+00:00,device-37,switch,datacenter-west,25.89,59.58,772.77,33.3287,53.9,0.23063,50.5,packet_loss,3,1
2026-03-19T04:37:18.750845+00:00,device-22,switch,branch-chicago,17.12,32.07,40.99,0.103,12.01,0.00366,44.8,healthy,0,0
2026-03-22T17:25:18.750845+00:00,device-24,switch,datacenter-east,52.65,57.19,25.69,0.0462,42.61,0.00487,49.4,healthy,0,0
2026-03-13T22:07:18.750845+00:00,device-38,firewall,datacenter-west,44.78,68.95,36.83,0.0659,34.01,0.00496,46.7,healthy,0,0
2026-03-12T19:33:18.750845+00:00,device-44,switch,branch-losangeles,57.59,67.09,41.37,0.057,33.65,0.00025,46.4,healthy,0,0
2026-03-24T13:16:18.750845+00:00,device-07,firewall,datacenter-east,97.42,95.36,1142.76,34.3566,97.44,0.78996,73.2,ddos_attack,5,1
2026-03-16T11:57:18.750845+00:00,device-47,firewall,datacenter-west,20.17,34.12,2.68,0.2688,60.79,0.0008,40.5,healthy,0,0
2026-03-20T12:57:18.750845+00:00,device-33,router,datacenter-central,45.14,22.88,41.65,0.1588,17.78,0.0007,45.9,healthy,0,0
2026-03-19T00:05:18.750845+00:00,device-38,switch,branch-newyork,57.57,91.48,441.48,5.1146,69.07,0.06305,65.3,memory_exhaustion,2,1
2026-03-20T05:55:18.750845+00:00,device-27,router,branch-newyork,41.48,29.77,36.94,0.2598,60.07,0.00139,43.2,healthy,0,0
2026-03-13T02:59:18.750845+00:00,device-35,load_balancer,branch-newyork,62.21,37.59,19.31,0.2012,28.41,0.00463,35.5,healthy,0,0
2026-03-14T11:35:18.750845+00:00,device-31,load_balancer,branch-chicago,48.02,55.39,23.59,0.1293,20.72,0.00092,49.2,healthy,0,0
2026-03-16T16:57:18.750845+00:00,device-11,router,branch-newyork,25.36,52.08,18.88,0.1168,44.86,0.00338,41.0,healthy,0,0
2026-03-16T06:07:18.750845+00:00,device-24,router,branch-losangeles,97.53,83.96,188.83,1.0176,81.91,0.0257,68.6,high_cpu,1,1
2026-03-17T03:51:18.750845+00:00,device-25,load_balancer,branch-losangeles,25.1,29.05,23.17,0.1184,37.99,0.00237,42.3,healthy,0,0
2026-03-12T21:35:18.750845+00:00,device-36,switch,datacenter-central,41.54,47.06,44.3,0.2702,63.08,0.00126,36.2,healthy,0,0
2026-03-12T23:41:18.750845+00:00,device-24,router,datacenter-east,9.86,68.43,2.77,0.0058,16.15,0.00219,48.0,healthy,0,0
2026-03-21T05:43:18.750845+00:00,device-29,router,branch-newyork,36.91,56.49,6.6,0.0532,12.18,0.00432,48.7,healthy,0,0
2026-03-20T13:35:18.750845+00:00,device-49,firewall,datacenter-west,61.51,17.48,15.34,0.03,15.79,0.00179,44.0,healthy,0,0
2026-03-12T03:35:18.750845+00:00,device-18,server,datacenter-east,64.2,28.48,44.9,0.2417,11.03,0.00038,41.7,healthy,0,0
2026-03-16T06:25:18.750845+00:00,device-24,switch,branch-newyork,20.72,34.87,559.71,18.1103,44.8,0.14762,36.4,packet_loss,3,1
2026-03-15T01:33:18.750845+00:00,device-42,firewall,branch-chicago,50.33,46.27,28.38,0.1391,25.98,0.00171,49.9,healthy,0,0
2026-03-25T08:27:18.750845+00:00,device-42,load_balancer,datacenter-west,91.81,86.27,1645.87,53.1703,99.99,0.48884,66.6,ddos_attack,5,1
2026-03-22T22:27:18.750845+00:00,device-47,firewall,datacenter-west,51.52,20.31,21.83,0.1371,58.52,0.00299,36.3,healthy,0,0
2026-03-21T15:25:18.750845+00:00,device-30,load_balancer,datacenter-west,52.73,53.39,31.37,0.1483,56.13,0.0018,46.9,healthy,0,0
2026-03-16T06:50:18.750845+00:00,device-35,server,datacenter-west,88.63,70.44,99.09,1.7755,72.13,0.0231,67.9,high_cpu,1,1
2026-03-19T05:09:18.750845+00:00,device-37,switch,branch-losangeles,10.32,58.69,6.17,0.0296,30.4,0.00262,33.3,healthy,0,0
2026-03-14T21:59:18.750845+00:00,device-43,router,branch-chicago,17.55,66.73,2.95,0.1206,19.45,0.00364,49.8,healthy,0,0
2026-03-14T12:35:18.750845+00:00,device-36,firewall,branch-newyork,41.83,43.09,16.68,0.1397,49.75,0.00352,49.0,healthy,0,0
2026-03-12T07:53:18.750845+00:00,device-20,switch,branch-chicago,41.09,43.86,28.64,0.1565,60.48,0.0003,39.2,healthy,0,0
2026-03-19T00:11:18.750845+00:00,device-27,server,datacenter-west,28.71,37.0,37.45,0.2135,17.01,0.001,45.9,healthy,0,0
2026-03-13T07:09:18.750845+00:00,device-16,load_balancer,datacenter-central,51.21,34.18,39.56,0.2668,60.34,0.00283,47.0,healthy,0,0
2026-03-22T02:05:18.750845+00:00,device-13,server,branch-newyork,30.12,60.11,22.22,0.1513,40.76,0.00126,39.5,healthy,0,0
2026-03-19T10:09:18.750845+00:00,device-31,server,branch-chicago,53.53,47.89,24.53,0.0605,27.05,0.00389,38.8,healthy,0,0
2026-03-12T13:27:18.750845+00:00,device-15,firewall,datacenter-west,26.12,64.37,10.02,0.1137,39.3,0.0005,37.3,healthy,0,0
2026-03-15T01:33:18.750845+00:00,device-21,switch,datacenter-west,54.73,91.58,299.28,2.544,70.95,0.05793,60.1,memory_exhaustion,2,1
2026-03-15T20:27:18.750845+00:00,device-43,switch,branch-losangeles,49.73,61.79,17.23,0.0677,16.05,0.00427,32.5,healthy,0,0
2026-03-17T18:13:18.750845+00:00,device-23,switch,branch-newyork,26.59,15.96,33.17,0.1583,60.76,0.00127,38.9,healthy,0,0
2026-03-17T00:53:18.750845+00:00,device-24,router,datacenter-central,21.58,57.54,14.22,0.0886,59.95,0.0021,49.2,healthy,0,0
2026-03-13T21:49:18.750845+00:00,device-15,router,branch-chicago,62.62,14.12,8.16,0.1576,18.87,0.00461,41.8,healthy,0,0
2026-03-15T15:17:18.750845+00:00,device-03,firewall,branch-newyork,49.68,33.59,41.42,0.174,46.91,0.00121,48.9,healthy,0,0
2026-03-19T16:21:18.750845+00:00,device-13,router,branch-chicago,46.54,35.0,1442.63,10.4633,69.14,0.0874,45.2,packet_loss,3,1
2026-03-15T16:11:18.750845+00:00,device-38,switch,datacenter-east,9.82,11.63,28.43,0.2787,10.97,0.00012,49.0,healthy,0,0
2026-03-19T02:43:18.750845+00:00,device-05,server,branch-chicago,37.41,40.82,42.17,0.0093,63.63,0.00037,38.4,healthy,0,0
2026-03-19T05:39:18.750845+00:00,device-01,load_balancer,branch-newyork,32.86,34.11,40.7,0.1723,52.62,0.00412,49.2,healthy,0,0
2026-03-12T17:27:18.750845+00:00,device-13,firewall,branch-newyork,54.78,19.97,38.81,0.1292,41.54,0.00093,40.2,healthy,0,0
2026-03-20T13:30:18.750845+00:00,device-25,switch,branch-newyork,42.73,30.79,794.04,33.6429,36.39,0.09373,49.9,packet_loss,3,1
2026-03-16T17:29:18.750845+00:00,device-02,server,branch-chicago,15.6,29.18,40.25,0.1012,44.02,0.00351,46.7,healthy,0,0
2026-03-13T03:31:18.750845+00:00,device-15,server,branch-chicago,54.82,26.68,3.53,0.2957,12.6,0.00263,46.7,healthy,0,0
2026-03-19T00:05:18.750845+00:00,device-12,firewall,branch-newyork,62.75,45.0,9.66,0.0502,10.19,0.00493,32.3,healthy,0,0
2026-03-12T23:57:18.750845+00:00,device-46,switch,branch-newyork,23.86,23.52,13.09,0.2279,12.72,0.00328,45.1,healthy,0,0
2026-03-21T05:22:18.750845+00:00,device-29,router,branch-newyork,40.66,43.48,1916.86,25.2278,40.46,0.12573,37.8,packet_loss,3,1
2026-03-14T15:29:18.750845+00:00,device-25,switch,branch-newyork,50.05,50.73,4.22,0.2921,15.88,0.0023,34.8,healthy,0,0
2026-03-19T01:27:18.750845+00:00,device-27,server,branch-newyork,54.05,69.86,41.57,0.1781,16.03,0.00299,31.2,healthy,0,0
2026-03-14T22:59:18.750845+00:00,device-04,router,datacenter-central,48.8,48.88,15.36,0.1612,11.83,9e-05,43.2,healthy,0,0
2026-03-20T00:11:18.750845+00:00,device-19,firewall,datacenter-east,22.33,66.75,20.91,0.1243,44.89,0.00496,38.2,healthy,0,0
2026-03-22T08:49:18.750845+00:00,device-45,load_balancer,branch-losangeles,9.89,11.31,22.88,0.2564,6.05,0.00488,37.7,healthy,0,0
2026-03-23T12:24:18.750845+00:00,device-45,router,datacenter-west,93.38,65.49,196.38,2.6834,74.28,0.0425,71.0,high_cpu,1,1
2026-03-19T12:25:18.750845+00:00,device-04,firewall,branch-chicago,39.96,10.91,24.8,0.2066,55.45,0.00213,47.1,healthy,0,0
2026-03-15T20:51:18.750845+00:00,device-05,router,datacenter-east,41.86,52.11,38.5,0.2625,27.56,0.0036,48.4,healthy,0,0
2026-03-25T08:58:18.750845+00:00,device-02,server,datacenter-east,85.58,64.31,148.54,2.4797,73.54,0.04535,75.3,high_cpu,1,1
2026-03-16T12:05:18.750845+00:00,device-42,switch,datacenter-central,46.88,65.71,23.71,0.0843,51.38,0.00173,38.2,healthy,0,0
2026-03-12T19:35:18.750845+00:00,device-14,server,branch-chicago,48.62,49.3,36.87,0.2503,26.04,0.00327,45.9,healthy,0,0
2026-03-13T20:05:18.750845+00:00,device-22,server,datacenter-east,16.46,18.78,12.08,0.2019,25.93,0.00457,35.4,healthy,0,0
2026-03-16T19:15:18.750845+00:00,device-43,server,datacenter-central,24.84,60.43,36.14,0.2622,46.21,0.00425,45.8,healthy,0,0
2026-03-22T09:03:18.750845+00:00,device-50,load_balancer,datacenter-central,43.11,12.6,4.29,0.0027,11.12,0.0045,33.6,healthy,0,0
2026-03-12T21:18:18.750845+00:00,device-25,router,branch-newyork,94.91,89.13,2244.59,33.6307,60.51,0.49052,60.1,bgp_flapping,4,1
2026-03-14T22:17:18.750845+00:00,device-47,firewall,branch-losangeles,26.24,27.32,5.92,0.2569,25.25,0.00395,41.1,healthy,0,0
2026-03-13T10:55:18.750845+00:00,device-14,switch,branch-newyork,57.55,52.9,25.09,0.1774,42.78,0.00483,34.5,healthy,0,0
2026-03-21T16:43:18.750845+00:00,device-27,server,branch-newyork,33.28,41.86,34.66,0.0667,43.94,0.00326,44.0,healthy,0,0
2026-03-16T02:33:18.750845+00:00,device-42,router,datacenter-west,5.82,43.59,40.15,0.1353,11.28,0.00335,42.6,healthy,0,0
2026-03-14T17:45:18.750845+00:00,device-04,server,branch-newyork,44.88,14.71,21.28,0.143,16.8,0.00139,40.0,healthy,0,0
2026-03-17T12:26:18.750845+00:00,device-27,load_balancer,branch-losangeles,98.96,88.07,4314.31,50.5328,97.97,0.65541,70.8,ddos_attack,5,1
2026-03-19T05:21:18.750845+00:00,device-43,router,branch-chicago,53.63,29.77,12.99,0.2555,61.32,0.00493,46.5,healthy,0,0
2026-03-18T12:38:18.750845+00:00,device-28,firewall,datacenter-east,95.72,87.08,4761.23,22.7299,96.96,0.77727,74.3,ddos_attack,5,1
2026-03-14T10:05:18.750845+00:00,device-08,router,branch-newyork,60.39,15.47,8.57,0.167,32.87,0.00064,43.9,healthy,0,0
2026-03-14T17:51:18.750845+00:00,device-29,server,branch-newyork,58.31,60.55,36.65,0.1287,62.9,0.00446,40.9,healthy,0,0
2026-03-15T23:35:18.750845+00:00,device-25,router,datacenter-central,45.58,61.48,11.88,0.2799,56.21,0.00159,33.2,healthy,0,0
2026-03-23T14:39:18.750845+00:00,device-11,server,branch-losangeles,97.61,67.52,271.81,0.5231,71.94,0.03555,78.4,high_cpu,1,1
2026-03-19T02:47:18.750845+00:00,device-28,server,datacenter-east,64.29,28.27,43.38,0.0487,20.35,0.00497,33.8,healthy,0,0
2026-03-21T06:38:18.750845+00:00,device-21,router,datacenter-west,40.71,25.21,1355.23,27.9185,53.85,0.07493,45.0,packet_loss,3,1
2026-03-21T06:19:18.750845+00:00,device-38,server,branch-newyork,51.44,20.65,13.93,0.1737,42.52,0.00411,38.4,healthy,0,0
2026-03-19T04:19:18.750845+00:00,device-46,router,datacenter-west,41.09,22.92,39.34,0.2717,31.89,0.00043,47.3,healthy,0,0
2026-03-18T22:35:18.750845+00:00,device-03,firewall,branch-newyork,90.1,81.33,1184.96,47.8755,99.96,0.70502,79.1,ddos_attack,5,1
2026-03-25T19:43:18.750845+00:00,device-47,server,branch-losangeles,64.55,96.29,432.0,6.4134,76.93,0.03083,58.6,memory_exhaustion,2,1
2026-03-15T05:12:18.750845+00:00,device-21,load_balancer,branch-losangeles,97.09,84.75,2907.49,44.6554,99.6,0.49645,70.3,ddos_attack,5,1
2026-03-21T04:15:18.750845+00:00,device-23,load_balancer,branch-newyork,33.58,43.05,43.91,0.0376,45.42,0.00033,32.9,healthy,0,0
2026-03-13T06:49:18.750845+00:00,device-17,router,branch-chicago,41.01,21.98,1.92,0.0768,33.36,0.00475,33.0,healthy,0,0
2026-03-13T08:57:18.750845+00:00,device-13,server,datacenter-east,23.81,48.15,24.51,0.1264,41.0,0.00377,48.1,healthy,0,0
2026-03-20T00:09:18.750845+00:00,device-07,firewall,branch-newyork,36.77,17.08,39.17,0.2026,6.85,0.00368,32.0,healthy,0,0
2026-03-21T10:57:18.750845+00:00,device-21,router,branch-chicago,41.62,27.04,11.73,0.2214,44.85,0.00109,41.0,healthy,0,0
2026-03-16T05:53:18.750845+00:00,device-44,load_balancer,datacenter-central,22.45,25.77,41.14,0.0114,18.74,0.00352,40.9,healthy,0,0
2026-03-21T16:19:18.750845+00:00,device-06,load_balancer,branch-chicago,62.45,61.99,17.72,0.0235,13.72,0.00137,30.2,healthy,0,0
2026-03-13T19:55:18.750845+00:00,device-16,server,branch-newyork,54.01,40.71,3.03,0.2774,15.76,0.00471,45.4,healthy,0,0
2026-03-17T18:25:18.750845+00:00,device-07,firewall,branch-newyork,44.86,65.58,7.3,0.0472,9.24,0.00159,39.6,healthy,0,0
2026-03-18T23:08:18.750845+00:00,device-16,router,datacenter-west,29.2,24.28,1980.04,29.7445,35.74,0.23954,47.1,packet_loss,3,1
2026-03-17T12:01:18.750845+00:00,device-09,load_balancer,datacenter-east,53.63,40.47,10.82,0.0158,23.69,0.0002,44.3,healthy,0,0
2026-03-18T14:13:18.750845+00:00,device-35,server,datacenter-west,54.97,41.82,30.4,0.1745,18.95,0.00341,45.6,healthy,0,0
2026-03-18T15:29:18.750845+00:00,device-14,router,datacenter-east,74.12,61.34,1208.77,24.9393,63.29,0.33079,73.3,bgp_flapping,4,1
2026-03-17T04:45:18.750845+00:00,device-03,server,datacenter-east,13.37,48.92,17.44,0.1837,64.72,0.00265,32.6,healthy,0,0
2026-03-12T04:17:18.750845+00:00,device-47,load_balancer,branch-chicago,12.01,29.06,1.05,0.2146,18.25,0.00188,32.3,healthy,0,0
2026-03-13T10:17:18.750845+00:00,device-09,switch,datacenter-west,49.94,24.87,1.72,0.246,35.53,0.00136,42.0,healthy,0,0
2026-03-13T21:15:18.750845+00:00,device-04,load_balancer,branch-losangeles,37.97,35.81,17.02,0.0373,40.01,0.00096,44.3,healthy,0,0
2026-03-16T13:09:18.750845+00:00,device-35,switch,branch-losangeles,50.51,62.87,36.59,0.05,45.19,0.00275,42.2,healthy,0,0
2026-03-22T04:23:18.750845+00:00,device-39,switch,branch-losangeles,19.51,56.68,31.0,0.1003,58.85,0.00087,47.0,healthy,0,0
2026-03-21T10:51:18.750845+00:00,device-13,load_balancer,datacenter-east,59.14,35.99,27.65,0.2593,48.59,0.0039,43.4,healthy,0,0
2026-03-15T20:17:18.750845+00:00,device-30,switch,branch-newyork,22.39,29.84,1690.08,36.3151,42.44,0.10288,37.7,packet_loss,3,1
2026-03-16T03:19:18.750845+00:00,device-24,switch,branch-chicago,10.57,54.11,17.58,0.1794,11.82,0.00251,31.2,healthy,0,0
2026-03-14T12:41:18.750845+00:00,device-23,server,branch-chicago,11.07,10.9,34.67,0.0995,64.37,0.00021,43.2,healthy,0,0
2026-03-20T10:05:18.750845+00:00,device-50,load_balancer,datacenter-east,60.84,19.39,44.01,0.2214,13.71,0.0048,33.3,healthy,0,0
2026-03-14T06:09:18.750845+00:00,device-37,firewall,branch-chicago,54.08,69.69,23.42,0.2588,60.68,0.0032,47.6,healthy,0,0
2026-03-22T17:23:18.750845+00:00,device-13,load_balancer,datacenter-central,33.83,64.3,42.37,0.015,46.62,0.00291,49.3,healthy,0,0
2026-03-23T03:49:18.750845+00:00,device-21,server,datacenter-central,37.73,15.84,8.61,0.232,30.88,0.00222,40.3,healthy,0,0
2026-03-20T15:25:18.750845+00:00,device-04,router,datacenter-central,84.19,76.91,2618.16,28.3321,72.45,0.16558,74.1,bgp_flapping,4,1
2026-03-21T09:29:18.750845+00:00,device-12,server,datacenter-central,38.34,52.04,43.67,0.1154,57.67,0.00266,36.8,healthy,0,0
2026-03-18T20:17:18.750845+00:00,device-17,load_balancer,branch-chicago,51.15,62.64,2.13,0.0276,57.91,0.00073,45.3,healthy,0,0
2026-03-21T09:55:18.750845+00:00,device-31,router,datacenter-east,77.05,77.81,2949.07,23.8801,72.21,0.32491,73.4,bgp_flapping,4,1
2026-03-21T16:29:18.750845+00:00,device-09,router,branch-newyork,54.75,58.0,2.3,0.2443,53.49,0.00345,38.5,healthy,0,0
2026-03-13T08:43:18.750845+00:00,device-15,server,branch-newyork,36.41,22.53,20.23,0.1675,28.54,0.00022,49.8,healthy,0,0
2026-03-12T09:23:18.750845+00:00,device-18,server,branch-chicago,18.02,22.34,19.24,0.0527,29.71,0.00259,43.9,healthy,0,0
2026-03-12T06:57:18.750845+00:00,device-14,router,branch-losangeles,56.03,14.01,13.37,0.024,25.71,0.00349,31.4,healthy,0,0
2026-03-21T09:21:18.750845+00:00,device-26,load_balancer,branch-losangeles,16.52,30.79,15.97,0.0086,39.57,0.00166,30.3,healthy,0,0
2026-03-21T04:48:18.750845+00:00,device-39,server,branch-newyork,98.57,68.13,262.23,2.7866,70.98,0.01034,62.2,high_cpu,1,1
2026-03-20T16:29:18.750845+00:00,device-48,firewall,branch-losangeles,13.3,35.38,32.74,0.1697,6.07,0.0013,44.9,healthy,0,0
2026-03-15T23:51:18.750845+00:00,device-09,router,branch-newyork,62.67,49.24,44.0,0.2374,43.68,0.00419,43.0,healthy,0,0
2026-03-13T07:19:18.750845+00:00,device-24,load_balancer,datacenter-east,60.79,31.07,16.15,0.1695,54.61,0.00445,31.7,healthy,0,0
2026-03-20T19:51:18.750845+00:00,device-20,load_balancer,branch-losangeles,5.7,20.68,6.34,0.1563,43.86,0.00095,44.3,healthy,0,0
2026-03-17T20:21:18.750845+00:00,device-47,switch,branch-losangeles,66.79,93.33,327.47,7.5876,73.07,0.0269,68.9,memory_exhaustion,2,1
2026-03-22T01:25:18.750845+00:00,device-31,switch,datacenter-central,30.38,56.37,5.21,0.1253,9.03,0.00106,46.8,healthy,0,0
2026-03-21T03:39:18.750845+00:00,device-22,router,branch-newyork,41.88,58.74,17.12,0.1137,27.91,0.00279,49.1,healthy,0,0
2026-03-12T08:07:18.750845+00:00,device-50,switch,branch-chicago,14.23,48.53,10.7,0.2614,17.59,0.00343,37.6,healthy,0,0
2026-03-16T19:29:18.750845+00:00,device-37,router,branch-newyork,35.84,40.38,42.15,0.2531,17.93,0.00173,35.2,healthy,0,0
2026-03-12T15:41:18.750845+00:00,device-33,router,branch-chicago,47.48,16.65,40.29,0.2987,60.44,0.00224,38.3,healthy,0,0
2026-03-16T09:19:18.750845+00:00,device-34,router,datacenter-east,89.48,75.47,2763.53,33.2174,71.53,0.45766,61.5,bgp_flapping,4,1
2026-03-14T06:51:18.750845+00:00,device-09,switch,branch-newyork,57.94,69.89,44.55,0.1994,47.39,0.00091,37.1,healthy,0,0
2026-03-13T14:31:18.750845+00:00,device-40,router,datacenter-west,25.84,46.29,40.63,0.1106,59.57,0.00046,39.0,healthy,0,0
2026-03-13T21:56:18.750845+00:00,device-41,firewall,branch-chicago,93.54,80.49,1732.4,37.084,95.51,0.33481,76.7,ddos_attack,5,1
2026-03-19T16:37:18.750845+00:00,device-37,router,branch-losangeles,31.74,36.86,18.82,0.2576,43.39,0.00095,39.0,healthy,0,0
2026-03-22T09:21:18.750845+00:00,device-35,switch,branch-chicago,45.06,38.23,21.48,0.0879,28.7,0.00222,47.3,healthy,0,0
2026-03-12T12:50:18.750845+00:00,device-07,router,branch-losangeles,73.5,75.18,826.93,19.9278,93.27,0.39763,74.8,bgp_flapping,4,1
2026-03-14T13:05:18.750845+00:00,device-26,load_balancer,datacenter-west,36.12,37.88,27.16,0.0956,62.97,0.00399,43.0,healthy,0,0
2026-03-21T22:13:18.750845+00:00,device-22,server,branch-losangeles,64.15,44.7,38.3,0.1962,53.08,0.00192,39.2,healthy,0,0
2026-03-17T07:11:18.750845+00:00,device-24,load_balancer,branch-losangeles,24.31,10.66,18.11,0.0179,15.77,0.00363,30.5,healthy,0,0
2026-03-17T17:50:18.750845+00:00,device-34,server,datacenter-west,94.68,66.61,199.5,1.9164,88.51,0.04433,79.9,high_cpu,1,1
2026-03-13T06:05:18.750845+00:00,device-37,load_balancer,branch-chicago,33.03,69.4,10.66,0.0507,20.82,0.00069,47.0,healthy,0,0
2026-03-13T02:23:18.750845+00:00,device-22,load_balancer,branch-chicago,58.34,26.52,43.82,0.1828,50.69,0.00264,30.6,healthy,0,0
2026-03-23T02:27:18.750845+00:00,device-43,load_balancer,datacenter-east,8.85,26.9,11.05,0.2142,44.75,0.00389,38.9,healthy,0,0
2026-03-13T15:03:18.750845+00:00,device-41,load_balancer,branch-chicago,61.79,24.26,4.38,0.0819,61.0,0.00296,34.2,healthy,0,0
2026-03-15T04:17:18.750845+00:00,device-50,server,datacenter-central,21.04,15.23,41.43,0.1637,53.15,0.00267,31.9,healthy,0,0
2026-03-19T23:37:18.750845+00:00,device-33,firewall,datacenter-central,47.9,58.11,16.36,0.1387,48.42,0.00153,44.0,healthy,0,0
2026-03-14T18:05:18.750845+00:00,device-09,switch,datacenter-central,48.12,61.36,34.06,0.1466,45.53,0.00263,38.2,healthy,0,0
2026-03-22T07:39:18.750845+00:00,device-31,switch,branch-chicago,34.49,57.23,4.64,0.11,17.67,0.00225,38.9,healthy,0,0
2026-03-22T01:51:18.750845+00:00,device-31,load_balancer,branch-chicago,52.0,36.73,31.03,0.0958,55.52,0.00055,47.5,healthy,0,0
2026-03-18T07:00:18.750845+00:00,device-36,router,datacenter-central,48.96,55.55,1842.98,31.1291,38.24,0.16597,47.4,packet_loss,3,1
2026-03-22T05:15:18.750845+00:00,device-34,firewall,branch-chicago,37.02,38.99,36.82,0.0079,53.23,0.00058,34.8,healthy,0,0
2026-03-16T12:41:18.750845+00:00,device-42,firewall,branch-newyork,33.53,46.39,4.49,0.0373,17.43,0.00375,43.1,healthy,0,0
2026-03-19T07:35:18.750845+00:00,device-12,switch,branch-losangeles,35.06,10.18,7.45,0.0268,16.9,0.00188,40.7,healthy,0,0
2026-03-17T04:26:18.750845+00:00,device-21,server,branch-chicago,96.29,73.45,143.24,1.2617,88.03,0.01247,61.2,high_cpu,1,1
2026-03-15T18:37:18.750845+00:00,device-02,load_balancer,branch-chicago,62.98,35.63,29.95,0.1081,16.16,0.0026,44.5,healthy,0,0
2026-03-20T14:45:18.750845+00:00,device-05,router,branch-newyork,49.28,31.2,1930.32,35.0583,35.6,0.25059,37.6,packet_loss,3,1
2026-03-19T00:53:18.750845+00:00,device-17,firewall,branch-newyork,37.05,14.9,3.07,0.1836,22.24,0.00121,31.6,healthy,0,0
2026-03-14T09:15:18.750845+00:00,device-11,router,branch-chicago,50.18,67.6,32.96,0.0079,23.47,0.00136,42.3,healthy,0,0
2026-03-20T12:51:18.750845+00:00,device-07,router,datacenter-west,63.19,59.54,35.83,0.2955,45.64,0.00387,40.2,healthy,0,0
2026-03-18T22:57:18.750845+00:00,device-43,server,branch-losangeles,9.19,38.23,39.22,0.2365,11.12,0.00068,31.2,healthy,0,0
2026-03-18T04:47:18.750845+00:00,device-39,load_balancer,datacenter-east,55.35,31.95,22.29,0.0915,64.79,0.0049,36.6,healthy,0,0
2026-03-16T15:19:18.750845+00:00,device-36,switch,datacenter-west,60.71,30.53,41.45,0.1694,6.54,0.00351,31.1,healthy,0,0
2026-03-21T22:55:18.750845+00:00,device-38,firewall,datacenter-west,17.01,59.49,29.49,0.1644,26.77,0.0015,42.7,healthy,0,0
2026-03-20T20:58:18.750845+00:00,device-05,router,branch-chicago,77.1,62.2,2188.66,16.2545,86.47,0.37564,69.8,bgp_flapping,4,1
2026-03-22T20:43:18.750845+00:00,device-46,firewall,branch-chicago,63.29,69.17,22.01,0.1197,17.29,0.00097,34.1,healthy,0,0
2026-03-16T22:45:18.750845+00:00,device-36,server,branch-newyork,17.63,53.83,17.05,0.0832,30.5,0.00279,39.4,healthy,0,0
2026-03-20T04:39:18.750845+00:00,device-15,firewall,branch-newyork,7.27,48.18,20.5,0.1763,37.51,0.00254,37.2,healthy,0,0
2026-03-18T22:31:18.750845+00:00,device-20,switch,datacenter-west,37.07,38.18,8.08,0.2565,33.18,0.00359,39.2,healthy,0,0
2026-03-16T01:32:18.750845+00:00,device-12,load_balancer,datacenter-west,98.58,85.63,3707.02,44.8437,96.75,0.30399,75.8,ddos_attack,5,1
2026-03-22T14:29:18.750845+00:00,device-13,router,branch-newyork,46.93,54.9,43.33,0.1946,39.15,0.0021,31.6,healthy,0,0
2026-03-22T13:29:18.750845+00:00,device-07,server,datacenter-central,7.52,61.89,31.83,0.1459,14.27,0.00166,35.7,healthy,0,0
2026-03-15T15:43:18.750845+00:00,device-27,server,datacenter-east,36.91,60.94,12.57,0.1626,39.9,0.00198,47.1,healthy,0,0
2026-03-20T10:31:18.750845+00:00,device-12,load_balancer,datacenter-central,14.27,13.08,41.02,0.2285,23.72,3e-05,45.4,healthy,0,0
2026-03-15T06:23:18.750845+00:00,device-04,server,datacenter-east,46.19,90.39,482.4,6.3671,61.96,0.09484,64.9,memory_exhaustion,2,1
2026-03-16T14:17:18.750845+00:00,device-34,firewall,datacenter-west,10.49,11.98,29.42,0.1913,38.9,0.00265,47.5,healthy,0,0
2026-03-17T06:41:18.750845+00:00,device-18,switch,datacenter-central,25.3,23.3,1456.73,28.8093,47.64,0.10097,48.6,packet_loss,3,1
2026-03-12T11:43:18.750845+00:00,device-02,switch,branch-newyork,46.11,62.91,1.43,0.0652,35.36,0.001,37.8,healthy,0,0
2026-03-14T23:25:18.750845+00:00,device-31,router,branch-chicago,82.05,78.46,533.35,30.5179,88.3,0.23486,71.2,bgp_flapping,4,1
2026-03-22T02:24:18.750845+00:00,device-16,switch,datacenter-east,59.31,91.72,246.32,7.6299,77.59,0.04946,71.8,memory_exhaustion,2,1
2026-03-12T20:27:18.750845+00:00,device-42,firewall,datacenter-central,93.37,91.38,1847.01,57.6287,98.32,0.38041,69.1,ddos_attack,5,1
2026-03-18T09:27:18.750845+00:00,device-26,load_balancer,branch-newyork,42.72,24.8,37.44,0.1037,16.89,0.00114,40.6,healthy,0,0
2026-03-19T03:29:18.750845+00:00,device-32,load_balancer,datacenter-east,60.62,67.42,25.15,0.0557,58.98,0.00402,30.7,healthy,0,0
2026-03-18T08:57:18.750845+00:00,device-16,firewall,datacenter-central,6.41,46.92,24.47,0.1944,33.66,0.00227,42.7,healthy,0,0
2026-03-22T17:39:18.750845+00:00,device-50,server,datacenter-central,6.15,61.11,3.58,0.1008,19.16,0.0035,32.4,healthy,0,0
2026-03-18T14:17:18.750845+00:00,device-13,router,datacenter-west,14.15,37.64,15.99,0.0632,9.53,0.00372,44.2,healthy,0,0
2026-03-15T11:17:18.750845+00:00,device-27,router,branch-chicago,16.73,53.39,15.8,0.0371,39.4,0.0014,44.5,healthy,0,0
2026-03-16T01:35:18.750845+00:00,device-07,firewall,datacenter-central,9.04,67.3,23.38,0.1493,52.31,0.00479,44.8,healthy,0,0
2026-03-12T03:43:18.750845+00:00,device-31,load_balancer,datacenter-west,41.11,56.96,21.24,0.1014,62.92,0.00243,42.9,healthy,0,0
2026-03-17T22:45:18.750845+00:00,device-39,switch,datacenter-west,54.88,58.1,42.21,0.191,32.72,0.00089,45.4,healthy,0,0
2026-03-19T03:25:18.750845+00:00,device-06,load_balancer,branch-losangeles,47.99,40.11,24.35,0.2352,52.61,0.00446,39.6,healthy,0,0
2026-03-16T17:37:18.750845+00:00,device-09,firewall,datacenter-west,94.71,88.44,3919.98,45.1509,96.78,0.31449,66.5,ddos_attack,5,1
2026-03-18T21:19:18.750845+00:00,device-43,server,branch-chicago,52.75,56.77,13.52,0.2062,57.84,0.00148,44.0,healthy,0,0
2026-03-15T12:53:18.750845+00:00,device-18,server,branch-losangeles,45.86,40.59,17.96,0.0179,21.87,0.00033,48.5,healthy,0,0
2026-03-23T04:21:18.750845+00:00,device-05,firewall,branch-losangeles,19.66,17.17,6.83,0.0737,34.21,0.00469,35.5,healthy,0,0
2026-03-15T03:27:18.750845+00:00,device-01,router,datacenter-central,11.96,11.43,16.43,0.1699,38.1,0.0016,37.5,healthy,0,0
2026-03-19T23:49:18.750845+00:00,device-09,switch,datacenter-east,38.66,55.87,702.96,36.7342,40.55,0.20862,42.8,packet_loss,3,1
2026-03-13T09:49:18.750845+00:00,device-12,load_balancer,branch-losangeles,42.14,46.64,16.71,0.1973,41.4,0.00343,30.4,healthy,0,0
2026-03-13T19:47:18.750845+00:00,device-25,firewall,branch-losangeles,47.86,48.71,17.19,0.2867,56.97,0.00103,32.1,healthy,0,0
2026-03-15T13:49:18.750845+00:00,device-40,router,branch-newyork,52.14,11.42,25.19,0.1715,28.24,0.00324,38.3,healthy,0,0
2026-03-15T03:40:18.750845+00:00,device-03,load_balancer,branch-chicago,95.86,87.82,4751.37,43.0786,95.45,0.45461,80.4,ddos_attack,5,1
2026-03-14T03:05:18.750845+00:00,device-30,server,branch-newyork,54.23,37.02,1.9,0.2614,48.51,0.00095,42.8,healthy,0,0
2026-03-17T23:33:18.750845+00:00,device-12,load_balancer,branch-losangeles,60.61,22.5,18.12,0.1868,34.37,0.0024,33.1,healthy,0,0
2026-03-12T08:45:18.750845+00:00,device-05,router,branch-losangeles,41.16,28.14,34.33,0.2455,54.14,0.00315,45.0,healthy,0,0
2026-03-16T10:23:18.750845+00:00,device-05,load_balancer,branch-newyork,5.36,50.8,5.65,0.1752,51.78,0.00431,33.2,healthy,0,0
2026-03-13T12:41:18.750845+00:00,device-32,router,datacenter-west,54.77,51.74,3.61,0.2552,58.11,0.00033,42.0,healthy,0,0
2026-03-24T08:18:18.750845+00:00,device-36,switch,branch-losangeles,47.19,50.09,1047.98,29.2421,45.73,0.11894,41.9,packet_loss,3,1
2026-03-22T22:47:18.750845+00:00,device-27,firewall,branch-newyork,44.08,33.54,22.42,0.0109,59.08,0.0024,31.5,healthy,0,0
2026-03-19T11:09:18.750845+00:00,device-26,router,branch-chicago,41.13,67.28,43.94,0.2018,25.91,0.00257,41.0,healthy,0,0
2026-03-14T07:53:18.750845+00:00,device-28,router,datacenter-central,38.52,12.73,39.41,0.0174,10.78,0.00441,47.7,healthy,0,0
2026-03-22T18:05:18.750845+00:00,device-33,server,branch-chicago,20.96,53.37,23.72,0.1336,50.02,0.00471,45.1,healthy,0,0
2026-03-14T17:05:18.750845+00:00,device-35,load_balancer,datacenter-east,93.08,89.81,1091.73,52.2617,97.73,0.54121,72.2,ddos_attack,5,1
2026-03-12T13:25:18.750845+00:00,device-42,switch,branch-losangeles,24.41,55.18,37.96,0.1151,29.31,0.00387,42.8,healthy,0,0
2026-03-19T19:09:18.750845+00:00,device-17,server,branch-chicago,39.15,14.95,42.36,0.129,9.17,0.00146,48.9,healthy,0,0
2026-03-20T19:57:18.750845+00:00,device-16,server,datacenter-east,5.12,59.53,42.03,0.0525,34.72,0.00119,39.6,healthy,0,0
2026-03-20T23:25:18.750845+00:00,device-30,firewall,branch-chicago,29.23,24.99,37.5,0.1404,48.77,0.00381,46.6,healthy,0,0
2026-03-23T13:22:18.750845+00:00,device-01,router,datacenter-west,49.54,49.57,532.26,39.754,53.84,0.27865,51.5,packet_loss,3,1
2026-03-16T07:23:18.750845+00:00,device-47,switch,branch-chicago,26.8,28.86,898.72,26.7083,44.45,0.23387,45.2,packet_loss,3,1
2026-03-21T05:05:18.750845+00:00,device-09,firewall,branch-losangeles,39.61,32.85,39.93,0.2253,22.05,0.00056,33.5,healthy,0,0
2026-03-18T02:31:18.750845+00:00,device-08,server,datacenter-east,54.7,51.96,26.88,0.0328,10.15,0.00016,38.4,healthy,0,0
2026-03-17T19:57:18.750845+00:00,device-25,switch,branch-losangeles,34.03,48.72,44.13,0.0123,43.46,0.00256,46.7,healthy,0,0
2026-03-20T05:59:18.750845+00:00,device-11,switch,branch-chicago,49.39,34.25,14.76,0.0443,53.7,0.00099,45.5,healthy,0,0
2026-03-13T02:53:18.750845+00:00,device-19,router,branch-chicago,24.43,40.06,44.85,0.104,58.38,0.00445,30.9,healthy,0,0
2026-03-15T14:45:18.750845+00:00,device-50,server,datacenter-central,58.62,47.12,13.21,0.1959,22.3,0.00322,38.7,healthy,0,0
2026-03-23T18:57:18.750845+00:00,device-13,router,datacenter-east,91.36,65.31,2501.9,17.822,74.67,0.48691,55.1,bgp_flapping,4,1
2026-03-23T20:25:18.750845+00:00,device-05,load_balancer,branch-newyork,94.46,94.04,3901.78,26.237,98.36,0.3639,82.2,ddos_attack,5,1
2026-03-13T13:51:18.750845+00:00,device-26,firewall,branch-chicago,24.89,16.85,23.61,0.1461,27.96,0.00116,41.4,healthy,0,0
2026-03-15T09:47:18.750845+00:00,device-06,load_balancer,branch-chicago,55.37,53.91,41.0,0.0749,57.91,0.00074,40.0,healthy,0,0
2026-03-18T15:27:18.750845+00:00,device-01,load_balancer,branch-chicago,32.89,52.59,23.09,0.1436,14.82,0.00119,40.5,healthy,0,0
2026-03-13T01:48:18.750845+00:00,device-13,server,datacenter-west,45.85,95.03,436.49,6.9801,71.51,0.09802,63.7,memory_exhaustion,2,1
2026-03-17T14:21:18.750845+00:00,device-18,load_balancer,branch-chicago,56.17,35.55,4.86,0.0835,19.73,0.0024,30.3,healthy,0,0
2026-03-17T11:41:18.750845+00:00,device-12,load_balancer,datacenter-central,45.29,47.92,27.14,0.2398,20.31,0.00078,38.6,healthy,0,0
2026-03-16T16:51:18.750845+00:00,device-41,server,branch-losangeles,25.5,47.51,29.22,0.2106,30.42,0.00243,42.2,healthy,0,0
2026-03-15T15:35:18.750845+00:00,device-18,switch,datacenter-central,26.0,63.34,6.16,0.2254,47.68,0.0046,36.7,healthy,0,0
2026-03-18T11:00:18.750845+00:00,device-26,server,branch-chicago,64.29,95.77,437.36,7.8232,63.26,0.05381,61.5,memory_exhaustion,2,1
2026-03-24T01:54:18.750845+00:00,device-23,server,branch-losangeles,85.16,79.65,290.06,2.1412,73.44,0.03003,60.7,high_cpu,1,1
2026-03-23T11:08:18.750845+00:00,device-29,router,branch-losangeles,72.03,89.97,1516.22,24.6511,93.27,0.47812,66.9,bgp_flapping,4,1
2026-03-22T11:15:18.750845+00:00,device-38,switch,datacenter-central,57.76,65.26,40.58,0.2773,25.91,0.00435,34.4,healthy,0,0
2026-03-16T07:49:18.750845+00:00,device-48,switch,branch-losangeles,11.87,48.09,17.13,0.1055,39.01,0.0004,40.8,healthy,0,0
2026-03-22T13:30:18.750845+00:00,device-02,switch,branch-losangeles,44.43,96.82,318.24,1.2139,62.35,0.0341,68.9,memory_exhaustion,2,1
2026-03-21T10:19:18.750845+00:00,device-19,server,datacenter-central,26.38,33.65,17.05,0.0517,12.71,0.0044,49.7,healthy,0,0
2026-03-15T13:27:18.750845+00:00,device-12,switch,datacenter-east,20.44,58.33,41.38,0.1563,12.12,0.00363,44.8,healthy,0,0
2026-03-21T14:43:18.750845+00:00,device-22,load_balancer,datacenter-west,11.43,49.07,28.3,0.2359,10.43,0.00482,35.8,healthy,0,0
2026-03-17T08:33:18.750845+00:00,device-26,switch,branch-newyork,22.64,58.38,19.13,0.2995,38.32,0.00115,43.7,healthy,0,0
2026-03-16T12:59:18.750845+00:00,device-48,load_balancer,datacenter-central,17.9,65.94,43.71,0.1552,25.36,0.00028,41.8,healthy,0,0
2026-03-19T11:57:18.750845+00:00,device-05,server,branch-losangeles,61.42,55.75,12.02,0.0763,37.43,0.00234,43.0,healthy,0,0
2026-03-18T09:05:18.750845+00:00,device-29,router,datacenter-west,47.03,65.86,11.24,0.1379,12.71,0.00027,47.8,healthy,0,0
2026-03-14T09:01:18.750845+00:00,device-40,router,datacenter-west,57.38,43.2,15.23,0.2576,44.18,0.00221,38.6,healthy,0,0
2026-03-14T07:43:18.750845+00:00,device-28,firewall,datacenter-west,94.0,88.87,4148.92,46.9385,96.16,0.47641,74.6,ddos_attack,5,1
2026-03-14T08:25:18.750845+00:00,device-46,load_balancer,branch-losangeles,17.98,30.88,17.81,0.0952,60.63,0.00021,30.3,healthy,0,0
2026-03-13T18:19:18.750845+00:00,device-19,firewall,datacenter-east,8.39,46.3,3.53,0.1058,14.22,0.00212,31.2,healthy,0,0
2026-03-22T14:21:18.750845+00:00,device-26,router,branch-newyork,31.48,13.8,32.07,0.2273,36.46,0.00266,34.5,healthy,0,0
2026-03-20T19:50:18.750845+00:00,device-34,server,branch-newyork,87.49,78.72,102.37,2.9794,80.36,0.02971,60.3,high_cpu,1,1
2026-03-18T00:39:18.750845+00:00,device-19,switch,datacenter-central,45.93,90.8,466.99,5.7654,63.44,0.08749,69.0,memory_exhaustion,2,1
2026-03-13T08:27:18.750845+00:00,device-36,server,branch-newyork,46.96,29.52,16.06,0.2166,29.94,0.00408,35.9,healthy,0,0
2026-03-16T11:49:18.750845+00:00,device-48,firewall,datacenter-west,32.66,61.66,43.83,0.0599,13.0,0.00448,48.2,healthy,0,0
2026-03-17T13:32:18.750845+00:00,device-21,switch,datacenter-west,34.79,24.6,251.18,10.9787,30.87,0.14299,44.4,packet_loss,3,1
2026-03-20T16:55:18.750845+00:00,device-20,router,branch-newyork,27.54,37.17,3.48,0.18,51.8,0.00114,44.8,healthy,0,0
2026-03-16T22:03:18.750845+00:00,device-22,firewall,branch-chicago,9.93,45.55,13.35,0.044,27.54,0.00307,44.5,healthy,0,0
2026-03-13T08:11:18.750845+00:00,device-23,router,datacenter-west,94.84,67.89,855.12,26.9793,65.77,0.30297,72.6,bgp_flapping,4,1
2026-03-20T10:05:18.750845+00:00,device-18,load_balancer,branch-chicago,92.01,89.19,3708.9,39.7615,99.78,0.46284,65.6,ddos_attack,5,1
2026-03-15T09:43:18.750845+00:00,device-12,load_balancer,branch-chicago,63.29,51.05,43.75,0.2997,52.54,0.00144,40.9,healthy,0,0
2026-03-22T15:41:18.750845+00:00,device-45,router,datacenter-central,80.95,83.47,1212.48,32.0788,82.18,0.40828,55.6,bgp_flapping,4,1
2026-03-18T08:49:18.750845+00:00,device-34,firewall,branch-newyork,11.65,28.21,7.73,0.0856,27.86,0.0011,42.5,healthy,0,0
2026-03-24T18:34:18.750845+00:00,device-29,router,datacenter-east,27.37,29.73,935.84,11.7554,56.16,0.13349,40.3,packet_loss,3,1
2026-03-13T11:13:18.750845+00:00,device-22,firewall,branch-newyork,12.07,42.29,11.97,0.1807,63.63,0.00042,35.0,healthy,0,0
2026-03-21T10:03:18.750845+00:00,device-03,load_balancer,branch-newyork,43.63,33.14,40.58,0.0413,60.66,0.00199,41.3,healthy,0,0
2026-03-13T02:27:18.750845+00:00,device-07,load_balancer,branch-losangeles,8.58,69.46,25.53,0.2046,62.74,0.00182,33.9,healthy,0,0
2026-03-16T17:19:18.750845+00:00,device-41,server,datacenter-central,49.68,67.72,42.93,0.1149,64.36,0.0012,42.4,healthy,0,0
2026-03-17T19:51:18.750845+00:00,device-05,load_balancer,branch-chicago,6.15,37.26,43.63,0.2266,62.52,0.00287,37.3,healthy,0,0
2026-03-23T12:27:18.750845+00:00,device-32,switch,branch-chicago,62.21,96.78,329.51,4.3922,68.57,0.05638,73.9,memory_exhaustion,2,1
2026-03-20T06:35:18.750845+00:00,device-11,router,datacenter-central,25.89,43.77,4.37,0.1926,15.39,0.00237,30.1,healthy,0,0
2026-03-12T15:07:18.750845+00:00,device-13,load_balancer,branch-newyork,26.55,46.64,29.93,0.1077,43.74,0.00314,31.3,healthy,0,0
2026-03-13T14:25:18.750845+00:00,device-20,load_balancer,branch-losangeles,14.58,62.1,43.24,0.214,13.75,0.00041,49.2,healthy,0,0
2026-03-20T10:35:18.750845+00:00,device-30,firewall,branch-newyork,47.51,38.22,44.77,0.2108,49.18,0.00109,34.3,healthy,0,0
2026-03-23T01:41:18.750845+00:00,device-42,firewall,branch-newyork,27.5,26.49,24.42,0.2937,61.5,0.00016,34.9,healthy,0,0
2026-03-18T11:43:18.750845+00:00,device-32,firewall,branch-chicago,55.42,35.12,33.84,0.036,12.24,0.00365,40.5,healthy,0,0
2026-03-21T10:42:18.750845+00:00,device-33,server,datacenter-east,56.61,93.1,228.9,4.5779,51.17,0.05874,69.5,memory_exhaustion,2,1
2026-03-19T19:20:18.750845+00:00,device-39,router,datacenter-central,85.35,73.78,2355.22,16.8961,83.37,0.11172,62.4,bgp_flapping,4,1
2026-03-22T08:23:18.750845+00:00,device-19,server,datacenter-east,44.89,27.77,24.16,0.2544,19.54,0.00322,37.6,healthy,0,0
2026-03-20T23:39:18.750845+00:00,device-46,firewall,branch-newyork,95.44,90.67,2368.36,52.7375,99.86,0.54264,72.6,ddos_attack,5,1
2026-03-22T06:59:18.750845+00:00,device-15,router,branch-newyork,15.11,39.78,24.26,0.2024,63.55,0.00292,43.8,healthy,0,0
2026-03-13T22:39:18.750845+00:00,device-32,firewall,datacenter-east,22.17,11.76,10.18,0.2219,41.75,0.00355,43.1,healthy,0,0
2026-03-18T08:25:18.750845+00:00,device-16,router,branch-chicago,47.96,28.7,21.82,0.2775,41.38,0.00476,35.2,healthy,0,0
2026-03-14T03:05:18.750845+00:00,device-22,server,branch-chicago,44.17,98.9,101.58,1.2588,68.4,0.03472,64.5,memory_exhaustion,2,1
2026-03-22T19:07:18.750845+00:00,device-15,firewall,branch-chicago,39.51,51.41,19.49,0.0141,32.04,0.00078,35.0,healthy,0,0
2026-03-12T17:43:18.750845+00:00,device-30,switch,branch-newyork,60.23,39.01,39.48,0.1611,54.87,0.00228,30.8,healthy,0,0
2026-03-19T20:45:18.750845+00:00,device-05,switch,branch-chicago,12.6,54.9,31.92,0.0577,64.6,0.00303,43.3,healthy,0,0
2026-03-20T04:15:18.750845+00:00,device-26,firewall,branch-newyork,43.74,12.13,14.35,0.2106,36.91,0.0047,41.1,healthy,0,0
2026-03-14T02:19:18.750845+00:00,device-11,router,branch-losangeles,33.52,67.42,1.99,0.084,13.19,0.00285,36.4,healthy,0,0
2026-03-16T07:39:18.750845+00:00,device-16,switch,branch-losangeles,53.29,13.44,35.81,0.1507,41.82,0.00423,49.2,healthy,0,0
2026-03-21T18:57:18.750845+00:00,device-16,load_balancer,branch-newyork,17.27,61.92,16.85,0.1369,25.2,0.00455,46.9,healthy,0,0
2026-03-16T15:58:18.750845+00:00,device-13,router,branch-chicago,84.98,73.42,2988.78,27.2219,67.38,0.2037,61.0,bgp_flapping,4,1
2026-03-17T21:17:18.750845+00:00,device-28,switch,branch-newyork,41.32,98.3,103.93,5.9852,54.24,0.06414,59.3,memory_exhaustion,2,1
2026-03-14T14:15:18.750845+00:00,device-30,switch,branch-newyork,35.82,47.24,16.12,0.1337,17.23,0.00104,30.8,healthy,0,0
2026-03-17T11:11:18.750845+00:00,device-26,firewall,branch-losangeles,98.96,88.49,1078.45,39.7544,98.79,0.78606,70.6,ddos_attack,5,1
2026-03-16T07:29:18.750845+00:00,device-43,switch,branch-losangeles,48.13,30.37,4.15,0.0504,18.15,0.00299,39.4,healthy,0,0
2026-03-12T23:55:18.750845+00:00,device-34,firewall,branch-chicago,19.99,47.16,37.9,0.2143,49.23,0.00438,36.3,healthy,0,0
2026-03-21T05:33:18.750845+00:00,device-09,server,branch-chicago,13.57,48.65,29.09,0.0911,30.59,0.00441,48.8,healthy,0,0
2026-03-14T12:01:18.750845+00:00,device-33,load_balancer,branch-newyork,46.85,63.7,33.35,0.2776,49.79,0.00458,38.7,healthy,0,0
2026-03-12T23:49:18.750845+00:00,device-33,firewall,branch-newyork,45.27,56.92,26.51,0.2942,60.47,0.00418,30.2,healthy,0,0
2026-03-16T16:15:18.750845+00:00,device-49,switch,datacenter-west,17.86,64.42,31.77,0.2839,63.75,0.00107,43.7,healthy,0,0
2026-03-19T06:57:18.750845+00:00,device-46,server,datacenter-east,9.59,30.6,13.93,0.1413,22.03,0.0035,41.7,healthy,0,0
2026-03-20T19:29:18.750845+00:00,device-23,firewall,branch-losangeles,22.13,16.77,33.76,0.2208,16.91,0.00082,41.7,healthy,0,0
2026-03-18T16:33:18.750845+00:00,device-23,server,branch-newyork,20.53,51.93,10.72,0.0836,16.72,0.00132,49.1,healthy,0,0
2026-03-14T16:07:18.750845+00:00,device-08,router,branch-chicago,91.88,81.93,284.32,1.7941,84.11,0.02746,68.8,high_cpu,1,1
2026-03-12T03:27:18.750845+00:00,device-27,firewall,branch-losangeles,31.05,52.05,20.71,0.0855,12.41,0.00309,32.7,healthy,0,0
2026-03-13T20:37:18.750845+00:00,device-26,server,branch-losangeles,63.0,57.38,43.43,0.2989,47.41,0.00452,44.7,healthy,0,0
2026-03-23T02:45:18.750845+00:00,device-36,firewall,branch-chicago,51.89,21.31,29.73,0.0877,17.6,0.00283,32.6,healthy,0,0
2026-03-12T14:37:18.750845+00:00,device-22,router,datacenter-west,53.56,20.88,1269.27,17.7558,40.54,0.08786,47.0,packet_loss,3,1
2026-03-21T04:31:18.750845+00:00,device-25,router,datacenter-east,19.84,38.19,26.78,0.1187,57.05,0.00487,42.9,healthy,0,0
2026-03-15T17:49:18.750845+00:00,device-14,server,branch-newyork,61.61,40.43,17.98,0.2992,57.12,0.00279,30.8,healthy,0,0
2026-03-13T06:55:18.750845+00:00,device-22,switch,datacenter-west,31.23,35.31,6.94,0.0425,45.1,0.00477,30.1,healthy,0,0
2026-03-21T10:37:18.750845+00:00,device-06,router,branch-chicago,41.11,20.27,5.77,0.1178,44.61,0.00243,46.5,healthy,0,0
2026-03-20T12:17:18.750845+00:00,device-37,switch,datacenter-west,52.39,42.35,34.7,0.2592,25.45,0.00451,36.5,healthy,0,0
2026-03-12T12:01:18.750845+00:00,device-10,firewall,datacenter-west,21.02,23.95,13.51,0.2719,41.48,0.00188,42.9,healthy,0,0
2026-03-18T05:11:18.750845+00:00,device-20,firewall,datacenter-west,12.23,45.12,15.76,0.1116,44.36,0.0018,32.2,healthy,0,0
2026-03-13T16:27:18.750845+00:00,device-43,server,datacenter-central,38.59,42.17,5.85,0.0854,29.42,0.00478,42.0,healthy,0,0
2026-03-19T23:15:18.750845+00:00,device-34,load_balancer,branch-losangeles,5.67,45.24,7.61,0.1482,56.7,0.00285,44.3,healthy,0,0
2026-03-17T04:03:18.750845+00:00,device-39,router,branch-newyork,5.52,54.11,40.39,0.1472,61.78,0.0002,38.0,healthy,0,0
2026-03-22T02:58:18.750845+00:00,device-35,router,datacenter-east,24.85,31.15,345.26,18.0113,41.21,0.09203,49.5,packet_loss,3,1
2026-03-22T14:33:18.750845+00:00,device-20,switch,datacenter-east,62.54,17.23,7.73,0.0669,7.17,0.00222,44.6,healthy,0,0
2026-03-15T13:41:18.750845+00:00,device-37,server,branch-chicago,59.89,32.61,4.66,0.0017,52.94,0.00397,33.8,healthy,0,0
2026-03-13T18:03:18.750845+00:00,device-07,load_balancer,branch-chicago,50.98,27.62,31.67,0.2366,8.33,0.00166,31.0,healthy,0,0
2026-03-15T13:15:18.750845+00:00,device-20,load_balancer,branch-newyork,29.22,68.99,37.68,0.1299,42.25,0.00461,47.8,healthy,0,0
2026-03-14T19:31:18.750845+00:00,device-41,firewall,datacenter-east,59.99,54.68,3.98,0.2858,44.64,0.0016,49.7,healthy,0,0
2026-03-22T16:37:18.750845+00:00,device-37,switch,datacenter-west,59.55,44.57,29.67,0.2297,17.69,0.00449,33.0,healthy,0,0
2026-03-19T11:51:18.750845+00:00,device-09,firewall,branch-newyork,37.02,66.11,27.04,0.2015,8.69,0.00079,40.9,healthy,0,0
2026-03-22T14:53:18.750845+00:00,device-50,router,datacenter-east,10.27,35.91,37.49,0.2338,38.84,0.00164,45.7,healthy,0,0
2026-03-21T16:13:18.750845+00:00,device-39,router,branch-chicago,8.17,29.95,31.35,0.1547,39.39,0.00083,47.9,healthy,0,0
2026-03-19T23:23:18.750845+00:00,device-47,server,datacenter-central,85.97,67.22,122.16,2.0312,81.57,0.01668,71.4,high_cpu,1,1
2026-03-21T03:43:18.750845+00:00,device-01,firewall,branch-newyork,19.2,34.55,28.02,0.2328,55.32,0.00085,42.8,healthy,0,0
2026-03-22T22:37:18.750845+00:00,device-49,switch,datacenter-east,10.74,18.42,11.32,0.0502,23.57,0.0025,39.0,healthy,0,0
2026-03-22T21:07:18.750845+00:00,device-01,router,datacenter-central,6.22,56.43,39.37,0.1868,59.08,0.00037,42.8,healthy,0,0
2026-03-17T18:23:18.750845+00:00,device-32,router,branch-losangeles,91.63,81.4,235.7,1.0678,77.96,0.01359,78.0,high_cpu,1,1
2026-03-15T05:25:18.750845+00:00,device-19,load_balancer,datacenter-east,31.17,35.96,15.44,0.1841,13.07,0.0013,31.2,healthy,0,0
2026-03-12T01:50:18.750845+00:00,device-21,switch,datacenter-west,40.47,93.76,223.52,5.0742,67.23,0.07399,55.9,memory_exhaustion,2,1
2026-03-21T22:31:18.750845+00:00,device-11,load_balancer,datacenter-east,41.65,59.7,28.67,0.2121,38.78,0.00435,50.0,healthy,0,0
2026-03-19T00:59:18.750845+00:00,device-07,load_balancer,datacenter-west,26.41,14.99,6.78,0.1367,23.73,0.0049,39.9,healthy,0,0
2026-03-12T16:41:18.750845+00:00,device-43,router,datacenter-central,14.19,16.6,13.83,0.1067,36.21,0.00018,39.4,healthy,0,0
2026-03-16T20:25:18.750845+00:00,device-26,switch,datacenter-central,51.4,35.53,34.53,0.275,59.91,0.00191,41.3,healthy,0,0
2026-03-20T23:13:18.750845+00:00,device-41,switch,branch-losangeles,17.89,64.59,16.2,0.0306,11.86,0.00377,48.2,healthy,0,0
2026-03-19T08:23:18.750845+00:00,device-34,router,branch-chicago,77.72,82.38,643.86,16.1418,69.87,0.13037,56.0,bgp_flapping,4,1
2026-03-14T09:51:18.750845+00:00,device-18,switch,datacenter-west,64.13,13.49,22.15,0.1307,33.97,0.0021,43.0,healthy,0,0
2026-03-19T15:33:18.750845+00:00,device-36,server,branch-newyork,11.53,34.83,29.73,0.2596,33.94,0.0014,39.5,healthy,0,0
2026-03-19T10:57:18.750845+00:00,device-03,switch,branch-newyork,42.99,56.62,928.72,38.859,41.15,0.18854,38.4,packet_loss,3,1
2026-03-19T20:31:18.750845+00:00,device-06,switch,branch-chicago,60.7,45.3,5.81,0.0641,15.11,0.00145,49.6,healthy,0,0
2026-03-16T08:53:18.750845+00:00,device-26,switch,datacenter-central,43.6,65.13,13.92,0.2781,41.5,0.00403,33.1,healthy,0,0
2026-03-18T14:25:18.750845+00:00,device-38,server,branch-newyork,13.09,35.95,39.89,0.1822,33.34,0.004,32.3,healthy,0,0
2026-03-21T06:17:18.750845+00:00,device-50,server,branch-chicago,26.94,31.84,16.39,0.139,17.71,0.00358,35.0,healthy,0,0
2026-03-22T16:59:18.750845+00:00,device-47,load_balancer,branch-newyork,17.72,27.0,3.72,0.0036,27.99,0.00348,45.5,healthy,0,0
2026-03-25T02:56:18.750845+00:00,device-03,server,branch-losangeles,85.38,83.43,86.69,1.1992,73.32,0.04549,66.4,high_cpu,1,1
2026-03-14T04:45:18.750845+00:00,device-12,switch,branch-newyork,51.86,60.91,27.95,0.1143,48.69,0.00232,39.8,healthy,0,0
2026-03-18T15:31:18.750845+00:00,device-19,load_balancer,branch-losangeles,53.43,44.81,17.85,0.0073,23.32,0.00321,43.2,healthy,0,0
2026-03-14T17:03:18.750845+00:00,device-13,server,branch-chicago,37.47,52.6,8.11,0.1992,27.09,0.0017,43.5,healthy,0,0
2026-03-15T23:45:18.750845+00:00,device-26,switch,datacenter-central,46.55,23.72,43.64,0.0081,11.54,0.00159,45.2,healthy,0,0
2026-03-12T16:07:18.750845+00:00,device-23,firewall,datacenter-east,22.32,14.87,4.7,0.2801,32.91,0.00326,36.6,healthy,0,0
2026-03-15T19:02:18.750845+00:00,device-24,server,branch-chicago,95.69,82.0,164.43,0.7989,75.16,0.04326,73.5,high_cpu,1,1
2026-03-20T23:23:18.750845+00:00,device-26,switch,datacenter-central,41.68,37.79,30.16,0.164,31.36,0.00035,41.3,healthy,0,0
2026-03-21T15:29:18.750845+00:00,device-24,server,datacenter-west,6.15,52.55,15.57,0.2122,57.21,0.00216,38.3,healthy,0,0
2026-03-12T16:17:18.750845+00:00,device-24,server,branch-chicago,63.64,12.77,28.12,0.1275,60.06,0.00059,33.6,healthy,0,0
2026-03-21T06:55:18.750845+00:00,device-49,load_balancer,datacenter-west,24.74,24.29,8.26,0.0727,24.73,0.00319,37.7,healthy,0,0
2026-03-21T06:21:18.750845+00:00,device-43,load_balancer,branch-chicago,32.42,32.26,31.28,0.0634,6.32,0.00261,38.4,healthy,0,0
2026-03-19T22:55:18.750845+00:00,device-02,switch,branch-newyork,30.99,60.14,27.19,0.1658,64.48,0.00062,47.2,healthy,0,0
2026-03-25T02:37:18.750845+00:00,device-48,server,branch-losangeles,56.76,97.28,150.42,7.473,70.88,0.05131,74.4,memory_exhaustion,2,1
2026-03-16T10:48:18.750845+00:00,device-16,router,datacenter-east,93.89,68.34,242.65,0.8969,72.68,0.01153,79.3,high_cpu,1,1
2026-03-15T17:53:18.750845+00:00,device-35,server,datacenter-east,16.9,51.55,19.77,0.0438,19.31,0.00454,38.7,healthy,0,0
2026-03-18T12:01:18.750845+00:00,device-13,router,datacenter-west,22.68,61.57,13.56,0.0968,14.95,0.00465,39.1,healthy,0,0
2026-03-12T14:15:18.750845+00:00,device-38,server,branch-newyork,97.71,73.67,269.2,2.433,81.99,0.02621,70.2,high_cpu,1,1
2026-03-17T08:09:18.750845+00:00,device-02,firewall,branch-losangeles,46.72,61.01,22.23,0.2148,7.35,0.00372,35.2,healthy,0,0
2026-03-16T05:13:18.750845+00:00,device-49,firewall,datacenter-west,10.67,21.16,9.15,0.0629,57.12,0.00476,38.0,healthy,0,0
2026-03-19T15:47:18.750845+00:00,device-37,load_balancer,datacenter-west,49.08,25.64,16.93,0.0139,6.65,0.00227,34.3,healthy,0,0
2026-03-22T09:27:18.750845+00:00,device-04,server,branch-chicago,52.74,31.04,15.41,0.0214,50.73,0.00375,46.0,healthy,0,0
2026-03-21T00:34:18.750845+00:00,device-45,server,datacenter-east,93.09,63.56,107.93,1.9916,88.34,0.0349,77.6,high_cpu,1,1
2026-03-14T17:57:18.750845+00:00,device-21,firewall,branch-newyork,36.31,65.7,14.89,0.0577,54.21,0.0043,30.0,healthy,0,0
2026-03-22T18:27:18.750845+00:00,device-16,router,branch-chicago,14.22,40.33,15.44,0.1867,18.45,0.00438,35.6,healthy,0,0
2026-03-18T22:35:18.750845+00:00,device-05,router,branch-losangeles,7.01,24.37,28.75,0.2484,58.51,0.00245,45.1,healthy,0,0
2026-03-15T08:25:18.750845+00:00,device-41,server,branch-chicago,40.66,41.9,25.14,0.0654,13.49,0.00156,31.4,healthy,0,0
2026-03-18T21:15:18.750845+00:00,device-40,router,branch-newyork,22.31,13.3,32.68,0.1469,52.31,0.00027,32.6,healthy,0,0
2026-03-23T01:29:18.750845+00:00,device-19,router,datacenter-central,71.37,83.37,1846.42,21.5577,65.92,0.20046,69.2,bgp_flapping,4,1
2026-03-17T03:55:18.750845+00:00,device-32,router,datacenter-east,71.89,76.67,1777.33,15.1023,68.87,0.43848,74.2,bgp_flapping,4,1
2026-03-21T17:29:18.750845+00:00,device-45,firewall,branch-losangeles,90.4,82.45,4186.46,41.8052,99.01,0.77521,84.4,ddos_attack,5,1
2026-03-23T00:15:18.750845+00:00,device-39,firewall,datacenter-central,24.18,60.6,43.69,0.2452,5.8,0.00125,49.9,healthy,0,0
2026-03-19T19:05:18.750845+00:00,device-18,firewall,branch-newyork,52.22,38.64,25.18,0.184,30.9,0.0034,32.7,healthy,0,0
2026-03-22T10:37:18.750845+00:00,device-14,switch,branch-newyork,44.73,60.12,12.04,0.1204,55.07,0.00069,41.9,healthy,0,0
2026-03-13T02:00:18.750845+00:00,device-28,load_balancer,datacenter-east,94.06,96.09,3206.02,55.1477,95.42,0.32897,73.4,ddos_attack,5,1
2026-03-13T08:53:18.750845+00:00,device-11,switch,datacenter-central,54.87,41.13,37.08,0.1763,25.88,0.00196,36.2,healthy,0,0
2026-03-19T09:17:18.750845+00:00,device-06,router,datacenter-east,31.39,55.91,25.3,0.0879,5.31,0.00364,42.7,healthy,0,0
2026-03-22T02:00:18.750845+00:00,device-46,router,branch-losangeles,85.53,84.73,564.09,34.7059,92.0,0.37275,67.0,bgp_flapping,4,1
2026-03-19T22:07:18.750845+00:00,device-16,firewall,datacenter-west,32.08,12.79,12.28,0.0533,16.33,0.0025,49.1,healthy,0,0
2026-03-15T03:31:18.750845+00:00,device-05,switch,branch-losangeles,43.61,45.44,39.63,0.229,32.15,0.00114,40.5,healthy,0,0
2026-03-16T09:51:18.750845+00:00,device-13,switch,branch-newyork,71.55,92.74,160.18,1.6022,70.51,0.04787,60.0,memory_exhaustion,2,1
2026-03-12T02:17:18.750845+00:00,device-09,load_balancer,branch-chicago,21.81,65.06,3.77,0.1918,55.45,0.00443,48.4,healthy,0,0
2026-03-20T10:01:18.750845+00:00,device-48,switch,branch-chicago,62.49,55.7,29.18,0.2496,54.33,0.00171,33.5,healthy,0,0
2026-03-20T02:47:18.750845+00:00,device-40,load_balancer,branch-chicago,23.45,64.06,24.67,0.0884,32.12,0.00089,43.8,healthy,0,0
2026-03-13T00:45:18.750845+00:00,device-26,switch,branch-losangeles,53.22,15.5,35.67,0.0802,19.76,0.00465,33.3,healthy,0,0
2026-03-22T07:19:18.750845+00:00,device-36,switch,datacenter-central,18.42,26.63,18.0,0.0894,56.83,0.00241,47.7,healthy,0,0
2026-03-12T18:39:18.750845+00:00,device-39,router,datacenter-west,6.4,48.68,31.78,0.242,50.29,0.00485,45.2,healthy,0,0
2026-03-17T21:37:18.750845+00:00,device-46,firewall,branch-losangeles,26.49,52.73,31.99,0.2629,62.34,0.00461,40.0,healthy,0,0
2026-03-20T06:21:18.750845+00:00,device-16,load_balancer,datacenter-west,48.1,22.66,41.64,0.0444,16.36,0.00485,43.1,healthy,0,0
2026-03-15T11:55:18.750845+00:00,device-28,router,datacenter-west,10.54,65.96,23.09,0.0537,49.17,0.00295,39.2,healthy,0,0
2026-03-14T14:23:18.750845+00:00,device-34,load_balancer,datacenter-west,21.5,59.93,4.92,0.0028,36.03,0.00425,33.0,healthy,0,0
2026-03-14T07:29:18.750845+00:00,device-24,server,branch-chicago,58.14,63.69,20.86,0.1883,49.01,0.00351,45.6,healthy,0,0
2026-03-20T14:43:18.750845+00:00,device-30,server,branch-losangeles,37.61,34.72,3.83,0.0019,47.32,0.00227,30.7,healthy,0,0
2026-03-17T15:45:18.750845+00:00,device-24,switch,datacenter-east,27.5,60.31,29.9,0.1074,13.65,0.00194,42.1,healthy,0,0
2026-03-18T09:29:18.750845+00:00,device-06,firewall,branch-newyork,25.02,41.99,19.7,0.0757,46.33,0.00301,47.4,healthy,0,0
2026-03-17T01:45:18.750845+00:00,device-27,firewall,branch-losangeles,17.27,65.73,36.13,0.2988,31.09,0.00213,41.7,healthy,0,0
2026-03-16T15:46:18.750845+00:00,device-28,server,branch-newyork,97.72,74.89,176.57,1.3374,86.65,0.04207,76.7,high_cpu,1,1
2026-03-14T08:51:18.750845+00:00,device-20,firewall,datacenter-west,43.28,44.6,41.24,0.1014,35.06,0.00045,31.8,healthy,0,0
2026-03-18T05:15:18.750845+00:00,device-01,server,branch-losangeles,45.48,64.99,2.24,0.0283,23.98,0.00443,42.7,healthy,0,0
2026-03-16T16:59:18.750845+00:00,device-39,firewall,branch-chicago,21.08,59.69,4.63,0.1013,27.09,0.00038,31.4,healthy,0,0
2026-03-17T08:47:18.750845+00:00,device-48,server,branch-losangeles,26.42,53.39,42.21,0.0013,26.87,0.00106,30.7,healthy,0,0
2026-03-16T05:29:18.750845+00:00,device-31,switch,branch-chicago,31.85,57.84,22.6,0.1836,17.61,0.00406,38.9,healthy,0,0
2026-03-19T11:31:18.750845+00:00,device-29,load_balancer,branch-newyork,9.51,59.11,31.61,0.2185,35.82,0.00079,33.3,healthy,0,0
2026-03-22T17:51:18.750845+00:00,device-28,switch,datacenter-west,58.41,23.38,34.22,0.1817,41.4,0.00175,37.9,healthy,0,0
2026-03-15T18:29:18.750845+00:00,device-23,load_balancer,datacenter-west,13.31,17.65,11.66,0.1193,54.29,0.00086,49.2,healthy,0,0
2026-03-22T14:39:18.750845+00:00,device-19,server,datacenter-east,6.95,29.6,26.68,0.2628,18.15,0.00367,45.6,healthy,0,0
2026-03-21T14:07:18.750845+00:00,device-16,firewall,branch-chicago,38.22,68.81,36.09,0.2853,22.7,0.00129,31.3,healthy,0,0
2026-03-13T08:37:18.750845+00:00,device-08,switch,branch-newyork,33.35,40.85,971.68,22.3742,67.97,0.07413,50.6,packet_loss,3,1
2026-03-20T04:01:18.750845+00:00,device-21,server,branch-newyork,12.33,69.57,42.98,0.2477,9.2,0.00436,33.0,healthy,0,0
2026-03-16T04:41:18.750845+00:00,device-15,server,branch-newyork,56.43,59.79,39.49,0.1814,27.27,0.00284,32.6,healthy,0,0
2026-03-21T09:19:18.750845+00:00,device-08,firewall,datacenter-east,25.15,24.55,17.44,0.0619,55.4,0.00438,35.0,healthy,0,0
2026-03-15T20:37:18.750845+00:00,device-22,load_balancer,datacenter-central,21.2,50.12,2.36,0.2511,24.48,0.00079,41.2,healthy,0,0
2026-03-12T10:51:18.750845+00:00,device-07,load_balancer,datacenter-east,11.28,44.92,15.07,0.2069,57.4,0.00377,49.8,healthy,0,0
2026-03-12T12:49:18.750845+00:00,device-47,router,datacenter-west,11.4,47.54,11.75,0.0626,45.0,0.00465,42.8,healthy,0,0
2026-03-21T19:18:18.750845+00:00,device-42,server,datacenter-central,56.93,91.46,169.47,1.1373,54.33,0.09616,68.7,memory_exhaustion,2,1
2026-03-15T05:33:18.750845+00:00,device-09,server,datacenter-west,55.89,37.18,12.2,0.2413,14.87,0.00397,34.7,healthy,0,0
2026-03-20T03:55:18.750845+00:00,device-43,load_balancer,datacenter-east,25.33,21.47,19.4,0.0947,45.62,0.0009,43.0,healthy,0,0
2026-03-21T21:15:18.750845+00:00,device-35,firewall,branch-losangeles,24.24,24.87,41.01,0.1649,45.27,0.00335,44.6,healthy,0,0
2026-03-18T19:15:18.750845+00:00,device-07,server,datacenter-central,36.93,16.27,24.21,0.0662,31.63,0.00445,38.6,healthy,0,0
2026-03-18T12:17:18.750845+00:00,device-17,load_balancer,branch-losangeles,45.57,57.76,25.6,0.2247,43.03,0.00391,33.3,healthy,0,0
2026-03-20T19:37:18.750845+00:00,device-31,router,datacenter-east,56.32,59.63,14.94,0.1547,9.67,0.00127,39.8,healthy,0,0
2026-03-15T16:13:18.750845+00:00,device-42,load_balancer,datacenter-central,32.58,11.88,37.37,0.2765,16.51,0.00061,36.0,healthy,0,0
2026-03-14T13:14:18.750845+00:00,device-35,router,datacenter-east,76.17,71.02,2153.14,34.2586,92.76,0.44348,68.7,bgp_flapping,4,1
2026-03-22T05:11:18.750845+00:00,device-02,load_balancer,branch-newyork,30.73,41.36,13.15,0.2358,16.4,0.00269,35.1,healthy,0,0
2026-03-19T13:41:18.750845+00:00,device-29,switch,branch-newyork,55.3,50.2,1.06,0.1737,49.2,0.00065,41.3,healthy,0,0
2026-03-20T10:07:18.750845+00:00,device-14,firewall,branch-losangeles,98.2,86.86,1712.89,52.384,95.85,0.38967,68.7,ddos_attack,5,1
2026-03-13T16:07:18.750845+00:00,device-32,firewall,datacenter-east,39.32,24.93,19.1,0.0352,39.52,0.00022,42.0,healthy,0,0
2026-03-17T15:05:18.750845+00:00,device-12,router,datacenter-east,7.84,63.41,19.73,0.1753,54.28,0.00432,34.9,healthy,0,0
2026-03-17T21:31:18.750845+00:00,device-03,firewall,datacenter-west,44.46,54.98,41.79,0.0238,22.58,0.00231,45.1,healthy,0,0
2026-03-18T18:17:18.750845+00:00,device-15,router,datacenter-west,20.61,35.43,42.97,0.2022,16.05,0.00162,30.9,healthy,0,0
2026-03-14T21:53:18.750845+00:00,device-38,server,datacenter-west,27.16,21.99,35.87,0.2064,55.26,0.00132,38.3,healthy,0,0
2026-03-19T18:07:18.750845+00:00,device-16,load_balancer,datacenter-east,47.69,15.24,3.03,0.0133,31.45,0.00025,37.5,healthy,0,0
2026-03-22T19:13:18.750845+00:00,device-08,router,datacenter-central,42.58,53.95,9.57,0.2227,21.55,0.00221,41.2,healthy,0,0
2026-03-18T02:17:18.750845+00:00,device-13,load_balancer,branch-losangeles,13.77,52.97,36.68,0.2018,17.38,0.0026,49.5,healthy,0,0
2026-03-19T13:53:18.750845+00:00,device-23,load_balancer,datacenter-east,27.85,25.79,41.42,0.2129,53.84,0.0013,38.2,healthy,0,0
2026-03-22T16:05:18.750845+00:00,device-38,firewall,datacenter-east,44.11,34.39,39.88,0.1218,56.2,0.00038,34.1,healthy,0,0
2026-03-13T09:13:18.750845+00:00,device-35,server,branch-newyork,47.4,33.54,42.35,0.0264,44.67,0.0005,30.7,healthy,0,0
2026-03-14T09:25:18.750845+00:00,device-28,firewall,branch-losangeles,28.13,34.48,1.5,0.2719,36.18,0.00124,45.9,healthy,0,0
2026-03-12T23:21:18.750845+00:00,device-41,server,datacenter-west,31.59,25.54,13.55,0.2531,24.4,0.00254,44.2,healthy,0,0
2026-03-23T14:31:18.750845+00:00,device-12,router,datacenter-west,76.54,87.71,807.73,21.7716,89.56,0.43198,55.8,bgp_flapping,4,1
2026-03-17T23:59:18.750845+00:00,device-06,switch,branch-losangeles,50.59,24.61,34.27,0.2957,19.25,0.0017,37.3,healthy,0,0
2026-03-21T06:41:18.750845+00:00,device-20,switch,branch-newyork,17.6,52.46,34.9,0.089,50.92,0.00116,33.5,healthy,0,0
2026-03-21T21:17:18.750845+00:00,device-23,server,branch-losangeles,61.7,26.41,17.41,0.2141,37.18,0.00277,32.2,healthy,0,0
2026-03-18T02:23:18.750845+00:00,device-34,firewall,branch-losangeles,15.66,33.61,31.83,0.0835,9.68,0.00188,44.3,healthy,0,0
2026-03-16T16:45:18.750845+00:00,device-05,firewall,datacenter-central,52.47,13.37,14.06,0.0416,15.27,0.00474,32.7,healthy,0,0
2026-03-14T16:11:18.750845+00:00,device-16,switch,datacenter-east,53.62,41.24,19.05,0.0471,21.12,0.00269,42.7,healthy,0,0
2026-03-13T22:27:18.750845+00:00,device-36,load_balancer,branch-newyork,58.17,23.14,33.78,0.2293,22.74,0.00181,46.5,healthy,0,0
2026-03-13T16:51:18.750845+00:00,device-30,switch,branch-losangeles,52.9,37.89,3.08,0.2682,12.68,0.0024,36.2,healthy,0,0
2026-03-15T20:33:18.750845+00:00,device-41,server,branch-chicago,10.91,16.9,8.73,0.2882,35.85,0.00484,42.3,healthy,0,0
2026-03-20T00:17:18.750845+00:00,device-47,load_balancer,datacenter-west,57.69,34.81,27.5,0.0756,12.66,0.00143,39.7,healthy,0,0
2026-03-21T20:45:18.750845+00:00,device-17,firewall,datacenter-east,26.06,55.46,30.45,0.1289,61.34,0.00075,37.3,healthy,0,0
2026-03-15T06:17:18.750845+00:00,device-11,server,datacenter-west,6.28,49.59,44.14,0.2775,48.68,0.00459,46.9,healthy,0,0
2026-03-15T11:03:18.750845+00:00,device-01,server,datacenter-west,57.03,30.65,4.06,0.0913,21.54,0.00438,30.8,healthy,0,0
2026-03-16T06:27:18.750845+00:00,device-48,router,branch-chicago,32.97,21.64,3.3,0.2612,40.52,0.0006,49.1,healthy,0,0
2026-03-15T01:29:18.750845+00:00,device-23,load_balancer,branch-losangeles,63.15,50.15,5.37,0.1089,33.05,0.0047,40.0,healthy,0,0
2026-03-22T00:05:18.750845+00:00,device-20,load_balancer,datacenter-east,45.5,51.85,7.85,0.2979,37.0,0.00404,38.0,healthy,0,0
2026-03-22T03:17:18.750845+00:00,device-27,switch,branch-newyork,21.17,42.4,1437.55,37.6026,57.68,0.19591,44.1,packet_loss,3,1
2026-03-22T04:53:18.750845+00:00,device-49,router,branch-losangeles,46.23,28.28,36.85,0.0948,29.4,0.00259,40.3,healthy,0,0
2026-03-15T17:18:18.750845+00:00,device-20,switch,branch-newyork,68.88,92.98,478.93,7.4186,75.25,0.08546,71.2,memory_exhaustion,2,1
2026-03-19T01:37:18.750845+00:00,device-48,router,branch-losangeles,25.22,18.01,6.01,0.0614,55.85,0.00332,44.1,healthy,0,0
2026-03-19T11:47:18.750845+00:00,device-46,switch,datacenter-west,46.95,41.66,10.42,0.1102,64.78,0.00489,34.1,healthy,0,0
2026-03-20T19:11:18.750845+00:00,device-32,router,branch-newyork,34.68,20.78,26.35,0.1359,63.02,0.00328,47.6,healthy,0,0
2026-03-19T03:47:18.750845+00:00,device-12,firewall,datacenter-central,55.02,16.11,13.2,0.032,59.85,3e-05,41.3,healthy,0,0
2026-03-13T12:51:18.750845+00:00,device-04,router,datacenter-central,50.51,55.3,1167.72,28.1293,33.48,0.05733,36.2,packet_loss,3,1
2026-03-18T13:55:18.750845+00:00,device-08,router,branch-newyork,9.76,60.24,5.92,0.2009,19.94,0.00138,47.1,healthy,0,0
2026-03-18T13:17:18.750845+00:00,device-07,firewall,branch-losangeles,28.16,36.77,38.51,0.2345,25.78,0.00024,43.9,healthy,0,0
2026-03-16T06:35:18.750845+00:00,device-19,firewall,branch-losangeles,51.75,45.41,29.9,0.25,48.47,0.00221,46.3,healthy,0,0
2026-03-17T13:19:18.750845+00:00,device-22,switch,datacenter-east,27.15,54.62,1996.26,38.4773,44.86,0.24035,48.6,packet_loss,3,1
2026-03-17T04:18:18.750845+00:00,device-08,firewall,branch-newyork,96.96,96.86,2718.63,29.7629,96.3,0.6368,84.9,ddos_attack,5,1
2026-03-12T14:11:18.750845+00:00,device-14,load_balancer,branch-newyork,6.35,26.1,12.59,0.0098,16.95,0.00136,48.2,healthy,0,0
2026-03-17T21:01:18.750845+00:00,device-40,server,datacenter-east,40.45,51.29,34.28,0.114,60.91,0.00436,33.4,healthy,0,0
2026-03-18T01:39:18.750845+00:00,device-22,router,datacenter-central,63.71,64.0,5.41,0.0383,11.48,0.00454,40.8,healthy,0,0
2026-03-24T08:03:18.750845+00:00,device-35,router,branch-chicago,27.59,42.25,1976.21,27.4369,43.43,0.15013,51.2,packet_loss,3,1
2026-03-18T17:15:18.750845+00:00,device-32,switch,branch-chicago,61.38,44.89,44.01,0.0308,17.45,0.00421,46.6,healthy,0,0
2026-03-17T13:33:18.750845+00:00,device-05,router,branch-chicago,31.59,19.18,13.16,0.2206,30.63,0.00274,47.3,healthy,0,0
2026-03-19T00:55:18.750845+00:00,device-30,server,branch-chicago,63.67,34.67,5.88,0.218,17.25,0.00066,30.8,healthy,0,0
2026-03-18T21:29:18.750845+00:00,device-20,server,datacenter-east,12.36,43.49,21.28,0.0985,19.28,0.00418,42.6,healthy,0,0
2026-03-19T22:35:18.750845+00:00,device-18,load_balancer,branch-newyork,55.94,23.75,10.28,0.1941,60.7,0.00326,40.6,healthy,0,0
2026-03-23T14:42:18.750845+00:00,device-33,server,branch-newyork,98.11,61.97,255.46,2.1501,74.23,0.01392,75.8,high_cpu,1,1
2026-03-12T15:19:18.750845+00:00,device-17,firewall,branch-chicago,5.69,65.13,32.8,0.2425,19.62,0.00198,35.3,healthy,0,0
2026-03-17T12:43:18.750845+00:00,device-21,load_balancer,datacenter-central,14.56,39.48,4.05,0.2979,20.14,0.00252,36.1,healthy,0,0
2026-03-13T18:21:18.750845+00:00,device-13,firewall,branch-chicago,41.09,22.99,26.01,0.1655,14.79,0.00011,32.6,healthy,0,0
2026-03-24T17:36:18.750845+00:00,device-36,switch,branch-newyork,44.86,93.39,157.0,6.1626,51.18,0.04313,71.4,memory_exhaustion,2,1
2026-03-16T17:31:18.750845+00:00,device-17,server,datacenter-east,23.35,50.31,32.91,0.2979,8.17,0.00382,46.5,healthy,0,0
2026-03-12T14:23:18.750845+00:00,device-44,switch,branch-losangeles,38.8,29.76,868.68,37.4258,67.95,0.23553,51.6,packet_loss,3,1
2026-03-14T07:17:18.750845+00:00,device-39,load_balancer,datacenter-east,41.28,25.98,11.59,0.1033,41.02,0.00021,49.8,healthy,0,0
2026-03-22T17:11:18.750845+00:00,device-20,firewall,datacenter-central,46.25,48.22,24.52,0.2413,30.71,0.00061,42.9,healthy,0,0
2026-03-20T13:37:18.750845+00:00,device-03,firewall,branch-newyork,51.35,17.56,40.05,0.198,41.83,0.00487,35.3,healthy,0,0
2026-03-14T17:25:18.750845+00:00,device-36,firewall,datacenter-west,22.05,60.65,36.68,0.2793,14.84,0.00142,43.1,healthy,0,0
2026-03-22T06:05:18.750845+00:00,device-44,load_balancer,datacenter-west,17.08,39.64,41.07,0.1724,44.5,0.00139,36.5,healthy,0,0
2026-03-12T15:33:18.750845+00:00,device-02,router,datacenter-west,81.33,85.08,777.54,25.021,63.82,0.16664,69.5,bgp_flapping,4,1
2026-03-17T19:35:18.750845+00:00,device-42,server,branch-chicago,60.46,20.54,30.91,0.2441,45.51,0.0008,48.6,healthy,0,0
2026-03-18T08:45:18.750845+00:00,device-30,switch,branch-newyork,62.05,65.97,8.46,0.1639,54.16,0.00241,43.8,healthy,0,0
2026-03-19T11:11:18.750845+00:00,device-38,firewall,datacenter-central,21.77,42.85,22.84,0.1411,60.57,0.00026,49.4,healthy,0,0
2026-03-19T02:03:18.750845+00:00,device-07,switch,branch-newyork,63.74,17.06,27.46,0.2821,54.0,0.00305,47.2,healthy,0,0
2026-03-21T12:55:18.750845+00:00,device-43,router,branch-chicago,5.14,53.44,10.77,0.0206,33.98,0.00071,38.4,healthy,0,0
2026-03-13T05:29:18.750845+00:00,device-19,switch,branch-losangeles,26.93,46.25,24.77,0.0564,64.5,0.00026,36.3,healthy,0,0
2026-03-16T17:47:18.750845+00:00,device-15,router,datacenter-west,62.22,32.09,29.45,0.11,34.01,0.00416,31.5,healthy,0,0
2026-03-19T10:47:18.750845+00:00,device-25,router,branch-losangeles,39.3,17.9,39.25,0.2801,8.11,0.00271,38.0,healthy,0,0
2026-03-15T21:27:18.750845+00:00,device-41,firewall,datacenter-east,15.45,67.88,36.42,0.2911,46.37,0.00084,39.8,healthy,0,0
2026-03-18T03:37:18.750845+00:00,device-09,router,branch-newyork,28.32,31.54,38.81,0.2735,10.93,0.00062,37.9,healthy,0,0
2026-03-15T17:21:18.750845+00:00,device-50,server,datacenter-west,7.76,58.1,25.75,0.0807,11.19,0.00436,43.0,healthy,0,0
2026-03-21T23:42:18.750845+00:00,device-26,switch,branch-chicago,70.7,91.31,242.26,6.2275,60.8,0.02351,73.7,memory_exhaustion,2,1
2026-03-21T19:53:18.750845+00:00,device-11,server,datacenter-east,5.68,45.29,8.93,0.1546,24.76,0.00326,46.2,healthy,0,0
2026-03-25T01:39:18.750845+00:00,device-21,server,branch-chicago,57.11,93.16,384.19,3.4771,77.57,0.06765,61.4,memory_exhaustion,2,1
2026-03-17T20:55:18.750845+00:00,device-19,router,datacenter-west,40.66,55.15,10.93,0.1687,58.35,0.0011,38.1,healthy,0,0
2026-03-14T07:19:18.750845+00:00,device-20,router,datacenter-west,41.63,50.64,38.54,0.2798,50.94,0.00392,43.2,healthy,0,0
2026-03-15T08:13:18.750845+00:00,device-14,firewall,branch-losangeles,7.12,56.37,6.19,0.0821,16.12,0.00406,35.1,healthy,0,0
2026-03-22T13:02:18.750845+00:00,device-36,switch,branch-losangeles,33.13,59.72,1242.91,19.8778,43.34,0.23539,47.1,packet_loss,3,1
2026-03-19T22:11:18.750845+00:00,device-15,server,branch-newyork,5.54,69.97,16.76,0.1328,44.33,0.00455,38.1,healthy,0,0
2026-03-19T12:27:18.750845+00:00,device-01,switch,branch-newyork,53.27,35.43,22.44,0.1151,42.36,0.00042,30.8,healthy,0,0
2026-03-12T10:19:18.750845+00:00,device-31,server,datacenter-central,14.68,10.77,27.47,0.1026,27.12,0.00187,34.7,healthy,0,0
2026-03-18T03:35:18.750845+00:00,device-22,load_balancer,datacenter-central,93.23,88.38,4512.28,36.2785,97.54,0.78647,80.1,ddos_attack,5,1
2026-03-13T15:35:18.750845+00:00,device-43,firewall,branch-losangeles,48.52,61.9,4.12,0.0611,57.75,0.00299,49.6,healthy,0,0
2026-03-16T11:13:18.750845+00:00,device-42,load_balancer,datacenter-west,29.23,67.79,43.43,0.2732,57.53,0.00165,36.6,healthy,0,0
2026-03-14T04:15:18.750845+00:00,device-47,load_balancer,datacenter-east,45.02,62.55,8.28,0.1094,30.8,0.00104,45.7,healthy,0,0
2026-03-25T16:35:18.750845+00:00,device-08,server,branch-losangeles,46.67,95.77,129.06,3.7194,69.23,0.08518,63.2,memory_exhaustion,2,1
2026-03-15T08:07:18.750845+00:00,device-09,server,branch-losangeles,30.77,47.21,35.62,0.0679,57.47,0.00079,47.4,healthy,0,0
2026-03-17T10:03:18.750845+00:00,device-03,server,datacenter-central,22.18,54.37,16.48,0.2182,35.26,0.00095,39.3,healthy,0,0
2026-03-18T03:23:18.750845+00:00,device-06,server,datacenter-east,53.21,46.24,28.65,0.1542,9.45,0.00111,47.5,healthy,0,0
2026-03-22T13:12:18.750845+00:00,device-14,router,datacenter-east,73.79,78.09,2792.32,21.5763,71.57,0.30028,74.0,bgp_flapping,4,1
2026-03-18T18:27:18.750845+00:00,device-20,server,branch-losangeles,61.28,38.49,44.63,0.138,47.07,0.00376,48.9,healthy,0,0
2026-03-21T06:21:18.750845+00:00,device-17,server,branch-losangeles,97.16,60.66,180.05,1.9068,88.66,0.04883,77.6,high_cpu,1,1
2026-03-16T16:25:18.750845+00:00,device-37,firewall,branch-newyork,10.3,10.4,38.06,0.2471,46.63,0.00135,43.2,healthy,0,0
2026-03-22T13:37:18.750845+00:00,device-29,load_balancer,branch-chicago,17.48,21.62,18.8,0.1068,5.49,0.00309,44.3,healthy,0,0
2026-03-22T19:45:18.750845+00:00,device-30,switch,datacenter-west,27.34,10.57,43.47,0.0242,28.26,0.00373,42.3,healthy,0,0
2026-03-21T21:21:18.750845+00:00,device-05,switch,branch-losangeles,5.74,13.58,18.52,0.1912,6.51,0.00223,33.9,healthy,0,0
2026-03-13T09:35:18.750845+00:00,device-37,switch,datacenter-west,6.68,32.1,31.66,0.0689,24.71,0.00364,48.9,healthy,0,0
2026-03-17T06:21:18.750845+00:00,device-09,load_balancer,branch-newyork,18.74,64.91,35.44,0.1195,21.85,0.00475,32.7,healthy,0,0
2026-03-21T21:41:18.750845+00:00,device-06,server,branch-losangeles,47.14,63.5,17.68,0.2822,18.43,0.00223,47.0,healthy,0,0
2026-03-21T05:47:18.750845+00:00,device-37,router,branch-newyork,24.88,12.67,18.92,0.0649,57.74,0.00374,42.5,healthy,0,0
2026-03-12T14:27:18.750845+00:00,device-36,server,datacenter-central,36.74,13.4,44.08,0.0458,46.92,2e-05,44.2,healthy,0,0
2026-03-18T01:51:18.750845+00:00,device-45,load_balancer,branch-newyork,22.31,56.83,36.61,0.1922,57.81,0.0022,32.4,healthy,0,0
2026-03-16T15:29:18.750845+00:00,device-05,server,datacenter-central,52.4,62.76,17.44,0.1651,60.0,0.00413,32.5,healthy,0,0
2026-03-19T05:17:18.750845+00:00,device-04,server,datacenter-east,10.41,50.31,42.21,0.2165,29.35,0.0018,34.5,healthy,0,0
2026-03-22T20:29:18.750845+00:00,device-30,switch,datacenter-west,11.86,51.91,18.32,0.2242,43.52,0.00059,32.5,healthy,0,0
2026-03-14T16:59:18.750845+00:00,device-03,load_balancer,branch-chicago,54.49,39.32,36.93,0.2794,36.74,0.00234,48.9,healthy,0,0
2026-03-14T02:19:18.750845+00:00,device-39,server,datacenter-west,90.88,76.14,215.22,2.5941,72.99,0.03936,73.4,high_cpu,1,1
2026-03-12T14:47:18.750845+00:00,device-33,switch,branch-chicago,18.53,66.01,40.37,0.13,31.76,0.00183,31.8,healthy,0,0
2026-03-13T01:39:18.750845+00:00,device-44,router,datacenter-central,34.09,64.79,9.32,0.1038,33.61,0.00043,47.0,healthy,0,0
2026-03-21T07:03:18.750845+00:00,device-45,switch,datacenter-west,48.61,53.59,3.62,0.1684,44.26,0.003,37.4,healthy,0,0
2026-03-18T19:39:18.750845+00:00,device-33,server,datacenter-east,52.11,41.62,35.01,0.0445,20.89,0.00199,30.2,healthy,0,0
2026-03-19T13:23:18.750845+00:00,device-50,server,branch-losangeles,44.0,35.65,10.1,0.1285,52.9,0.00237,48.9,healthy,0,0
2026-03-20T03:47:18.750845+00:00,device-34,server,branch-losangeles,47.5,19.52,12.02,0.0695,36.61,0.005,47.1,healthy,0,0
2026-03-21T16:31:18.750845+00:00,device-20,switch,datacenter-east,26.55,33.51,578.25,13.0509,62.21,0.16294,37.2,packet_loss,3,1
2026-03-21T04:41:18.750845+00:00,device-23,firewall,datacenter-west,6.96,27.21,28.86,0.0035,56.37,0.00311,38.0,healthy,0,0
2026-03-16T17:35:18.750845+00:00,device-12,load_balancer,branch-newyork,41.32,69.92,36.37,0.0977,21.94,0.00027,32.7,healthy,0,0
2026-03-22T04:15:18.750845+00:00,device-03,router,branch-losangeles,25.18,29.26,18.72,0.2359,27.85,0.00013,37.4,healthy,0,0
2026-03-16T17:25:18.750845+00:00,device-48,server,branch-newyork,90.9,81.63,246.31,0.9902,84.78,0.04566,61.2,high_cpu,1,1
2026-03-13T21:03:18.750845+00:00,device-49,firewall,datacenter-east,43.56,21.1,1.95,0.0867,22.84,0.00328,39.3,healthy,0,0
2026-03-22T08:21:18.750845+00:00,device-33,server,branch-losangeles,61.9,39.45,35.23,0.2122,54.94,0.00399,38.9,healthy,0,0
2026-03-22T12:03:18.750845+00:00,device-38,server,branch-chicago,52.24,98.48,282.61,6.293,77.88,0.04416,67.4,memory_exhaustion,2,1
2026-03-18T07:27:18.750845+00:00,device-49,router,branch-newyork,60.99,37.46,18.12,0.176,25.38,0.00414,48.0,healthy,0,0
2026-03-20T19:09:18.750845+00:00,device-46,firewall,datacenter-west,34.77,25.51,41.85,0.1824,42.46,0.00123,48.2,healthy,0,0
2026-03-18T21:21:18.750845+00:00,device-17,router,datacenter-central,93.18,83.05,221.1,2.6374,82.3,0.02776,78.9,high_cpu,1,1
2026-03-14T11:13:18.750845+00:00,device-09,switch,datacenter-central,40.72,46.39,9.4,0.0602,33.66,0.00257,35.7,healthy,0,0
2026-03-18T09:21:18.750845+00:00,device-33,server,branch-losangeles,59.89,51.41,17.32,0.0437,24.22,0.00338,47.7,healthy,0,0
2026-03-15T23:11:18.750845+00:00,device-21,firewall,branch-losangeles,62.78,17.96,13.27,0.2266,40.71,0.00263,35.8,healthy,0,0
2026-03-19T00:35:18.750845+00:00,device-04,switch,branch-losangeles,46.85,30.62,30.98,0.282,31.99,0.00085,32.6,healthy,0,0
2026-03-17T20:27:18.750845+00:00,device-37,firewall,branch-chicago,39.56,66.79,17.06,0.0371,52.14,0.00264,49.3,healthy,0,0
2026-03-17T18:51:18.750845+00:00,device-10,router,branch-newyork,41.41,48.12,555.24,32.4507,67.4,0.1051,43.6,packet_loss,3,1
2026-03-20T03:41:18.750845+00:00,device-25,load_balancer,branch-newyork,42.76,36.35,33.66,0.2709,61.02,0.00268,42.3,healthy,0,0
2026-03-16T01:39:18.750845+00:00,device-27,load_balancer,branch-chicago,42.33,40.61,2.92,0.2725,57.77,0.00202,46.5,healthy,0,0
2026-03-17T10:13:18.750845+00:00,device-18,firewall,branch-chicago,18.55,69.35,35.0,0.1403,24.41,0.00479,44.5,healthy,0,0
2026-03-18T18:29:18.750845+00:00,device-37,firewall,branch-chicago,92.73,94.36,3468.64,43.3018,95.76,0.25544,67.7,ddos_attack,5,1
2026-03-21T00:36:18.750845+00:00,device-04,router,branch-losangeles,85.55,60.07,258.89,2.0315,83.19,0.02059,75.3,high_cpu,1,1
2026-03-12T09:39:18.750845+00:00,device-32,load_balancer,datacenter-central,47.71,14.33,10.43,0.0759,44.71,0.00448,47.4,healthy,0,0
2026-03-21T02:57:18.750845+00:00,device-33,switch,branch-newyork,19.53,64.49,27.46,0.0832,34.57,0.00292,42.9,healthy,0,0
2026-03-23T08:24:18.750845+00:00,device-30,router,branch-chicago,43.61,29.8,262.87,33.5044,68.97,0.06792,37.5,packet_loss,3,1
2026-03-21T08:57:18.750845+00:00,device-12,server,datacenter-central,51.61,61.05,44.67,0.1417,26.71,3e-05,41.1,healthy,0,0
2026-03-17T03:13:18.750845+00:00,device-12,load_balancer,branch-chicago,62.41,57.12,41.88,0.249,5.62,0.00088,50.0,healthy,0,0
2026-03-21T05:59:18.750845+00:00,device-27,server,branch-newyork,49.79,43.35,1.08,0.179,47.75,0.00011,34.5,healthy,0,0
2026-03-14T23:13:18.750845+00:00,device-07,router,datacenter-east,56.79,36.25,43.43,0.0456,53.01,0.00106,33.7,healthy,0,0
2026-03-13T04:49:18.750845+00:00,device-09,load_balancer,branch-chicago,20.13,37.38,15.72,0.1039,54.71,0.00054,49.3,healthy,0,0
2026-03-15T00:28:18.750845+00:00,device-24,load_balancer,datacenter-east,93.77,89.42,4722.48,47.8525,98.47,0.2416,67.0,ddos_attack,5,1
2026-03-12T19:01:18.750845+00:00,device-05,firewall,branch-newyork,10.81,11.87,15.61,0.2243,62.98,0.00426,30.8,healthy,0,0
2026-03-22T02:07:18.750845+00:00,device-20,router,datacenter-central,64.6,25.05,34.9,0.1894,14.31,0.00042,46.9,healthy,0,0
2026-03-17T04:51:18.750845+00:00,device-01,router,branch-losangeles,90.11,68.56,135.99,2.1601,81.65,0.01888,78.4,high_cpu,1,1
2026-03-14T22:09:18.750845+00:00,device-50,server,datacenter-central,38.39,21.43,41.69,0.209,46.33,0.00426,41.6,healthy,0,0
2026-03-20T05:47:18.750845+00:00,device-28,switch,datacenter-central,19.16,14.22,11.15,0.2838,39.01,0.00283,36.3,healthy,0,0
2026-03-15T08:29:18.750845+00:00,device-32,firewall,branch-newyork,20.29,22.22,28.37,0.2627,19.53,0.00253,48.9,healthy,0,0
2026-03-21T12:53:18.750845+00:00,device-30,switch,datacenter-west,57.75,36.89,28.25,0.2574,16.01,0.0029,46.8,healthy,0,0
2026-03-12T12:37:18.750845+00:00,device-28,router,datacenter-east,86.44,62.69,2150.23,31.4264,71.96,0.18823,57.7,bgp_flapping,4,1
2026-03-23T10:11:18.750845+00:00,device-39,router,branch-losangeles,93.51,77.11,252.33,1.1545,71.58,0.03767,75.1,high_cpu,1,1
2026-03-16T00:07:18.750845+00:00,device-06,firewall,datacenter-west,23.57,52.87,6.49,0.1627,43.19,0.00017,42.7,healthy,0,0
2026-03-12T02:41:18.750845+00:00,device-19,router,branch-losangeles,13.46,16.52,12.23,0.2421,9.92,0.00222,34.7,healthy,0,0
2026-03-12T15:31:18.750845+00:00,device-17,load_balancer,datacenter-east,60.95,34.03,13.66,0.194,15.72,0.00451,44.2,healthy,0,0
2026-03-19T16:11:18.750845+00:00,device-22,switch,datacenter-west,59.48,44.95,33.77,0.0802,38.47,0.00416,45.6,healthy,0,0
2026-03-19T06:37:18.750845+00:00,device-37,switch,branch-newyork,43.74,22.6,15.88,0.1737,49.2,0.00423,47.3,healthy,0,0
2026-03-12T08:05:18.750845+00:00,device-11,firewall,datacenter-east,33.8,15.62,13.52,0.0992,24.44,0.00429,40.8,healthy,0,0
2026-03-24T06:17:18.750845+00:00,device-29,server,datacenter-central,65.13,90.81,409.57,2.3894,67.69,0.0373,72.3,memory_exhaustion,2,1
2026-03-12T05:48:18.750845+00:00,device-50,firewall,datacenter-east,90.25,82.6,4557.26,55.6358,96.48,0.33563,66.0,ddos_attack,5,1
2026-03-12T22:19:18.750845+00:00,device-41,firewall,branch-losangeles,21.81,42.25,44.08,0.1721,51.52,0.00267,34.0,healthy,0,0
2026-03-25T15:58:18.750845+00:00,device-32,switch,datacenter-central,64.12,97.45,499.33,4.8629,70.9,0.07538,55.2,memory_exhaustion,2,1
2026-03-13T13:34:18.750845+00:00,device-50,firewall,datacenter-west,97.41,96.92,1739.99,46.4864,95.09,0.41742,80.9,ddos_attack,5,1
2026-03-12T12:27:18.750845+00:00,device-05,switch,branch-chicago,41.36,19.65,42.18,0.1575,42.16,0.00102,49.3,healthy,0,0
2026-03-15T07:40:18.750845+00:00,device-50,router,branch-chicago,95.94,82.93,260.39,2.588,82.94,0.02617,65.5,high_cpu,1,1
2026-03-20T06:17:18.750845+00:00,device-04,router,branch-chicago,50.4,34.54,27.43,0.1838,5.16,0.00136,42.8,healthy,0,0
2026-03-16T12:23:18.750845+00:00,device-38,server,datacenter-west,43.34,33.6,36.42,0.135,26.94,0.00146,41.5,healthy,0,0
2026-03-22T10:53:18.750845+00:00,device-16,server,branch-newyork,11.7,69.21,4.76,0.0332,30.08,0.00154,40.8,healthy,0,0
2026-03-18T05:13:18.750845+00:00,device-31,firewall,datacenter-central,49.65,50.94,2.35,0.1344,11.82,0.00272,32.8,healthy,0,0
2026-03-25T12:31:18.750845+00:00,device-49,switch,branch-chicago,24.96,34.18,1992.01,18.8461,69.37,0.085,52.3,packet_loss,3,1
2026-03-20T16:35:18.750845+00:00,device-06,router,branch-chicago,89.85,63.29,103.68,2.3476,75.25,0.01204,78.1,high_cpu,1,1
2026-03-21T06:11:18.750845+00:00,device-07,load_balancer,branch-chicago,9.67,21.11,3.95,0.2718,21.7,0.00369,30.6,healthy,0,0
2026-03-12T20:33:18.750845+00:00,device-27,switch,branch-newyork,46.55,16.82,2.88,0.2843,24.93,0.00094,34.0,healthy,0,0
2026-03-12T20:59:18.750845+00:00,device-11,load_balancer,branch-chicago,90.05,83.54,4314.34,54.4553,97.71,0.692,67.9,ddos_attack,5,1
2026-03-18T18:09:18.750845+00:00,device-37,switch,datacenter-central,42.3,95.03,413.04,6.7152,70.83,0.0987,74.8,memory_exhaustion,2,1
2026-03-14T23:45:18.750845+00:00,device-27,firewall,branch-chicago,17.04,43.95,30.7,0.1581,21.23,0.00283,37.3,healthy,0,0
2026-03-17T11:43:18.750845+00:00,device-49,switch,branch-newyork,33.82,67.08,15.88,0.1947,38.69,0.00086,43.1,healthy,0,0
2026-03-21T07:44:18.750845+00:00,device-26,server,branch-chicago,90.26,66.55,170.25,2.5855,87.7,0.01439,62.6,high_cpu,1,1
2026-03-17T13:17:18.750845+00:00,device-12,firewall,branch-losangeles,9.89,68.16,27.32,0.0895,34.23,0.00049,48.3,healthy,0,0
2026-03-23T02:53:18.750845+00:00,device-32,firewall,datacenter-west,25.77,68.0,1.65,0.255,19.41,0.00094,49.6,healthy,0,0
2026-03-25T20:00:18.750845+00:00,device-24,switch,datacenter-central,26.18,57.65,267.47,23.5811,62.66,0.12779,42.9,packet_loss,3,1
2026-03-17T23:17:18.750845+00:00,device-04,load_balancer,branch-losangeles,34.68,63.49,15.23,0.2323,59.13,0.00222,46.5,healthy,0,0
2026-03-17T06:09:18.750845+00:00,device-04,server,datacenter-central,56.32,14.58,12.85,0.0669,42.79,0.00421,38.6,healthy,0,0
2026-03-21T18:51:18.750845+00:00,device-05,load_balancer,datacenter-west,52.79,27.59,13.36,0.0,38.75,0.00308,47.5,healthy,0,0
2026-03-14T01:29:18.750845+00:00,device-40,router,branch-losangeles,64.03,26.52,21.66,0.2149,33.94,0.00189,43.8,healthy,0,0
2026-03-17T04:47:18.750845+00:00,device-28,server,datacenter-east,57.06,33.3,5.98,0.0388,23.39,0.00224,39.1,healthy,0,0
2026-03-12T14:41:18.750845+00:00,device-10,switch,datacenter-east,30.73,19.96,9.0,0.2519,6.38,0.00078,42.2,healthy,0,0
2026-03-21T09:18:18.750845+00:00,device-50,firewall,branch-chicago,98.91,83.03,2292.74,38.101,98.65,0.54318,68.8,ddos_attack,5,1
2026-03-25T19:24:18.750845+00:00,device-30,router,datacenter-west,72.45,86.29,1012.3,22.1568,83.76,0.44184,66.7,bgp_flapping,4,1
2026-03-12T03:55:18.750845+00:00,device-49,firewall,branch-newyork,17.73,53.88,5.43,0.2898,18.2,0.00233,46.7,healthy,0,0
2026-03-22T14:53:18.750845+00:00,device-43,router,datacenter-west,89.2,63.22,1992.7,30.3319,73.34,0.35067,67.4,bgp_flapping,4,1
2026-03-13T02:41:18.750845+00:00,device-10,server,branch-losangeles,41.49,13.56,39.46,0.2567,60.39,0.00134,30.7,healthy,0,0
2026-03-18T13:35:18.750845+00:00,device-23,switch,branch-losangeles,14.24,24.0,7.72,0.1678,34.96,0.00368,33.7,healthy,0,0
2026-03-18T10:51:18.750845+00:00,device-49,router,datacenter-central,27.21,26.47,20.87,0.2102,50.82,0.00258,40.7,healthy,0,0
2026-03-19T22:29:18.750845+00:00,device-29,router,datacenter-central,54.31,54.82,30.29,0.0792,31.68,0.00373,45.0,healthy,0,0
2026-03-22T10:21:18.750845+00:00,device-01,switch,branch-newyork,68.8,94.94,106.4,3.4945,52.43,0.09452,66.4,memory_exhaustion,2,1
2026-03-13T08:05:18.750845+00:00,device-05,firewall,datacenter-central,10.46,57.11,6.46,0.1071,64.53,0.00289,42.7,healthy,0,0
2026-03-22T20:51:18.750845+00:00,device-44,router,datacenter-west,18.81,22.62,5.41,0.0125,33.83,0.00166,35.3,healthy,0,0
2026-03-12T23:57:18.750845+00:00,device-34,router,datacenter-east,87.49,73.08,247.64,2.8544,80.26,0.01101,69.5,high_cpu,1,1
2026-03-21T23:11:18.750845+00:00,device-20,firewall,branch-losangeles,38.35,35.54,37.56,0.1794,20.69,0.00393,40.0,healthy,0,0
2026-03-17T14:23:18.750845+00:00,device-34,server,branch-newyork,38.69,35.6,31.7,0.0454,33.14,0.00352,48.1,healthy,0,0
2026-03-21T00:21:18.750845+00:00,device-36,server,datacenter-west,19.99,69.84,18.86,0.1285,54.83,0.00218,46.3,healthy,0,0
2026-03-17T10:01:18.750845+00:00,device-23,load_balancer,branch-chicago,24.43,25.48,22.96,0.1502,32.22,0.00311,40.8,healthy,0,0
2026-03-13T10:03:18.750845+00:00,device-10,load_balancer,branch-losangeles,56.22,49.35,42.63,0.2205,8.07,0.00211,41.9,healthy,0,0
2026-03-13T18:23:18.750845+00:00,device-11,server,datacenter-east,28.0,67.02,39.35,0.124,12.86,0.00426,44.2,healthy,0,0
2026-03-19T07:45:18.750845+00:00,device-11,switch,branch-losangeles,50.45,36.11,37.68,0.2654,38.88,0.00376,48.6,healthy,0,0
2026-03-15T00:43:18.750845+00:00,device-50,server,datacenter-central,27.95,53.39,16.51,0.1757,18.53,0.00458,33.2,healthy,0,0
2026-03-16T20:11:18.750845+00:00,device-32,server,datacenter-east,56.17,39.23,16.34,0.0894,56.24,0.00459,33.0,healthy,0,0
2026-03-14T15:31:18.750845+00:00,device-29,switch,datacenter-central,49.92,22.15,40.88,0.0995,58.54,0.00054,36.8,healthy,0,0
2026-03-15T06:39:18.750845+00:00,device-19,load_balancer,branch-losangeles,18.6,30.89,5.86,0.2548,58.22,0.00203,38.6,healthy,0,0
2026-03-13T20:17:18.750845+00:00,device-11,firewall,branch-chicago,18.01,31.48,36.45,0.1319,20.55,0.0014,36.1,healthy,0,0
2026-03-22T02:53:18.750845+00:00,device-44,router,datacenter-west,80.33,73.22,684.3,28.0343,71.1,0.29493,60.6,bgp_flapping,4,1
2026-03-16T11:01:18.750845+00:00,device-19,router,branch-chicago,54.27,19.44,38.89,0.2669,53.69,0.00011,46.0,healthy,0,0
2026-03-20T23:41:18.750845+00:00,device-30,router,datacenter-west,52.25,33.82,1.82,0.1255,53.59,0.00292,34.8,healthy,0,0
2026-03-12T23:07:18.750845+00:00,device-25,firewall,datacenter-west,27.2,20.87,44.19,0.0058,5.48,0.00235,34.0,healthy,0,0
2026-03-15T01:57:18.750845+00:00,device-02,switch,datacenter-central,12.1,19.1,2.55,0.0311,63.67,0.00424,31.7,healthy,0,0
2026-03-14T06:31:18.750845+00:00,device-08,router,datacenter-central,53.07,29.81,446.67,12.5348,56.95,0.20332,47.3,packet_loss,3,1
2026-03-17T23:09:18.750845+00:00,device-47,switch,branch-newyork,63.89,40.31,36.98,0.1231,37.07,0.00203,41.8,healthy,0,0
2026-03-21T04:45:18.750845+00:00,device-24,server,datacenter-west,61.78,66.42,30.61,0.2463,37.85,0.00068,42.2,healthy,0,0
2026-03-17T22:05:18.750845+00:00,device-05,firewall,datacenter-central,90.7,96.94,4610.31,34.9316,97.19,0.43558,77.7,ddos_attack,5,1
2026-03-21T13:38:18.750845+00:00,device-22,router,branch-losangeles,89.39,64.07,276.48,1.132,74.37,0.03986,70.6,high_cpu,1,1
2026-03-20T08:41:18.750845+00:00,device-21,load_balancer,datacenter-central,47.58,26.08,32.39,0.0712,17.46,0.00473,42.3,healthy,0,0
2026-03-23T14:48:18.750845+00:00,device-19,server,datacenter-east,55.19,92.41,145.88,7.0927,62.28,0.04047,61.0,memory_exhaustion,2,1
2026-03-12T08:49:18.750845+00:00,device-41,firewall,datacenter-east,23.0,59.09,18.4,0.1749,37.82,0.00341,49.4,healthy,0,0
2026-03-13T11:01:18.750845+00:00,device-27,server,branch-newyork,44.72,32.01,40.54,0.1598,12.75,0.00039,48.1,healthy,0,0
2026-03-22T06:07:18.750845+00:00,device-40,firewall,branch-losangeles,98.61,88.88,3922.2,23.4846,95.22,0.76416,77.6,ddos_attack,5,1
2026-03-20T09:57:18.750845+00:00,device-50,server,datacenter-west,17.75,34.99,27.13,0.2936,64.89,0.00095,33.5,healthy,0,0
2026-03-15T10:01:18.750845+00:00,device-09,switch,datacenter-central,28.91,45.36,25.44,0.1128,59.76,0.0009,42.3,healthy,0,0
2026-03-22T23:57:18.750845+00:00,device-09,switch,datacenter-west,23.25,26.59,15.87,0.1988,61.19,0.00432,46.4,healthy,0,0
2026-03-15T09:57:18.750845+00:00,device-02,firewall,datacenter-east,16.09,26.42,36.6,0.2473,39.65,0.0024,46.6,healthy,0,0
2026-03-19T21:53:18.750845+00:00,device-11,router,datacenter-central,63.63,48.54,42.35,0.0157,21.11,0.00264,37.9,healthy,0,0
2026-03-15T06:15:18.750845+00:00,device-49,firewall,branch-losangeles,22.19,59.82,4.13,0.0668,18.69,0.00202,34.7,healthy,0,0
2026-03-20T03:39:18.750845+00:00,device-43,switch,branch-losangeles,30.68,21.44,43.78,0.1516,17.2,0.00345,49.4,healthy,0,0
2026-03-12T15:43:18.750845+00:00,device-33,switch,datacenter-east,23.38,14.19,29.64,0.1826,58.53,0.00075,33.1,healthy,0,0
2026-03-17T20:49:18.750845+00:00,device-04,router,branch-newyork,61.23,15.41,2.01,0.0088,45.91,0.00264,34.2,healthy,0,0
2026-03-20T02:13:18.750845+00:00,device-40,firewall,datacenter-west,16.65,11.97,37.3,0.1448,7.69,0.00116,35.1,healthy,0,0
2026-03-12T22:39:18.750845+00:00,device-04,router,branch-losangeles,46.21,26.34,35.72,0.0477,49.94,0.00081,42.6,healthy,0,0
2026-03-17T10:29:18.750845+00:00,device-27,switch,datacenter-west,36.15,25.86,11.4,0.2775,45.98,0.00022,34.6,healthy,0,0
2026-03-16T23:05:18.750845+00:00,device-08,load_balancer,datacenter-central,16.55,58.75,25.16,0.2113,61.32,0.00067,48.7,healthy,0,0
2026-03-17T06:17:18.750845+00:00,device-48,firewall,branch-chicago,6.68,46.58,37.55,0.12,20.35,0.00218,35.3,healthy,0,0
2026-03-16T17:55:18.750845+00:00,device-05,router,datacenter-central,47.04,40.02,2.07,0.2849,19.58,0.00321,43.1,healthy,0,0
2026-03-19T07:59:18.750845+00:00,device-35,switch,branch-newyork,35.79,65.62,26.0,0.299,12.42,0.00461,36.7,healthy,0,0
2026-03-17T07:41:18.750845+00:00,device-23,router,datacenter-east,11.89,32.78,32.23,0.2485,60.86,0.0021,48.2,healthy,0,0
2026-03-20T05:21:18.750845+00:00,device-42,load_balancer,branch-chicago,64.81,38.06,6.38,0.0246,19.66,0.00393,47.3,healthy,0,0
2026-03-14T23:29:18.750845+00:00,device-26,switch,datacenter-west,60.02,30.74,15.84,0.182,55.6,0.00031,35.9,healthy,0,0
2026-03-18T19:09:18.750845+00:00,device-10,router,branch-newyork,37.4,12.37,25.3,0.2549,20.24,0.00126,31.4,healthy,0,0
2026-03-16T17:08:18.750845+00:00,device-46,router,datacenter-west,96.86,83.76,251.74,2.9797,87.26,0.04273,79.8,high_cpu,1,1
2026-03-18T20:31:18.750845+00:00,device-09,load_balancer,datacenter-central,37.12,51.89,7.25,0.2208,35.02,0.00035,41.4,healthy,0,0
2026-03-17T03:07:18.750845+00:00,device-45,switch,branch-newyork,38.65,61.4,30.18,0.0964,24.41,0.00452,49.8,healthy,0,0
2026-03-13T06:09:18.750845+00:00,device-41,router,datacenter-central,32.85,63.43,27.22,0.1786,7.77,0.00268,30.4,healthy,0,0
2026-03-13T08:15:18.750845+00:00,device-11,switch,branch-losangeles,29.78,44.08,15.8,0.0186,53.96,0.00102,44.8,healthy,0,0
2026-03-19T00:13:18.750845+00:00,device-38,firewall,datacenter-west,27.01,59.41,18.4,0.0794,28.51,0.00198,34.1,healthy,0,0
2026-03-22T16:51:18.750845+00:00,device-37,load_balancer,datacenter-east,90.5,81.87,2493.73,20.0015,98.74,0.78164,85.0,ddos_attack,5,1
2026-03-15T10:51:18.750845+00:00,device-16,router,datacenter-west,18.42,53.55,13.93,0.0798,18.52,0.00047,33.2,healthy,0,0
2026-03-18T23:49:18.750845+00:00,device-33,switch,datacenter-east,48.07,35.15,35.54,0.2223,30.96,0.00463,49.7,healthy,0,0
2026-03-16T17:33:18.750845+00:00,device-05,switch,datacenter-central,50.07,65.91,25.76,0.0177,47.8,0.00148,45.2,healthy,0,0
2026-03-22T05:31:18.750845+00:00,device-44,server,datacenter-east,58.71,47.09,36.21,0.2924,11.07,0.00097,46.7,healthy,0,0
2026-03-21T09:57:18.750845+00:00,device-25,router,branch-chicago,73.48,79.0,2090.45,28.6581,82.28,0.21096,68.6,bgp_flapping,4,1
2026-03-20T20:37:18.750845+00:00,device-15,firewall,branch-losangeles,7.69,24.44,39.83,0.1209,20.27,0.00357,45.1,healthy,0,0
2026-03-18T12:31:18.750845+00:00,device-18,load_balancer,branch-chicago,33.86,14.24,24.69,0.1122,58.01,7e-05,35.0,healthy,0,0
2026-03-22T07:30:18.750845+00:00,device-44,router,datacenter-east,78.64,84.92,2767.33,28.054,93.14,0.38185,71.8,bgp_flapping,4,1
2026-03-20T08:23:18.750845+00:00,device-07,switch,branch-newyork,39.54,49.42,27.02,0.1763,43.79,0.00332,41.8,healthy,0,0
2026-03-18T07:11:18.750845+00:00,device-08,server,datacenter-central,24.18,58.97,9.03,0.2975,44.0,0.00242,48.7,healthy,0,0
2026-03-17T20:37:18.750845+00:00,device-19,router,datacenter-west,41.32,41.2,28.38,0.244,48.78,0.00136,31.9,healthy,0,0
2026-03-19T10:59:18.750845+00:00,device-01,switch,datacenter-east,62.94,58.9,36.13,0.228,46.84,0.00056,35.0,healthy,0,0
2026-03-21T13:47:18.750845+00:00,device-35,firewall,branch-losangeles,46.24,59.64,35.75,0.0181,13.65,0.00392,42.2,healthy,0,0
2026-03-13T10:13:18.750845+00:00,device-20,server,datacenter-east,17.84,66.99,30.69,0.1625,45.66,0.00297,45.6,healthy,0,0
2026-03-16T23:55:18.750845+00:00,device-19,load_balancer,branch-newyork,25.78,33.3,20.99,0.1487,10.8,0.00196,39.5,healthy,0,0
2026-03-17T23:36:18.750845+00:00,device-16,load_balancer,branch-chicago,92.33,94.93,1400.99,22.192,97.65,0.64468,71.1,ddos_attack,5,1
2026-03-21T23:15:18.750845+00:00,device-15,firewall,datacenter-west,11.79,64.07,16.57,0.2865,20.41,0.00038,36.6,healthy,0,0
2026-03-16T07:11:18.750845+00:00,device-21,load_balancer,datacenter-central,16.61,52.66,23.08,0.0875,6.25,0.00124,37.5,healthy,0,0
2026-03-14T06:03:18.750845+00:00,device-08,router,branch-newyork,25.56,68.2,13.52,0.2744,43.35,0.00431,48.3,healthy,0,0
2026-03-20T17:19:18.750845+00:00,device-41,load_balancer,datacenter-central,19.06,16.72,41.38,0.1662,33.0,0.00059,43.7,healthy,0,0
2026-03-17T13:00:18.750845+00:00,device-34,load_balancer,datacenter-east,97.78,92.0,2931.12,45.9659,98.44,0.79844,67.3,ddos_attack,5,1
2026-03-20T03:09:18.750845+00:00,device-43,switch,branch-chicago,31.31,15.43,33.23,0.2715,45.62,0.00126,41.4,healthy,0,0
2026-03-14T11:45:18.750845+00:00,device-40,router,branch-newyork,23.03,11.07,43.85,0.2395,17.5,0.00108,42.5,healthy,0,0
2026-03-15T00:03:18.750845+00:00,device-28,server,datacenter-central,29.05,32.85,44.19,0.0796,26.91,0.00126,38.0,healthy,0,0
2026-03-12T04:31:18.750845+00:00,device-13,firewall,branch-chicago,43.37,32.08,42.84,0.2489,61.0,0.0006,34.4,healthy,0,0
2026-03-17T02:17:18.750845+00:00,device-15,server,datacenter-central,25.52,58.34,31.27,0.0016,21.9,0.00055,46.0,healthy,0,0
2026-03-17T17:35:18.750845+00:00,device-06,load_balancer,branch-losangeles,36.38,14.31,10.31,0.2432,55.8,0.00127,44.1,healthy,0,0
2026-03-18T20:35:18.750845+00:00,device-01,load_balancer,datacenter-central,16.89,53.3,42.09,0.0987,38.63,0.00381,34.4,healthy,0,0
2026-03-13T00:35:18.750845+00:00,device-44,load_balancer,datacenter-east,60.21,39.58,36.23,0.2509,13.54,0.00221,34.0,healthy,0,0
2026-03-15T16:33:18.750845+00:00,device-04,router,branch-losangeles,29.42,55.51,39.12,0.1983,15.49,0.00231,37.5,healthy,0,0
2026-03-25T04:16:18.750845+00:00,device-44,server,branch-losangeles,57.56,96.7,233.87,5.6386,60.81,0.08635,73.7,memory_exhaustion,2,1
2026-03-19T07:13:18.750845+00:00,device-38,router,datacenter-east,27.02,57.38,25.79,0.0708,16.2,0.00431,30.1,healthy,0,0
2026-03-21T16:11:18.750845+00:00,device-12,switch,branch-newyork,33.95,60.09,4.2,0.2921,47.59,0.00355,30.6,healthy,0,0
2026-03-22T01:45:18.750845+00:00,device-09,switch,datacenter-east,44.74,13.1,29.6,0.0395,8.47,0.00378,40.3,healthy,0,0
2026-03-14T16:13:18.750845+00:00,device-22,load_balancer,branch-newyork,13.18,62.13,22.29,0.0263,58.04,0.00046,33.0,healthy,0,0
2026-03-23T19:56:18.750845+00:00,device-48,switch,branch-losangeles,69.9,91.71,158.94,6.9692,78.67,0.08876,69.4,memory_exhaustion,2,1
2026-03-15T06:37:18.750845+00:00,device-47,firewall,branch-chicago,55.14,22.51,34.18,0.2986,22.66,0.0021,43.5,healthy,0,0
2026-03-20T18:09:18.750845+00:00,device-13,switch,datacenter-east,58.22,37.71,24.04,0.0275,46.25,0.00457,37.2,healthy,0,0
2026-03-18T22:15:18.750845+00:00,device-11,server,datacenter-west,63.12,44.07,10.75,0.0056,39.42,0.00228,34.2,healthy,0,0
2026-03-13T05:25:18.750845+00:00,device-40,switch,datacenter-east,17.32,51.18,24.64,0.1199,31.62,0.00396,33.8,healthy,0,0
2026-03-14T23:37:18.750845+00:00,device-01,server,branch-newyork,48.24,56.91,4.88,0.2811,38.57,0.00011,36.8,healthy,0,0
2026-03-12T05:27:18.750845+00:00,device-36,router,branch-chicago,12.4,27.58,7.35,0.2487,37.68,1e-05,42.4,healthy,0,0
2026-03-13T22:45:18.750845+00:00,device-39,router,branch-chicago,18.67,67.3,36.04,0.0335,50.99,0.00228,47.4,healthy,0,0
2026-03-19T23:16:18.750845+00:00,device-47,router,branch-newyork,23.7,32.83,1738.03,19.7415,42.03,0.05632,41.1,packet_loss,3,1
2026-03-21T15:41:18.750845+00:00,device-35,server,datacenter-east,57.58,66.5,37.79,0.1383,35.97,0.00019,44.9,healthy,0,0
2026-03-14T08:23:18.750845+00:00,device-22,switch,datacenter-west,34.23,21.94,13.48,0.1895,26.96,0.00154,38.6,healthy,0,0
2026-03-14T14:07:18.750845+00:00,device-14,load_balancer,datacenter-east,26.74,53.21,43.32,0.0097,12.26,0.00284,35.3,healthy,0,0
2026-03-25T12:02:18.750845+00:00,device-04,router,branch-newyork,84.38,76.07,1225.87,25.0705,70.46,0.22064,60.0,bgp_flapping,4,1
2026-03-19T15:21:18.750845+00:00,device-35,load_balancer,branch-losangeles,59.2,39.6,31.24,0.1512,56.41,0.00323,39.0,healthy,0,0
2026-03-17T20:53:18.750845+00:00,device-32,server,branch-losangeles,35.08,60.86,44.16,0.2037,38.6,0.00064,44.3,healthy,0,0
2026-03-15T18:41:18.750845+00:00,device-03,switch,branch-losangeles,48.57,61.68,23.12,0.2604,47.48,0.00239,38.6,healthy,0,0
2026-03-15T02:19:18.750845+00:00,device-30,switch,branch-newyork,12.46,68.27,28.85,0.2825,61.53,0.00411,46.2,healthy,0,0
2026-03-15T11:41:18.750845+00:00,device-24,switch,branch-newyork,26.09,50.88,14.56,0.2558,38.67,0.00172,41.8,healthy,0,0
2026-03-19T10:51:18.750845+00:00,device-13,load_balancer,branch-newyork,95.52,87.01,2533.93,56.6597,98.81,0.44188,78.6,ddos_attack,5,1
2026-03-16T21:25:18.750845+00:00,device-38,server,datacenter-central,59.88,12.92,20.76,0.1337,5.7,0.00347,35.1,healthy,0,0
2026-03-17T03:17:18.750845+00:00,device-32,load_balancer,datacenter-east,5.96,50.62,18.07,0.0052,10.35,0.0021,48.3,healthy,0,0
2026-03-21T06:23:18.750845+00:00,device-45,switch,datacenter-west,56.53,53.25,29.73,0.261,61.94,0.00322,40.1,healthy,0,0
2026-03-18T07:09:18.750845+00:00,device-30,switch,datacenter-east,59.31,21.55,6.69,0.0637,36.99,0.00487,43.3,healthy,0,0
2026-03-22T15:29:18.750845+00:00,device-44,switch,branch-newyork,59.84,92.47,426.61,7.5206,55.59,0.07941,66.4,memory_exhaustion,2,1
2026-03-18T16:15:18.750845+00:00,device-20,switch,datacenter-west,41.86,25.48,341.84,16.7961,37.62,0.06805,35.4,packet_loss,3,1
2026-03-21T18:37:18.750845+00:00,device-23,switch,datacenter-west,6.31,57.44,9.92,0.2373,23.42,0.00045,43.5,healthy,0,0
2026-03-21T06:57:18.750845+00:00,device-11,server,branch-losangeles,34.46,15.91,5.08,0.2496,5.46,0.00213,36.4,healthy,0,0
2026-03-20T11:55:18.750845+00:00,device-31,load_balancer,branch-chicago,5.77,30.98,29.06,0.2991,17.95,0.00189,37.4,healthy,0,0
2026-03-24T22:46:18.750845+00:00,device-45,switch,datacenter-east,21.93,36.57,1461.14,39.0154,46.35,0.10426,41.2,packet_loss,3,1
2026-03-16T15:14:18.750845+00:00,device-49,switch,datacenter-east,56.33,96.43,360.23,7.7689,60.71,0.05001,66.9,memory_exhaustion,2,1
2026-03-23T01:53:18.750845+00:00,device-36,server,datacenter-east,25.91,23.73,40.45,0.2065,58.84,0.00363,32.2,healthy,0,0
2026-03-13T18:41:18.750845+00:00,device-05,router,branch-chicago,86.91,83.96,635.8,17.9611,90.0,0.15982,64.8,bgp_flapping,4,1
2026-03-13T19:28:18.750845+00:00,device-07,router,branch-losangeles,82.81,63.54,1550.62,26.619,93.41,0.2548,71.7,bgp_flapping,4,1
2026-03-24T22:55:18.750845+00:00,device-23,load_balancer,datacenter-west,96.02,81.63,1200.68,30.4948,98.27,0.54654,75.3,ddos_attack,5,1
2026-03-22T16:46:18.750845+00:00,device-46,load_balancer,branch-newyork,93.79,89.75,4436.54,33.5921,99.17,0.62744,77.5,ddos_attack,5,1
2026-03-16T00:05:18.750845+00:00,device-05,router,branch-newyork,62.27,43.73,11.63,0.1538,45.81,0.00371,35.6,healthy,0,0
2026-03-14T07:15:18.750845+00:00,device-35,switch,datacenter-west,57.93,35.52,26.33,0.0605,42.58,0.00198,33.1,healthy,0,0
2026-03-18T07:59:18.750845+00:00,device-10,router,branch-losangeles,60.71,65.36,27.75,0.2097,40.94,0.00141,43.2,healthy,0,0
2026-03-13T00:19:18.750845+00:00,device-12,server,branch-losangeles,18.04,44.87,1.88,0.1133,40.51,0.00273,32.4,healthy,0,0
2026-03-14T16:49:18.750845+00:00,device-20,firewall,branch-losangeles,20.35,43.6,27.05,0.1466,11.39,0.00111,49.9,healthy,0,0
2026-03-19T18:19:18.750845+00:00,device-29,server,datacenter-central,47.23,34.88,41.99,0.0924,53.21,0.00135,39.7,healthy,0,0
2026-03-14T03:13:18.750845+00:00,device-08,firewall,branch-chicago,29.31,31.6,6.07,0.1846,47.48,0.00341,47.9,healthy,0,0
2026-03-13T23:59:18.750845+00:00,device-46,switch,branch-newyork,15.14,57.1,32.2,0.1272,15.11,0.00496,33.8,healthy,0,0
2026-03-17T06:49:18.750845+00:00,device-25,load_balancer,datacenter-west,64.27,27.68,5.97,0.1797,47.64,0.00073,48.6,healthy,0,0
2026-03-12T18:51:18.750845+00:00,device-27,firewall,branch-chicago,11.63,35.49,34.91,0.1616,50.41,0.00319,33.1,healthy,0,0
2026-03-14T04:47:18.750845+00:00,device-06,firewall,branch-chicago,24.3,23.04,2.65,0.099,7.7,0.00238,49.8,healthy,0,0
2026-03-14T20:00:18.750845+00:00,device-04,server,datacenter-west,95.61,60.2,170.66,0.7963,77.97,0.03346,71.5,high_cpu,1,1
2026-03-18T08:35:18.750845+00:00,device-27,switch,datacenter-west,10.37,40.28,20.91,0.1226,16.12,0.00412,36.2,healthy,0,0
2026-03-21T15:26:18.750845+00:00,device-38,firewall,datacenter-west,91.7,87.9,3201.59,21.8495,96.07,0.38219,65.7,ddos_attack,5,1
2026-03-12T14:51:18.750845+00:00,device-36,router,datacenter-east,63.26,13.14,38.31,0.0453,45.2,0.00153,39.1,healthy,0,0
2026-03-17T12:15:18.750845+00:00,device-16,router,branch-losangeles,78.91,78.49,1071.24,32.8106,87.62,0.22485,62.7,bgp_flapping,4,1
2026-03-21T01:55:18.750845+00:00,device-28,switch,branch-newyork,36.32,31.79,11.85,0.1158,38.75,0.00172,39.0,healthy,0,0
2026-03-21T23:07:18.750845+00:00,device-05,server,branch-losangeles,18.74,32.42,12.41,0.0476,10.72,0.00311,33.7,healthy,0,0
2026-03-12T21:50:18.750845+00:00,device-44,switch,datacenter-east,35.77,39.75,852.09,26.4778,52.06,0.12261,43.5,packet_loss,3,1
2026-03-21T14:37:18.750845+00:00,device-20,load_balancer,datacenter-central,10.8,46.44,43.36,0.0786,19.51,0.00417,41.2,healthy,0,0
2026-03-21T16:03:18.750845+00:00,device-21,server,datacenter-west,24.29,33.26,31.87,0.1126,49.23,0.0002,49.9,healthy,0,0
2026-03-20T10:19:18.750845+00:00,device-18,router,datacenter-west,38.27,30.37,35.32,0.2008,26.32,0.00336,45.1,healthy,0,0
2026-03-19T01:43:18.750845+00:00,device-22,load_balancer,branch-chicago,35.08,62.0,7.66,0.2901,7.05,0.00259,47.5,healthy,0,0
2026-03-18T18:09:18.750845+00:00,device-45,router,datacenter-central,52.28,67.26,16.84,0.0948,59.49,0.0006,42.8,healthy,0,0
2026-03-12T14:06:18.750845+00:00,device-29,router,datacenter-west,73.91,76.21,2009.16,33.2023,62.09,0.27288,56.3,bgp_flapping,4,1
2026-03-21T13:09:18.750845+00:00,device-32,firewall,branch-chicago,60.4,45.19,6.8,0.2037,13.51,0.00432,43.9,healthy,0,0
2026-03-12T04:27:18.750845+00:00,device-50,firewall,datacenter-east,22.79,14.4,16.47,0.0059,20.02,0.00138,44.1,healthy,0,0
2026-03-16T05:07:18.750845+00:00,device-40,switch,branch-newyork,28.77,13.08,9.6,0.0199,56.91,0.00061,47.4,healthy,0,0
2026-03-17T07:43:18.750845+00:00,device-37,router,datacenter-west,28.0,56.04,27.49,0.1801,54.14,0.00154,41.7,healthy,0,0
2026-03-22T08:19:18.750845+00:00,device-23,router,branch-losangeles,42.18,33.26,32.94,0.0978,55.41,0.00214,43.1,healthy,0,0
2026-03-18T08:11:18.750845+00:00,device-45,router,datacenter-west,24.1,16.55,12.95,0.1771,36.33,0.00221,38.0,healthy,0,0
2026-03-15T08:31:18.750845+00:00,device-21,switch,branch-chicago,43.27,12.07,31.94,0.1789,60.81,0.00406,32.7,healthy,0,0
2026-03-16T19:00:18.750845+00:00,device-03,server,branch-chicago,98.27,60.57,299.22,0.8176,76.96,0.01595,60.1,high_cpu,1,1
2026-03-20T11:59:18.750845+00:00,device-27,load_balancer,branch-newyork,62.99,68.97,5.68,0.2787,35.31,0.00412,46.7,healthy,0,0
2026-03-19T22:59:18.750845+00:00,device-26,load_balancer,datacenter-west,16.77,68.01,43.36,0.0117,34.37,0.00272,30.4,healthy,0,0
2026-03-21T21:45:18.750845+00:00,device-32,router,branch-chicago,24.02,20.78,25.7,0.0964,63.26,0.00026,38.1,healthy,0,0
2026-03-21T13:43:18.750845+00:00,device-22,firewall,datacenter-east,29.92,56.27,24.5,0.2594,30.04,0.00096,38.0,healthy,0,0
2026-03-14T09:27:18.750845+00:00,device-13,load_balancer,branch-chicago,23.56,49.36,37.22,0.0813,36.66,0.00181,45.2,healthy,0,0
2026-03-18T17:19:18.750845+00:00,device-04,firewall,datacenter-east,32.77,15.69,11.27,0.1962,57.19,0.00095,39.8,healthy,0,0
2026-03-20T19:21:18.750845+00:00,device-46,load_balancer,datacenter-central,51.41,27.02,26.85,0.037,27.71,0.00051,44.4,healthy,0,0
2026-03-20T12:09:18.750845+00:00,device-18,server,datacenter-east,39.55,30.13,40.32,0.2618,27.92,0.00046,33.9,healthy,0,0
2026-03-14T00:57:18.750845+00:00,device-27,router,datacenter-east,63.87,22.35,8.16,0.0067,18.7,0.00183,37.2,healthy,0,0
2026-03-12T06:35:18.750845+00:00,device-39,switch,branch-losangeles,37.56,41.02,35.76,0.0749,52.13,0.00287,32.0,healthy,0,0
2026-03-22T07:15:18.750845+00:00,device-08,firewall,datacenter-west,40.32,16.81,15.25,0.1753,45.27,0.00283,33.4,healthy,0,0
2026-03-18T03:29:18.750845+00:00,device-21,server,branch-losangeles,21.33,67.54,22.18,0.1682,42.94,0.0047,41.5,healthy,0,0
2026-03-13T16:19:18.750845+00:00,device-32,load_balancer,datacenter-central,13.39,10.07,4.02,0.2199,41.36,0.00211,39.1,healthy,0,0
2026-03-24T16:02:18.750845+00:00,device-42,firewall,branch-losangeles,98.05,92.3,2609.16,43.4557,97.48,0.5536,65.3,ddos_attack,5,1
2026-03-17T13:11:18.750845+00:00,device-32,router,datacenter-central,51.14,26.9,36.4,0.0569,59.73,0.00248,45.6,healthy,0,0
2026-03-16T23:21:18.750845+00:00,device-38,server,datacenter-west,5.2,48.41,20.2,0.2829,47.49,0.0015,48.8,healthy,0,0
2026-03-24T21:17:18.750845+00:00,device-17,switch,datacenter-central,37.37,55.68,1991.26,22.6344,66.65,0.14438,53.7,packet_loss,3,1
2026-03-16T01:01:18.750845+00:00,device-29,router,branch-chicago,9.93,28.34,6.6,0.2353,48.32,0.00346,31.8,healthy,0,0
2026-03-18T10:07:18.750845+00:00,device-13,server,datacenter-central,49.27,48.25,15.29,0.2751,29.85,0.00265,34.4,healthy,0,0
2026-03-19T12:17:18.750845+00:00,device-06,load_balancer,branch-chicago,17.54,33.27,38.8,0.155,14.95,0.00414,31.8,healthy,0,0
2026-03-22T00:47:18.750845+00:00,device-34,router,datacenter-central,21.17,61.12,40.94,0.2267,8.13,0.00286,43.8,healthy,0,0
2026-03-14T10:21:18.750845+00:00,device-46,router,datacenter-west,24.43,59.82,28.76,0.0332,50.93,0.0013,31.7,healthy,0,0
2026-03-21T21:06:18.750845+00:00,device-19,server,datacenter-central,60.62,96.32,277.92,6.393,60.34,0.03085,62.6,memory_exhaustion,2,1
2026-03-18T00:25:18.750845+00:00,device-44,router,branch-newyork,49.38,64.26,38.92,0.0985,42.99,0.00458,43.1,healthy,0,0
2026-03-18T18:55:18.750845+00:00,device-49,firewall,branch-newyork,57.97,38.38,16.01,0.0269,27.97,0.00038,31.0,healthy,0,0
2026-03-19T09:10:18.750845+00:00,device-19,server,datacenter-east,40.62,92.52,283.17,2.8822,66.56,0.08252,60.9,memory_exhaustion,2,1
2026-03-13T18:43:18.750845+00:00,device-13,server,datacenter-west,64.9,53.25,8.81,0.0655,34.67,0.0038,32.4,healthy,0,0
2026-03-22T19:49:18.750845+00:00,device-05,server,datacenter-east,30.66,62.43,38.05,0.1928,19.89,0.00334,48.3,healthy,0,0
2026-03-17T07:13:18.750845+00:00,device-42,server,datacenter-west,57.4,48.22,41.68,0.1596,10.15,0.00471,39.3,healthy,0,0
2026-03-16T00:57:18.750845+00:00,device-25,server,branch-chicago,37.0,37.56,19.37,0.2762,43.52,0.00395,38.2,healthy,0,0
2026-03-17T05:22:18.750845+00:00,device-01,server,branch-losangeles,91.84,72.6,295.96,1.6931,86.05,0.02272,77.7,high_cpu,1,1
2026-03-13T15:05:18.750845+00:00,device-04,firewall,datacenter-central,12.94,64.07,32.26,0.0104,46.71,0.00258,46.2,healthy,0,0
2026-03-19T23:49:18.750845+00:00,device-09,firewall,branch-newyork,44.12,62.33,9.8,0.004,61.32,0.00301,34.5,healthy,0,0
2026-03-15T22:06:18.750845+00:00,device-37,router,branch-losangeles,34.21,51.58,1242.28,38.8791,62.38,0.21638,41.6,packet_loss,3,1
2026-03-22T01:09:18.750845+00:00,device-18,server,branch-losangeles,37.31,43.3,14.41,0.0755,14.01,0.00182,33.5,healthy,0,0
2026-03-12T06:13:18.750845+00:00,device-31,switch,branch-chicago,5.62,53.71,11.5,0.2914,21.92,0.00328,48.6,healthy,0,0
2026-03-20T15:50:18.750845+00:00,device-12,server,branch-newyork,97.24,79.53,190.87,2.2784,83.37,0.02877,63.3,high_cpu,1,1
2026-03-14T18:52:18.750845+00:00,device-12,switch,datacenter-west,71.94,96.39,130.9,3.1671,73.75,0.02413,66.2,memory_exhaustion,2,1
2026-03-14T02:17:18.750845+00:00,device-27,firewall,branch-chicago,50.89,28.03,19.06,0.2952,29.68,0.00408,38.9,healthy,0,0
2026-03-14T10:11:18.750845+00:00,device-08,load_balancer,branch-newyork,97.22,92.42,2387.0,41.4512,98.72,0.52421,78.9,ddos_attack,5,1
2026-03-21T18:03:18.750845+00:00,device-16,server,branch-losangeles,18.12,49.02,22.36,0.0748,23.59,0.00251,30.3,healthy,0,0
2026-03-19T08:25:18.750845+00:00,device-40,server,branch-chicago,20.52,16.99,13.23,0.1633,63.56,0.0031,37.0,healthy,0,0
2026-03-13T18:45:18.750845+00:00,device-09,firewall,branch-newyork,43.75,29.78,40.85,0.272,58.67,0.00254,43.9,healthy,0,0
2026-03-22T22:53:18.750845+00:00,device-44,server,datacenter-central,26.96,22.22,38.64,0.0938,46.4,0.00212,36.7,healthy,0,0
2026-03-18T19:45:18.750845+00:00,device-32,load_balancer,datacenter-east,58.97,47.79,12.87,0.0736,37.36,0.00082,44.2,healthy,0,0
2026-03-12T15:17:18.750845+00:00,device-18,server,branch-chicago,25.56,15.26,29.64,0.1341,55.47,0.00059,46.8,healthy,0,0
2026-03-17T08:13:18.750845+00:00,device-23,load_balancer,datacenter-west,13.04,57.76,32.21,0.1358,38.26,0.00077,46.9,healthy,0,0
2026-03-13T04:23:18.750845+00:00,device-11,switch,branch-chicago,37.85,42.41,30.3,0.1752,5.35,0.00192,32.1,healthy,0,0
2026-03-24T07:11:18.750845+00:00,device-05,server,datacenter-central,92.71,67.82,170.14,2.9528,72.33,0.02722,78.9,high_cpu,1,1
2026-03-13T04:05:18.750845+00:00,device-15,switch,datacenter-central,49.31,27.34,11.15,0.0962,39.8,0.00126,45.8,healthy,0,0
2026-03-16T19:49:18.750845+00:00,device-20,switch,branch-newyork,12.72,47.61,27.01,0.2546,5.92,0.0008,35.2,healthy,0,0
2026-03-19T17:13:18.750845+00:00,device-19,firewall,datacenter-central,10.25,43.36,23.93,0.1104,54.43,0.00372,47.5,healthy,0,0
2026-03-20T12:15:18.750845+00:00,device-06,load_balancer,datacenter-central,52.33,26.78,9.52,0.0613,39.57,0.00331,36.0,healthy,0,0
2026-03-18T23:51:18.750845+00:00,device-07,router,datacenter-east,33.38,13.32,33.64,0.1848,30.81,0.00272,30.4,healthy,0,0
2026-03-22T14:35:18.750845+00:00,device-07,firewall,datacenter-east,37.13,43.92,1.45,0.0748,52.68,0.00385,30.6,healthy,0,0
2026-03-12T09:35:18.750845+00:00,device-32,firewall,datacenter-central,46.31,42.03,33.58,0.1683,27.29,0.00034,36.1,healthy,0,0
2026-03-16T12:33:18.750845+00:00,device-14,switch,datacenter-central,43.71,27.58,1.85,0.1637,17.44,0.00454,31.8,healthy,0,0
2026-03-15T05:11:18.750845+00:00,device-47,switch,datacenter-west,12.23,63.56,31.67,0.0909,23.76,0.00121,46.9,healthy,0,0
2026-03-22T20:55:18.750845+00:00,device-27,router,datacenter-central,13.78,38.77,17.47,0.2429,10.29,0.00229,35.4,healthy,0,0
2026-03-15T10:25:18.750845+00:00,device-07,router,datacenter-east,62.31,13.04,12.12,0.2245,55.68,0.00311,49.2,healthy,0,0
2026-03-15T20:57:18.750845+00:00,device-35,router,branch-newyork,75.22,71.27,2674.19,25.171,63.82,0.17911,63.0,bgp_flapping,4,1
2026-03-17T18:45:18.750845+00:00,device-29,router,datacenter-central,11.68,34.12,11.3,0.1391,12.49,0.00308,41.6,healthy,0,0
2026-03-21T09:32:18.750845+00:00,device-17,router,branch-losangeles,70.56,72.89,822.88,16.2765,83.87,0.19929,69.2,bgp_flapping,4,1
2026-03-21T21:39:18.750845+00:00,device-38,load_balancer,branch-chicago,49.97,37.08,44.3,0.0729,51.19,0.00055,45.5,healthy,0,0
2026-03-13T00:34:18.750845+00:00,device-12,load_balancer,datacenter-east,97.38,94.47,1714.69,40.6287,97.0,0.73392,75.2,ddos_attack,5,1
2026-03-14T23:25:18.750845+00:00,device-26,router,datacenter-central,61.12,49.37,10.11,0.1133,35.95,0.00411,32.8,healthy,0,0
2026-03-18T03:34:18.750845+00:00,device-03,server,branch-newyork,87.54,76.08,280.12,2.1245,81.59,0.0104,74.6,high_cpu,1,1
2026-03-17T17:43:18.750845+00:00,device-04,router,datacenter-east,23.5,39.18,31.1,0.0011,27.05,0.00213,36.4,healthy,0,0
2026-03-15T15:47:18.750845+00:00,device-20,switch,branch-chicago,61.58,57.41,43.47,0.2393,49.35,0.002,40.3,healthy,0,0
2026-03-23T19:45:18.750845+00:00,device-10,router,branch-chicago,98.09,74.14,187.9,0.834,71.22,0.02189,68.8,high_cpu,1,1
2026-03-20T10:52:18.750845+00:00,device-34,router,branch-chicago,93.15,63.11,1968.34,17.5067,77.15,0.20013,64.8,bgp_flapping,4,1
2026-03-13T06:37:18.750845+00:00,device-40,router,datacenter-central,10.5,66.16,8.02,0.1996,9.91,0.0018,38.0,healthy,0,0
2026-03-16T20:07:18.750845+00:00,device-01,load_balancer,datacenter-west,6.84,69.12,34.11,0.2851,7.64,0.00331,43.2,healthy,0,0
2026-03-16T20:23:18.750845+00:00,device-21,server,branch-newyork,27.68,64.35,34.93,0.1195,51.74,0.00167,39.9,healthy,0,0
2026-03-17T04:13:18.750845+00:00,device-42,switch,datacenter-central,21.07,67.17,7.6,0.0388,57.14,0.00099,49.0,healthy,0,0
2026-03-19T09:33:18.750845+00:00,device-20,server,branch-losangeles,40.42,58.88,17.01,0.1621,10.69,0.00064,40.0,healthy,0,0
2026-03-18T14:47:18.750845+00:00,device-33,server,datacenter-west,46.64,95.97,385.47,5.9351,58.21,0.05815,68.8,memory_exhaustion,2,1
2026-03-24T10:43:18.750845+00:00,device-46,router,branch-losangeles,52.53,35.94,1219.28,28.6361,42.59,0.07746,49.8,packet_loss,3,1
2026-03-15T05:17:18.750845+00:00,device-22,server,datacenter-central,56.56,69.13,3.03,0.1161,16.57,0.00411,40.3,healthy,0,0
2026-03-17T04:29:18.750845+00:00,device-36,firewall,branch-newyork,14.53,18.89,5.25,0.0285,24.32,0.0033,40.9,healthy,0,0
2026-03-20T16:33:18.750845+00:00,device-04,switch,datacenter-central,12.92,18.1,24.41,0.1689,55.83,0.00306,37.9,healthy,0,0
2026-03-22T00:43:18.750845+00:00,device-29,load_balancer,branch-newyork,23.96,17.94,5.77,0.0542,38.5,0.00219,31.8,healthy,0,0
2026-03-18T20:29:18.750845+00:00,device-34,server,datacenter-west,40.39,12.85,22.37,0.0536,9.03,5e-05,40.4,healthy,0,0
2026-03-22T02:25:18.750845+00:00,device-15,firewall,datacenter-west,14.25,20.06,34.51,0.2474,55.82,0.00156,34.0,healthy,0,0
2026-03-17T00:45:18.750845+00:00,device-01,router,branch-losangeles,44.79,28.36,35.48,0.0422,26.7,0.00435,37.8,healthy,0,0
2026-03-18T08:05:18.750845+00:00,device-05,server,branch-chicago,42.7,93.21,222.78,4.74,57.95,0.08032,67.3,memory_exhaustion,2,1
2026-03-13T11:09:18.750845+00:00,device-46,firewall,datacenter-west,53.47,53.86,11.57,0.1311,25.82,0.00216,41.8,healthy,0,0
2026-03-14T21:21:18.750845+00:00,device-50,switch,datacenter-central,52.48,43.57,27.94,0.0687,34.42,0.00088,49.2,healthy,0,0
2026-03-20T04:27:18.750845+00:00,device-49,router,branch-newyork,24.75,53.1,39.03,0.1103,42.64,0.0022,30.3,healthy,0,0
2026-03-12T05:07:18.750845+00:00,device-19,switch,branch-chicago,52.61,37.47,40.35,0.2167,40.32,0.00258,41.5,healthy,0,0
2026-03-21T01:19:18.750845+00:00,device-08,load_balancer,branch-losangeles,5.04,44.5,16.58,0.2389,9.49,0.00175,42.0,healthy,0,0
2026-03-23T02:37:18.750845+00:00,device-28,server,datacenter-east,17.86,34.47,11.55,0.0371,25.03,0.00046,30.9,healthy,0,0
2026-03-16T06:15:18.750845+00:00,device-29,load_balancer,datacenter-east,20.26,62.76,36.41,0.1353,50.66,0.00137,36.5,healthy,0,0
2026-03-13T23:41:18.750845+00:00,device-32,firewall,branch-chicago,58.5,55.9,28.4,0.0566,56.42,0.00214,30.6,healthy,0,0
2026-03-15T03:35:18.750845+00:00,device-20,router,datacenter-west,31.3,22.04,18.5,0.2397,60.15,0.00285,38.3,healthy,0,0
2026-03-19T17:33:18.750845+00:00,device-19,load_balancer,datacenter-west,21.86,40.16,8.92,0.2007,33.37,0.00318,49.4,healthy,0,0
2026-03-20T01:13:18.750845+00:00,device-22,switch,datacenter-west,36.22,29.02,4.76,0.1676,11.19,0.00037,36.5,healthy,0,0
2026-03-12T14:15:18.750845+00:00,device-42,switch,branch-losangeles,8.86,30.1,27.66,0.1951,19.49,0.00395,45.9,healthy,0,0
2026-03-19T20:03:18.750845+00:00,device-31,load_balancer,datacenter-west,18.86,32.88,22.78,0.2041,37.4,0.00196,46.3,healthy,0,0
2026-03-14T02:27:18.750845+00:00,device-01,switch,branch-chicago,44.41,28.76,1875.52,23.3606,30.94,0.13352,52.4,packet_loss,3,1
2026-03-14T09:55:18.750845+00:00,device-45,router,branch-losangeles,35.37,66.01,4.89,0.1765,48.11,0.00478,42.4,healthy,0,0
2026-03-22T09:19:18.750845+00:00,device-30,load_balancer,datacenter-central,25.4,21.5,11.29,0.0561,43.76,0.00176,47.7,healthy,0,0
2026-03-15T12:55:18.750845+00:00,device-36,load_balancer,branch-losangeles,20.1,12.15,39.71,0.0234,46.34,0.00424,41.3,healthy,0,0
2026-03-16T03:47:18.750845+00:00,device-46,server,branch-newyork,58.86,10.98,18.34,0.1229,27.85,0.0046,36.8,healthy,0,0
2026-03-13T22:13:18.750845+00:00,device-08,server,branch-losangeles,12.72,66.61,27.37,0.282,45.5,0.00344,48.5,healthy,0,0
2026-03-15T23:13:18.750845+00:00,device-03,firewall,branch-chicago,91.86,88.97,3923.99,20.0118,97.52,0.69289,82.4,ddos_attack,5,1
2026-03-22T08:34:18.750845+00:00,device-36,firewall,datacenter-west,91.95,81.3,2686.51,56.8922,97.59,0.48763,81.2,ddos_attack,5,1
2026-03-12T11:37:18.750845+00:00,device-36,switch,datacenter-east,62.13,26.6,33.02,0.2962,54.42,0.00184,42.6,healthy,0,0
2026-03-20T14:37:18.750845+00:00,device-03,server,branch-chicago,46.49,11.2,44.85,0.1528,21.32,0.00346,44.6,healthy,0,0
2026-03-22T05:09:18.750845+00:00,device-21,switch,branch-losangeles,58.93,26.2,39.43,0.0588,19.26,0.00044,39.9,healthy,0,0
2026-03-13T04:09:18.750845+00:00,device-14,switch,datacenter-central,47.14,11.57,12.05,0.0386,18.35,0.00245,30.6,healthy,0,0
2026-03-13T22:37:18.750845+00:00,device-47,load_balancer,branch-chicago,29.6,36.4,22.07,0.0357,40.29,0.00192,32.4,healthy,0,0
2026-03-15T10:39:18.750845+00:00,device-14,switch,datacenter-central,58.77,59.95,32.28,0.2127,49.97,0.00325,45.2,healthy,0,0
2026-03-20T12:37:18.750845+00:00,device-14,switch,datacenter-central,47.66,29.58,13.95,0.0561,58.67,0.00446,33.2,healthy,0,0
2026-03-22T09:37:18.750845+00:00,device-19,switch,datacenter-central,48.55,62.06,22.48,0.1582,36.82,0.00424,35.1,healthy,0,0
2026-03-18T01:23:18.750845+00:00,device-35,router,branch-chicago,38.86,57.96,42.78,0.0614,57.54,0.004,34.4,healthy,0,0
2026-03-22T02:31:18.750845+00:00,device-32,load_balancer,branch-newyork,32.89,30.42,16.91,0.1943,33.0,0.00103,30.6,healthy,0,0
2026-03-12T13:47:18.750845+00:00,device-02,router,datacenter-west,36.13,50.67,37.94,0.2271,57.08,0.0034,36.0,healthy,0,0
2026-03-14T03:01:18.750845+00:00,device-25,firewall,branch-chicago,96.09,90.66,3112.02,23.549,96.23,0.28562,68.3,ddos_attack,5,1
2026-03-12T19:51:18.750845+00:00,device-41,load_balancer,branch-newyork,7.34,48.01,15.57,0.1273,56.08,0.00088,39.6,healthy,0,0
2026-03-20T12:03:18.750845+00:00,device-02,router,datacenter-east,81.18,60.49,1571.1,31.4515,83.61,0.21725,63.6,bgp_flapping,4,1
2026-03-23T01:29:18.750845+00:00,device-04,firewall,datacenter-central,36.01,26.55,42.98,0.1852,33.16,5e-05,48.6,healthy,0,0
2026-03-20T20:41:18.750845+00:00,device-45,server,branch-newyork,47.02,46.59,36.12,0.0922,10.31,0.00495,40.8,healthy,0,0
2026-03-17T23:11:18.750845+00:00,device-35,router,branch-losangeles,78.98,82.99,1188.84,20.1641,87.51,0.32978,68.4,bgp_flapping,4,1
2026-03-22T15:51:18.750845+00:00,device-20,router,branch-chicago,15.12,27.06,21.06,0.2603,39.06,0.0019,32.9,healthy,0,0
2026-03-16T08:59:18.750845+00:00,device-27,server,datacenter-east,47.09,50.66,18.49,0.1946,45.2,0.00245,48.2,healthy,0,0
2026-03-18T09:11:18.750845+00:00,device-22,firewall,branch-losangeles,30.14,44.55,28.06,0.2457,31.62,0.0035,45.9,healthy,0,0
2026-03-21T10:31:18.750845+00:00,device-32,server,branch-chicago,31.08,60.85,3.56,0.254,63.8,0.00259,37.4,healthy,0,0
2026-03-15T17:45:18.750845+00:00,device-49,load_balancer,datacenter-east,62.47,18.77,20.43,0.0445,6.88,0.00133,40.8,healthy,0,0
2026-03-13T05:59:18.750845+00:00,device-23,load_balancer,branch-chicago,53.84,20.4,16.5,0.1716,13.45,0.00088,36.6,healthy,0,0
2026-03-13T12:53:18.750845+00:00,device-15,router,datacenter-west,93.47,70.29,887.65,30.6528,82.07,0.20013,56.9,bgp_flapping,4,1
2026-03-14T20:41:18.750845+00:00,device-46,router,branch-newyork,9.77,28.56,20.09,0.2062,30.96,0.00164,34.7,healthy,0,0
2026-03-17T15:51:18.750845+00:00,device-37,switch,branch-newyork,39.76,39.1,8.42,0.1465,5.33,0.00085,30.9,healthy,0,0
2026-03-15T17:19:18.750845+00:00,device-11,router,branch-losangeles,23.61,44.59,6.59,0.2431,36.77,0.00247,42.3,healthy,0,0
2026-03-12T19:19:18.750845+00:00,device-45,load_balancer,branch-newyork,42.09,24.16,1.65,0.1762,19.7,0.00029,36.9,healthy,0,0
2026-03-21T10:45:18.750845+00:00,device-41,router,branch-losangeles,15.84,34.18,18.2,0.0806,17.89,0.00147,37.9,healthy,0,0
2026-03-18T07:31:18.750845+00:00,device-22,server,datacenter-west,47.52,11.03,15.8,0.1207,30.17,0.00021,46.9,healthy,0,0
2026-03-13T04:03:18.750845+00:00,device-40,firewall,branch-chicago,45.62,15.16,27.87,0.2165,45.08,0.00414,36.5,healthy,0,0
2026-03-16T15:53:18.750845+00:00,device-13,router,branch-newyork,7.96,13.13,40.67,0.2881,30.4,0.00197,48.2,healthy,0,0
2026-03-15T16:45:18.750845+00:00,device-36,firewall,datacenter-east,21.11,67.08,41.18,0.0626,55.8,0.00075,36.9,healthy,0,0
2026-03-16T10:37:18.750845+00:00,device-18,load_balancer,datacenter-east,18.28,24.75,22.42,0.2315,5.04,0.0034,49.8,healthy,0,0
2026-03-23T02:55:18.750845+00:00,device-33,switch,datacenter-east,42.67,10.8,42.18,0.1649,48.66,0.00212,37.2,healthy,0,0
2026-03-19T09:39:18.750845+00:00,device-38,load_balancer,branch-chicago,7.82,65.92,23.06,0.0132,33.51,0.00011,41.8,healthy,0,0
2026-03-14T08:11:18.750845+00:00,device-46,server,branch-losangeles,50.44,35.26,39.29,0.2899,57.08,0.00346,49.0,healthy,0,0
2026-03-22T18:39:18.750845+00:00,device-43,server,branch-chicago,41.87,54.69,43.26,0.1641,55.62,0.00399,30.7,healthy,0,0
2026-03-14T18:54:18.750845+00:00,device-13,switch,datacenter-east,69.42,92.71,443.64,3.0147,53.26,0.04761,62.6,memory_exhaustion,2,1
2026-03-12T07:33:18.750845+00:00,device-26,switch,branch-chicago,60.18,10.91,36.08,0.2885,45.67,0.00398,33.0,healthy,0,0
2026-03-14T15:37:18.750845+00:00,device-48,load_balancer,branch-chicago,15.92,66.38,26.72,0.2503,5.24,0.00022,42.5,healthy,0,0
2026-03-13T21:35:18.750845+00:00,device-30,router,branch-newyork,7.0,68.04,40.55,0.284,25.3,0.00213,42.1,healthy,0,0
2026-03-22T03:11:18.750845+00:00,device-45,load_balancer,datacenter-central,36.74,19.16,4.01,0.2642,36.36,0.00306,35.0,healthy,0,0
2026-03-22T18:07:18.750845+00:00,device-48,router,datacenter-central,29.39,48.07,1.48,0.2381,18.69,0.00493,35.5,healthy,0,0
2026-03-18T18:13:18.750845+00:00,device-47,firewall,datacenter-central,35.4,62.28,32.1,0.0488,33.1,0.00279,46.1,healthy,0,0
2026-03-18T18:45:18.750845+00:00,device-37,firewall,branch-losangeles,57.29,14.9,9.47,0.1409,12.32,1e-05,49.8,healthy,0,0
2026-03-18T00:05:18.750845+00:00,device-08,firewall,datacenter-east,53.33,63.97,18.0,0.0108,26.24,0.00339,44.4,healthy,0,0
2026-03-16T03:37:18.750845+00:00,device-45,switch,branch-losangeles,52.04,40.96,23.75,0.2514,18.56,0.00158,45.3,healthy,0,0
2026-03-12T23:35:18.750845+00:00,device-44,server,datacenter-east,59.66,44.67,11.69,0.101,6.19,0.00051,49.8,healthy,0,0
2026-03-22T15:23:18.750845+00:00,device-12,load_balancer,branch-losangeles,36.16,61.57,31.65,0.1155,30.03,0.00133,42.3,healthy,0,0
2026-03-12T16:41:18.750845+00:00,device-33,router,datacenter-west,71.8,88.9,2201.99,22.2307,75.15,0.14247,56.4,bgp_flapping,4,1
2026-03-12T02:25:18.750845+00:00,device-06,switch,branch-chicago,29.68,24.71,6.64,0.0092,35.67,0.00378,42.3,healthy,0,0
2026-03-17T06:19:18.750845+00:00,device-45,load_balancer,branch-newyork,34.74,15.69,7.82,0.178,23.23,0.00171,37.1,healthy,0,0
2026-03-22T11:55:18.750845+00:00,device-27,firewall,branch-chicago,90.46,84.39,2911.88,48.9971,96.3,0.60754,69.4,ddos_attack,5,1
2026-03-16T21:29:18.750845+00:00,device-18,router,branch-losangeles,56.28,24.97,15.86,0.1978,36.36,0.00373,38.0,healthy,0,0
2026-03-19T03:43:18.750845+00:00,device-02,load_balancer,datacenter-east,16.6,64.84,21.24,0.2624,36.93,0.00262,47.6,healthy,0,0
2026-03-17T18:21:18.750845+00:00,device-19,server,branch-newyork,47.44,44.33,7.24,0.0294,39.84,0.00184,40.3,healthy,0,0
2026-03-14T05:15:18.750845+00:00,device-45,server,branch-losangeles,59.37,24.2,22.88,0.0607,8.59,0.00374,42.7,healthy,0,0
2026-03-21T08:25:18.750845+00:00,device-34,load_balancer,branch-newyork,97.32,97.71,1848.88,51.1447,96.49,0.36617,70.1,ddos_attack,5,1
2026-03-16T02:35:18.750845+00:00,device-19,load_balancer,datacenter-west,8.45,45.05,20.97,0.2835,51.6,0.00118,37.8,healthy,0,0
2026-03-17T02:41:18.750845+00:00,device-03,switch,datacenter-east,46.92,35.51,30.29,0.0386,31.02,0.00296,39.7,healthy,0,0
2026-03-25T03:55:18.750845+00:00,device-15,switch,datacenter-west,23.43,47.32,757.38,17.9869,36.4,0.06411,49.1,packet_loss,3,1
2026-03-15T15:01:18.750845+00:00,device-19,server,datacenter-east,12.77,66.76,16.28,0.2989,54.35,0.0006,41.1,healthy,0,0
2026-03-15T17:39:18.750845+00:00,device-07,load_balancer,datacenter-east,27.94,54.59,44.36,0.1349,50.56,0.00255,40.0,healthy,0,0
2026-03-13T01:27:18.750845+00:00,device-50,server,branch-newyork,39.39,18.33,15.0,0.0032,9.68,0.00185,48.7,healthy,0,0
2026-03-21T07:43:18.750845+00:00,device-07,load_balancer,datacenter-east,21.48,27.29,32.97,0.1746,49.05,0.0042,42.7,healthy,0,0
2026-03-17T23:27:18.750845+00:00,device-48,switch,branch-losangeles,18.62,52.04,34.84,0.0605,62.04,0.00123,44.2,healthy,0,0
2026-03-14T21:11:18.750845+00:00,device-39,server,branch-losangeles,15.95,16.18,21.37,0.0406,18.19,0.00309,36.0,healthy,0,0
2026-03-20T07:53:18.750845+00:00,device-17,switch,datacenter-central,42.75,63.26,13.1,0.2743,6.34,0.00225,45.1,healthy,0,0
2026-03-12T10:15:18.750845+00:00,device-34,firewall,datacenter-east,38.18,12.38,18.45,0.0819,17.53,0.00177,33.5,healthy,0,0
2026-03-19T06:01:18.750845+00:00,device-17,router,datacenter-west,44.77,23.41,13.58,0.0028,29.46,0.00081,46.5,healthy,0,0
2026-03-16T21:15:18.750845+00:00,device-41,load_balancer,datacenter-central,36.1,26.3,18.75,0.1388,58.58,0.0014,47.9,healthy,0,0
2026-03-12T14:19:18.750845+00:00,device-15,load_balancer,branch-newyork,20.52,60.01,36.39,0.0888,34.26,0.00237,40.3,healthy,0,0
2026-03-15T08:15:18.750845+00:00,device-05,load_balancer,branch-chicago,53.24,59.43,32.91,0.2158,58.84,0.00019,38.7,healthy,0,0
2026-03-15T07:45:18.750845+00:00,device-29,router,datacenter-west,53.29,65.07,39.15,0.2809,58.83,0.0023,47.4,healthy,0,0
2026-03-20T05:17:18.750845+00:00,device-26,switch,datacenter-east,12.54,52.76,23.74,0.1366,33.91,0.00033,46.9,healthy,0,0
2026-03-12T11:03:18.750845+00:00,device-11,firewall,branch-losangeles,51.19,61.85,42.7,0.2718,59.89,0.00219,45.5,healthy,0,0
2026-03-20T07:47:18.750845+00:00,device-44,firewall,branch-chicago,42.0,39.88,40.73,0.1637,47.05,0.00138,36.1,healthy,0,0
2026-03-18T11:53:18.750845+00:00,device-31,switch,branch-chicago,66.28,88.94,174.37,7.0684,65.4,0.09174,66.4,memory_exhaustion,2,1
2026-03-22T00:49:18.750845+00:00,device-50,router,branch-newyork,48.7,66.04,18.06,0.1177,8.94,0.00164,31.6,healthy,0,0
2026-03-15T04:13:18.750845+00:00,device-48,load_balancer,datacenter-central,45.18,11.33,4.17,0.0546,62.66,0.00369,49.5,healthy,0,0
2026-03-13T12:19:18.750845+00:00,device-39,firewall,branch-losangeles,29.17,47.76,26.85,0.0249,10.67,0.00037,31.1,healthy,0,0
2026-03-19T17:03:18.750845+00:00,device-29,router,branch-chicago,54.24,28.92,3.7,0.1828,48.94,0.00058,49.6,healthy,0,0
2026-03-21T01:59:18.750845+00:00,device-20,router,datacenter-central,13.15,69.23,8.05,0.1443,22.26,0.00167,36.0,healthy,0,0
2026-03-18T12:41:18.750845+00:00,device-24,load_balancer,branch-chicago,59.89,45.22,27.04,0.0854,58.68,0.00474,40.0,healthy,0,0
2026-03-15T04:09:18.750845+00:00,device-50,switch,branch-chicago,46.58,21.63,2.34,0.035,24.67,0.00216,50.0,healthy,0,0
2026-03-17T03:33:18.750845+00:00,device-42,server,branch-losangeles,87.73,79.63,126.87,1.5122,84.57,0.0438,74.4,high_cpu,1,1
2026-03-16T07:31:18.750845+00:00,device-42,load_balancer,branch-losangeles,22.19,35.16,14.52,0.2195,35.8,0.00371,49.9,healthy,0,0
2026-03-24T23:42:18.750845+00:00,device-21,server,datacenter-east,85.21,82.36,205.45,0.7626,83.95,0.01357,75.6,high_cpu,1,1
2026-03-20T14:29:18.750845+00:00,device-50,server,datacenter-west,59.45,44.94,13.39,0.2646,44.21,0.00455,44.6,healthy,0,0
2026-03-15T11:07:18.750845+00:00,device-38,switch,datacenter-east,59.63,31.75,34.18,0.1084,42.23,0.00379,42.2,healthy,0,0
2026-03-15T07:49:18.750845+00:00,device-41,switch,branch-newyork,5.37,38.34,37.79,0.1252,16.85,0.00136,47.5,healthy,0,0
2026-03-19T21:06:18.750845+00:00,device-40,server,branch-losangeles,91.8,68.69,123.51,0.964,72.11,0.03746,79.0,high_cpu,1,1
2026-03-12T15:29:18.750845+00:00,device-41,server,datacenter-east,59.11,21.65,42.46,0.2475,60.64,0.00091,32.6,healthy,0,0
2026-03-12T03:11:18.750845+00:00,device-41,load_balancer,branch-newyork,5.47,50.28,13.38,0.0661,62.36,0.00133,35.3,healthy,0,0
2026-03-14T08:09:18.750845+00:00,device-19,load_balancer,branch-newyork,5.66,54.42,44.84,0.1942,14.09,0.00448,38.6,healthy,0,0
2026-03-19T12:45:18.750845+00:00,device-11,router,datacenter-central,60.89,10.67,31.9,0.0305,63.07,0.00345,32.3,healthy,0,0
2026-03-17T15:21:18.750845+00:00,device-07,server,branch-newyork,20.48,27.58,26.65,0.2332,20.85,0.00179,47.1,healthy,0,0
2026-03-21T22:15:18.750845+00:00,device-38,load_balancer,branch-losangeles,24.21,18.6,11.94,0.2861,50.82,0.0032,38.2,healthy,0,0
2026-03-14T00:11:18.750845+00:00,device-24,switch,branch-losangeles,47.78,30.33,35.01,0.0707,39.26,0.00483,31.9,healthy,0,0
2026-03-19T02:26:18.750845+00:00,device-46,server,datacenter-central,64.77,92.73,371.54,6.0267,69.79,0.07544,63.1,memory_exhaustion,2,1
2026-03-16T08:55:18.750845+00:00,device-24,firewall,datacenter-west,35.04,44.33,40.77,0.0565,48.58,0.00307,48.1,healthy,0,0
2026-03-23T08:24:18.750845+00:00,device-23,server,datacenter-west,54.12,93.09,166.63,5.8636,72.65,0.07038,69.6,memory_exhaustion,2,1
2026-03-17T00:13:18.750845+00:00,device-36,firewall,datacenter-east,41.68,16.97,10.88,0.2091,32.0,0.00111,42.4,healthy,0,0
2026-03-21T20:59:18.750845+00:00,device-09,load_balancer,datacenter-west,25.81,25.67,35.57,0.2722,24.4,0.001,41.3,healthy,0,0
2026-03-18T06:10:18.750845+00:00,device-41,switch,datacenter-east,59.97,88.54,413.62,1.968,60.58,0.08172,56.9,memory_exhaustion,2,1
2026-03-21T01:01:18.750845+00:00,device-11,server,datacenter-west,32.53,68.19,34.24,0.2168,56.42,0.00313,46.7,healthy,0,0
2026-03-22T08:17:18.750845+00:00,device-04,firewall,datacenter-east,92.08,83.88,1563.2,46.5318,97.99,0.59304,84.3,ddos_attack,5,1
2026-03-14T12:53:18.750845+00:00,device-05,switch,branch-newyork,74.07,94.53,454.33,3.2222,62.35,0.06673,65.5,memory_exhaustion,2,1
2026-03-23T15:07:18.750845+00:00,device-07,router,datacenter-east,70.16,63.41,2652.08,18.5802,72.26,0.22366,65.6,bgp_flapping,4,1
2026-03-23T01:17:18.750845+00:00,device-31,router,branch-chicago,13.48,68.22,28.31,0.1841,32.73,0.0001,43.5,healthy,0,0
2026-03-14T10:53:18.750845+00:00,device-50,router,datacenter-central,90.97,62.54,829.62,34.1403,94.58,0.11597,73.2,bgp_flapping,4,1
2026-03-16T10:29:18.750845+00:00,device-08,firewall,branch-losangeles,27.5,18.37,30.15,0.2027,19.89,0.00444,40.8,healthy,0,0
2026-03-21T14:47:18.750845+00:00,device-28,router,branch-newyork,89.26,63.78,1981.23,33.4897,91.54,0.25759,74.1,bgp_flapping,4,1
2026-03-13T01:29:18.750845+00:00,device-45,load_balancer,datacenter-central,13.13,13.41,28.49,0.1368,24.36,0.00135,40.2,healthy,0,0
2026-03-14T09:22:18.750845+00:00,device-14,load_balancer,datacenter-central,97.72,87.45,3385.6,49.5808,97.73,0.647,83.4,ddos_attack,5,1
2026-03-22T13:31:18.750845+00:00,device-16,server,branch-losangeles,52.39,45.18,35.23,0.0841,25.56,0.0042,42.7,healthy,0,0
2026-03-15T15:25:18.750845+00:00,device-30,switch,branch-newyork,62.79,12.59,39.86,0.1677,53.48,0.00139,45.4,healthy,0,0
2026-03-21T16:53:18.750845+00:00,device-45,router,branch-losangeles,15.16,16.42,16.14,0.2372,44.75,0.00395,39.0,healthy,0,0
2026-03-13T01:09:18.750845+00:00,device-35,server,branch-newyork,19.6,41.31,37.1,0.0446,22.05,0.00447,32.7,healthy,0,0
2026-03-17T12:45:18.750845+00:00,device-38,router,datacenter-east,17.33,28.89,42.56,0.0099,12.37,0.00423,33.6,healthy,0,0
2026-03-12T11:57:18.750845+00:00,device-10,switch,branch-losangeles,48.98,16.84,25.54,0.1063,22.55,0.00272,49.5,healthy,0,0
2026-03-17T07:32:18.750845+00:00,device-37,switch,datacenter-west,35.68,24.6,888.87,31.4592,47.54,0.22893,49.3,packet_loss,3,1
2026-03-12T11:55:18.750845+00:00,device-45,switch,branch-newyork,20.45,51.15,1831.13,38.6018,62.4,0.12442,40.2,packet_loss,3,1
2026-03-17T18:33:18.750845+00:00,device-22,switch,branch-newyork,13.52,21.59,9.0,0.1311,49.99,0.00323,33.0,healthy,0,0
2026-03-17T01:37:18.750845+00:00,device-43,server,branch-chicago,27.24,56.89,27.8,0.187,56.02,0.00044,35.3,healthy,0,0
2026-03-22T05:03:18.750845+00:00,device-36,load_balancer,datacenter-east,47.33,18.62,24.69,0.1667,9.68,0.00097,48.6,healthy,0,0
2026-03-12T23:36:18.750845+00:00,device-49,server,branch-newyork,86.84,75.65,137.38,2.594,76.69,0.01159,77.9,high_cpu,1,1
2026-03-22T10:19:18.750845+00:00,device-31,server,branch-newyork,17.65,53.38,42.36,0.1786,38.98,0.00466,40.4,healthy,0,0
2026-03-19T05:23:18.750845+00:00,device-13,switch,datacenter-east,31.65,49.56,6.59,0.1271,35.48,0.00416,37.9,healthy,0,0
2026-03-12T16:10:18.750845+00:00,device-46,server,branch-chicago,96.89,62.65,96.1,1.9279,84.51,0.02676,74.9,high_cpu,1,1
2026-03-16T21:49:18.750845+00:00,device-37,firewall,branch-newyork,57.8,28.15,6.53,0.0842,32.39,0.00254,44.9,healthy,0,0
2026-03-15T23:59:18.750845+00:00,device-21,load_balancer,datacenter-east,27.61,69.58,12.16,0.2417,57.31,0.00057,33.4,healthy,0,0
2026-03-12T02:56:18.750845+00:00,device-26,server,branch-losangeles,71.64,88.51,276.77,4.1958,70.9,0.07529,65.8,memory_exhaustion,2,1
2026-03-25T20:11:18.750845+00:00,device-14,load_balancer,datacenter-west,90.53,94.76,3966.15,55.5249,97.82,0.26997,82.8,ddos_attack,5,1
2026-03-12T12:15:18.750845+00:00,device-16,load_balancer,datacenter-west,37.26,28.65,32.56,0.0843,48.67,0.00419,34.6,healthy,0,0
2026-03-15T10:05:18.750845+00:00,device-24,firewall,datacenter-west,56.49,30.83,11.43,0.2983,14.11,0.00292,46.6,healthy,0,0
2026-03-24T00:12:18.750845+00:00,device-06,switch,branch-chicago,46.02,43.8,1591.5,23.4503,65.05,0.2058,49.7,packet_loss,3,1
2026-03-12T10:59:18.750845+00:00,device-26,firewall,branch-chicago,45.96,44.4,27.56,0.0908,44.66,0.00304,30.1,healthy,0,0
2026-03-20T10:39:18.750845+00:00,device-42,server,datacenter-central,63.4,11.88,23.97,0.1119,7.92,0.00435,43.6,healthy,0,0
2026-03-12T11:49:18.750845+00:00,device-50,router,datacenter-east,12.88,45.44,31.83,0.113,24.33,0.00411,41.9,healthy,0,0
2026-03-22T19:19:18.750845+00:00,device-30,firewall,datacenter-west,44.27,59.37,32.4,0.0218,18.29,0.00101,40.4,healthy,0,0
2026-03-15T23:31:18.750845+00:00,device-28,firewall,datacenter-central,34.99,56.52,18.26,0.1166,54.35,0.00342,46.2,healthy,0,0
2026-03-19T08:00:18.750845+00:00,device-30,firewall,datacenter-west,93.24,98.31,2770.43,45.1964,97.27,0.23507,82.9,ddos_attack,5,1
2026-03-16T12:51:18.750845+00:00,device-50,load_balancer,datacenter-east,12.16,47.62,17.28,0.0008,17.06,0.00011,39.0,healthy,0,0
2026-03-23T00:07:18.750845+00:00,device-34,switch,branch-chicago,14.89,68.51,17.77,0.1369,30.75,0.00254,38.3,healthy,0,0
2026-03-13T08:07:18.750845+00:00,device-16,load_balancer,branch-newyork,45.41,35.04,37.11,0.0431,18.47,0.00325,40.7,healthy,0,0
2026-03-13T00:39:18.750845+00:00,device-34,load_balancer,branch-newyork,48.51,53.44,43.95,0.0851,16.56,0.00489,47.3,healthy,0,0
2026-03-13T19:35:18.750845+00:00,device-46,server,branch-chicago,59.08,98.25,470.13,6.844,77.57,0.04066,65.1,memory_exhaustion,2,1
2026-03-18T16:07:18.750845+00:00,device-20,switch,branch-newyork,9.26,52.89,4.11,0.0832,17.05,0.00417,41.4,healthy,0,0
2026-03-15T12:17:18.750845+00:00,device-28,switch,branch-newyork,64.08,40.71,12.23,0.2884,46.87,0.00018,33.1,healthy,0,0
2026-03-24T00:56:18.750845+00:00,device-29,switch,datacenter-west,49.11,90.19,363.63,3.9323,53.07,0.09114,66.1,memory_exhaustion,2,1
2026-03-12T05:17:18.750845+00:00,device-25,switch,datacenter-central,54.22,59.32,38.5,0.2808,57.99,0.00359,30.0,healthy,0,0
2026-03-16T20:05:18.750845+00:00,device-14,switch,datacenter-east,64.87,55.16,21.08,0.0805,6.85,0.00412,41.3,healthy,0,0
2026-03-16T06:39:18.750845+00:00,device-17,router,branch-newyork,12.49,24.27,1.85,0.018,43.28,0.00349,41.2,healthy,0,0
2026-03-21T20:33:18.750845+00:00,device-14,load_balancer,datacenter-west,5.11,67.86,11.55,0.0365,37.16,0.00011,46.2,healthy,0,0
2026-03-17T18:19:18.750845+00:00,device-45,switch,datacenter-west,51.05,16.59,18.96,0.1826,41.59,0.00439,43.8,healthy,0,0
2026-03-13T12:47:18.750845+00:00,device-22,load_balancer,datacenter-west,13.84,28.49,21.0,0.0523,54.72,0.00192,35.6,healthy,0,0
2026-03-21T12:09:18.750845+00:00,device-35,server,datacenter-central,20.19,30.78,44.71,0.1777,19.18,0.00114,38.9,healthy,0,0
2026-03-12T08:35:18.750845+00:00,device-36,server,datacenter-central,45.23,19.2,26.46,0.264,11.89,0.00306,40.3,healthy,0,0
2026-03-19T19:19:18.750845+00:00,device-37,firewall,datacenter-central,21.18,52.67,26.7,0.1171,32.6,0.00031,37.8,healthy,0,0
2026-03-12T02:53:18.750845+00:00,device-05,firewall,branch-losangeles,11.94,25.91,29.01,0.0295,10.28,0.00038,45.7,healthy,0,0
2026-03-24T18:17:18.750845+00:00,device-15,firewall,datacenter-central,97.64,81.57,4602.99,59.7601,95.73,0.21816,79.1,ddos_attack,5,1
2026-03-16T11:21:18.750845+00:00,device-33,router,branch-losangeles,63.24,30.82,40.16,0.0697,51.67,0.00431,41.7,healthy,0,0
2026-03-21T23:59:18.750845+00:00,device-48,router,datacenter-east,11.59,31.23,43.6,0.0895,51.83,0.00278,30.3,healthy,0,0
2026-03-17T01:42:18.750845+00:00,device-30,firewall,datacenter-east,95.13,97.63,2439.49,57.0866,98.4,0.22611,66.0,ddos_attack,5,1
2026-03-19T22:37:18.750845+00:00,device-09,load_balancer,datacenter-east,20.23,66.92,31.85,0.2498,25.28,0.00409,45.9,healthy,0,0
2026-03-21T12:35:18.750845+00:00,device-32,load_balancer,branch-losangeles,31.84,17.27,12.24,0.2962,52.55,0.00225,36.2,healthy,0,0
2026-03-12T18:07:18.750845+00:00,device-40,firewall,datacenter-west,48.44,35.49,10.2,0.0602,21.05,0.0019,49.8,healthy,0,0
2026-03-20T23:01:18.750845+00:00,device-34,load_balancer,datacenter-west,58.46,31.62,16.19,0.1435,44.04,0.00106,33.0,healthy,0,0
2026-03-13T07:05:18.750845+00:00,device-39,firewall,datacenter-central,10.95,50.1,6.33,0.0599,61.69,0.00451,47.2,healthy,0,0
2026-03-15T00:01:18.750845+00:00,device-48,router,branch-newyork,25.91,47.32,8.8,0.2692,15.37,0.00479,42.3,healthy,0,0
2026-03-14T02:21:18.750845+00:00,device-30,load_balancer,branch-newyork,34.85,17.59,40.37,0.1313,44.99,0.00493,39.0,healthy,0,0
2026-03-19T02:01:18.750845+00:00,device-45,load_balancer,branch-losangeles,63.26,66.09,44.13,0.041,25.07,0.0026,37.1,healthy,0,0
2026-03-18T00:41:18.750845+00:00,device-22,load_balancer,datacenter-east,33.23,54.55,25.87,0.0338,34.94,0.00248,31.6,healthy,0,0
2026-03-15T01:27:18.750845+00:00,device-10,load_balancer,branch-chicago,12.78,15.35,22.16,0.0781,34.15,0.00236,46.7,healthy,0,0
2026-03-12T22:07:18.750845+00:00,device-11,server,branch-losangeles,35.15,43.19,35.13,0.274,62.6,0.00351,41.1,healthy,0,0
2026-03-19T12:47:18.750845+00:00,device-45,router,datacenter-west,9.47,48.1,18.73,0.2835,54.83,0.00208,32.7,healthy,0,0
2026-03-13T21:25:18.750845+00:00,device-35,switch,datacenter-east,61.51,57.18,1.53,0.0145,36.94,0.00403,42.1,healthy,0,0
2026-03-12T22:05:18.750845+00:00,device-02,firewall,branch-chicago,55.24,53.46,18.1,0.2118,7.41,0.0011,37.8,healthy,0,0
2026-03-16T00:59:18.750845+00:00,device-37,load_balancer,datacenter-west,16.06,52.13,37.21,0.0903,44.21,0.00245,37.0,healthy,0,0
2026-03-16T21:37:18.750845+00:00,device-23,switch,datacenter-central,53.74,46.9,11.25,0.0731,31.13,0.00184,40.1,healthy,0,0
2026-03-15T15:07:18.750845+00:00,device-41,server,branch-newyork,40.07,52.91,14.77,0.1637,39.79,0.00438,38.4,healthy,0,0
2026-03-18T21:47:18.750845+00:00,device-41,load_balancer,datacenter-west,15.7,64.59,42.37,0.2876,63.33,0.00079,49.8,healthy,0,0
2026-03-20T14:25:18.750845+00:00,device-04,server,datacenter-east,51.72,58.01,26.51,0.0335,5.2,0.0036,36.6,healthy,0,0
2026-03-20T02:07:18.750845+00:00,device-19,firewall,datacenter-east,51.16,13.99,41.18,0.0353,52.91,0.00392,33.3,healthy,0,0
2026-03-12T14:45:18.750845+00:00,device-20,firewall,branch-newyork,19.79,18.5,27.91,0.1634,47.89,0.00133,36.7,healthy,0,0
2026-03-19T20:49:18.750845+00:00,device-34,load_balancer,branch-chicago,23.5,56.79,23.81,0.0512,10.45,0.00242,49.2,healthy,0,0
2026-03-12T23:17:18.750845+00:00,device-41,router,branch-chicago,20.4,17.17,8.33,0.1508,48.45,0.00107,39.7,healthy,0,0
2026-03-13T21:01:18.750845+00:00,device-35,switch,datacenter-east,23.26,54.17,6.87,0.0874,8.47,0.00144,44.0,healthy,0,0
2026-03-15T19:09:18.750845+00:00,device-27,router,datacenter-east,51.52,43.4,23.83,0.2371,22.86,0.00465,39.4,healthy,0,0
2026-03-20T14:11:18.750845+00:00,device-41,router,branch-newyork,35.49,22.05,30.92,0.0169,31.51,0.00277,45.8,healthy,0,0
2026-03-12T11:35:18.750845+00:00,device-48,load_balancer,datacenter-central,13.07,27.61,33.96,0.2175,27.72,0.00265,48.1,healthy,0,0
2026-03-18T12:33:18.750845+00:00,device-40,server,branch-newyork,36.49,38.33,40.54,0.0946,20.42,6e-05,39.0,healthy,0,0
2026-03-16T07:09:18.750845+00:00,device-24,router,branch-losangeles,57.19,13.78,26.31,0.1108,16.86,0.00314,47.2,healthy,0,0
2026-03-15T12:51:18.750845+00:00,device-27,firewall,branch-newyork,36.63,28.44,36.67,0.253,45.55,0.00431,31.0,healthy,0,0
2026-03-24T20:40:18.750845+00:00,device-19,server,datacenter-east,58.4,92.5,183.2,1.075,63.96,0.0625,72.0,memory_exhaustion,2,1
2026-03-15T16:59:18.750845+00:00,device-47,firewall,datacenter-central,52.12,16.24,21.73,0.0609,27.76,0.00013,41.9,healthy,0,0
2026-03-18T11:21:18.750845+00:00,device-38,server,branch-newyork,9.92,68.83,18.09,0.2246,51.51,0.00494,41.1,healthy,0,0
2026-03-19T12:49:18.750845+00:00,device-12,load_balancer,datacenter-east,56.12,58.12,4.61,0.2448,42.75,0.00054,46.9,healthy,0,0
2026-03-13T21:41:18.750845+00:00,device-15,router,datacenter-central,31.38,33.35,22.19,0.1274,39.5,0.00178,46.7,healthy,0,0
2026-03-17T22:51:18.750845+00:00,device-39,server,branch-newyork,53.23,98.94,403.49,2.5959,73.84,0.03451,73.0,memory_exhaustion,2,1
2026-03-19T21:25:18.750845+00:00,device-16,load_balancer,datacenter-west,48.4,40.2,37.37,0.0085,8.48,6e-05,37.7,healthy,0,0
2026-03-15T21:17:18.750845+00:00,device-34,router,branch-losangeles,29.71,45.7,38.26,0.0704,51.44,0.00443,48.0,healthy,0,0
2026-03-18T06:35:18.750845+00:00,device-50,firewall,branch-chicago,25.37,39.77,26.52,0.0334,13.75,0.00234,42.4,healthy,0,0
2026-03-16T23:16:18.750845+00:00,device-03,router,datacenter-west,44.62,55.55,1104.9,31.1491,69.21,0.05836,39.0,packet_loss,3,1
2026-03-21T17:26:18.750845+00:00,device-39,switch,datacenter-east,39.38,26.0,1862.16,29.0837,46.35,0.29115,45.4,packet_loss,3,1
2026-03-21T14:29:18.750845+00:00,device-47,switch,datacenter-west,26.21,33.79,38.98,0.2713,45.58,0.00497,33.5,healthy,0,0
2026-03-16T19:26:18.750845+00:00,device-14,router,datacenter-west,48.23,53.83,945.93,32.1922,61.12,0.22428,40.8,packet_loss,3,1
2026-03-24T15:34:18.750845+00:00,device-25,load_balancer,datacenter-central,93.06,93.64,1796.25,57.2797,96.87,0.65578,73.2,ddos_attack,5,1
2026-03-21T05:17:18.750845+00:00,device-37,server,datacenter-west,44.07,68.22,5.13,0.1841,50.64,0.00085,34.0,healthy,0,0
2026-03-21T00:27:18.750845+00:00,device-16,load_balancer,datacenter-east,16.91,18.73,14.39,0.2096,7.38,0.00329,49.0,healthy,0,0
2026-03-14T23:03:18.750845+00:00,device-28,server,datacenter-west,62.91,27.36,44.9,0.2737,37.49,0.00225,44.0,healthy,0,0
2026-03-25T00:08:18.750845+00:00,device-35,router,datacenter-east,93.7,76.33,115.73,1.5376,72.7,0.0252,69.7,high_cpu,1,1
2026-03-16T18:26:18.750845+00:00,device-22,server,datacenter-east,87.75,82.85,222.93,0.9503,79.88,0.02505,60.2,high_cpu,1,1
2026-03-17T20:23:18.750845+00:00,device-37,router,datacenter-east,59.75,55.03,40.49,0.1108,45.15,0.00473,43.7,healthy,0,0
2026-03-25T01:23:18.750845+00:00,device-07,server,branch-chicago,87.07,67.74,182.52,0.9364,77.9,0.02661,65.4,high_cpu,1,1
2026-03-17T05:00:18.750845+00:00,device-26,load_balancer,datacenter-central,96.51,84.68,4997.72,51.7236,97.59,0.55503,66.9,ddos_attack,5,1
2026-03-20T06:55:18.750845+00:00,device-22,firewall,branch-losangeles,16.17,31.39,42.56,0.253,14.88,0.00185,38.3,healthy,0,0
2026-03-21T06:25:18.750845+00:00,device-46,server,datacenter-central,93.28,64.64,287.65,0.8914,80.94,0.04914,69.8,high_cpu,1,1
2026-03-24T10:28:18.750845+00:00,device-05,router,datacenter-west,96.77,68.98,127.55,2.0778,86.6,0.02535,76.4,high_cpu,1,1
2026-03-21T20:45:18.750845+00:00,device-50,router,branch-losangeles,92.67,64.21,2875.65,23.9374,88.22,0.28959,72.1,bgp_flapping,4,1
2026-03-13T09:15:18.750845+00:00,device-34,server,datacenter-east,57.97,97.43,347.78,2.5988,77.54,0.08903,61.3,memory_exhaustion,2,1
2026-03-19T07:17:18.750845+00:00,device-30,router,branch-newyork,49.05,42.47,36.12,0.0248,53.5,0.00037,48.9,healthy,0,0
2026-03-16T07:41:18.750845+00:00,device-18,switch,datacenter-central,48.42,39.45,19.59,0.1859,31.94,0.00087,39.5,healthy,0,0
2026-03-21T11:23:18.750845+00:00,device-21,load_balancer,datacenter-central,60.41,43.06,8.32,0.1475,15.33,0.00238,46.5,healthy,0,0
2026-03-16T01:47:18.750845+00:00,device-14,router,branch-chicago,23.74,19.68,24.01,0.2361,42.04,0.00343,34.9,healthy,0,0
2026-03-21T08:55:18.750845+00:00,device-27,load_balancer,branch-newyork,45.5,13.82,41.07,0.0353,39.98,0.00044,40.1,healthy,0,0
2026-03-16T09:25:18.750845+00:00,device-23,firewall,branch-chicago,29.71,27.48,27.4,0.2006,8.74,0.00076,34.2,healthy,0,0
2026-03-18T06:01:18.750845+00:00,device-14,load_balancer,datacenter-central,64.91,67.74,23.99,0.267,19.94,0.00022,31.7,healthy,0,0
2026-03-19T19:01:18.750845+00:00,device-12,server,branch-chicago,11.69,48.11,23.55,0.1699,25.91,0.00276,39.2,healthy,0,0
2026-03-15T13:50:18.750845+00:00,device-43,load_balancer,datacenter-central,91.04,81.79,1410.87,47.9362,98.57,0.72866,65.7,ddos_attack,5,1
2026-03-13T03:53:18.750845+00:00,device-35,server,datacenter-west,62.76,39.41,43.42,0.2378,7.27,0.00316,48.2,healthy,0,0
2026-03-15T09:52:18.750845+00:00,device-48,server,datacenter-central,44.29,88.1,151.91,6.1551,57.14,0.08502,69.2,memory_exhaustion,2,1
2026-03-22T17:43:18.750845+00:00,device-30,server,branch-newyork,25.07,58.65,34.44,0.0757,33.56,0.00486,31.5,healthy,0,0
2026-03-22T18:55:18.750845+00:00,device-38,server,datacenter-central,55.05,48.39,14.02,0.0377,34.2,0.00485,48.3,healthy,0,0
2026-03-24T07:39:18.750845+00:00,device-11,router,datacenter-west,20.44,54.52,1114.78,14.3279,39.06,0.172,38.7,packet_loss,3,1
2026-03-18T15:21:18.750845+00:00,device-14,switch,datacenter-west,39.23,19.43,9.54,0.1125,14.96,0.00423,44.1,healthy,0,0
2026-03-15T07:47:18.750845+00:00,device-10,switch,datacenter-west,51.79,91.47,120.38,3.8293,63.53,0.07778,64.7,memory_exhaustion,2,1
2026-03-17T09:21:18.750845+00:00,device-18,router,branch-newyork,49.26,51.87,34.6,0.0886,7.9,0.00034,45.0,healthy,0,0
2026-03-23T18:48:18.750845+00:00,device-11,switch,branch-newyork,39.23,58.96,421.51,30.0063,35.51,0.23409,47.8,packet_loss,3,1
2026-03-19T06:47:18.750845+00:00,device-27,router,branch-newyork,45.52,33.45,10.77,0.2295,33.93,0.00163,46.2,healthy,0,0
2026-03-13T20:03:18.750845+00:00,device-48,firewall,datacenter-west,13.84,57.34,21.76,0.1789,46.94,0.00231,36.6,healthy,0,0
2026-03-21T05:57:18.750845+00:00,device-31,switch,datacenter-west,62.88,52.93,18.26,0.0071,19.16,0.00251,37.7,healthy,0,0
2026-03-20T14:55:18.750845+00:00,device-05,switch,branch-chicago,43.03,48.98,2.51,0.2351,49.33,0.00267,40.4,healthy,0,0
2026-03-21T09:03:18.750845+00:00,device-47,router,branch-newyork,38.89,63.14,32.48,0.2472,28.18,0.0,35.5,healthy,0,0
2026-03-19T09:19:18.750845+00:00,device-33,switch,datacenter-central,18.22,32.69,26.91,0.2385,19.11,0.00216,31.1,healthy,0,0
2026-03-17T03:55:18.750845+00:00,device-27,load_balancer,branch-newyork,6.62,41.7,18.48,0.2772,11.98,0.00484,40.7,healthy,0,0
2026-03-20T23:49:18.750845+00:00,device-21,router,branch-newyork,25.72,42.69,28.89,0.295,38.12,0.00386,44.1,healthy,0,0
2026-03-22T07:44:18.750845+00:00,device-44,load_balancer,branch-losangeles,92.55,84.66,4518.81,46.9654,96.8,0.34084,82.3,ddos_attack,5,1
2026-03-20T05:11:18.750845+00:00,device-26,firewall,branch-chicago,60.95,30.62,34.93,0.0331,25.1,0.00181,39.1,healthy,0,0
2026-03-23T03:21:18.750845+00:00,device-47,firewall,branch-newyork,14.39,20.38,36.16,0.1258,14.46,0.00174,35.4,healthy,0,0
2026-03-16T06:59:18.750845+00:00,device-11,load_balancer,datacenter-east,26.19,30.62,37.98,0.0227,27.63,0.00287,46.3,healthy,0,0
2026-03-13T06:00:18.750845+00:00,device-13,load_balancer,branch-newyork,97.7,91.26,1463.89,39.839,98.03,0.51573,84.1,ddos_attack,5,1
2026-03-14T18:47:18.750845+00:00,device-42,firewall,branch-losangeles,23.18,23.77,29.55,0.0538,16.39,0.0017,45.1,healthy,0,0
2026-03-15T18:59:18.750845+00:00,device-26,server,datacenter-west,12.87,57.42,39.38,0.1211,9.34,0.00138,35.3,healthy,0,0
2026-03-21T04:01:18.750845+00:00,device-32,server,branch-newyork,52.93,39.73,33.64,0.0072,56.31,0.00407,40.3,healthy,0,0
2026-03-14T04:35:18.750845+00:00,device-03,firewall,branch-losangeles,24.72,40.58,3.54,0.1832,12.58,0.00458,49.9,healthy,0,0
2026-03-19T22:27:18.750845+00:00,device-30,load_balancer,branch-losangeles,95.78,94.8,3709.04,50.5636,96.03,0.32925,70.2,ddos_attack,5,1
2026-03-15T01:39:18.750845+00:00,device-06,server,branch-chicago,30.49,18.82,31.97,0.1436,16.57,0.00031,48.2,healthy,0,0
2026-03-16T18:31:18.750845+00:00,device-10,router,branch-chicago,30.91,46.15,9.26,0.0283,12.09,0.00354,45.7,healthy,0,0
2026-03-12T23:15:18.750845+00:00,device-32,load_balancer,branch-losangeles,50.83,33.3,8.7,0.0322,52.74,0.0036,33.0,healthy,0,0
2026-03-25T16:25:18.750845+00:00,device-33,router,branch-newyork,88.05,75.9,179.44,1.1707,89.15,0.04405,75.8,high_cpu,1,1
2026-03-25T15:59:18.750845+00:00,device-05,server,branch-newyork,92.83,82.06,236.03,0.8781,72.19,0.03486,60.7,high_cpu,1,1
2026-03-16T00:30:18.750845+00:00,device-06,router,datacenter-west,94.7,60.1,1119.21,23.0176,76.25,0.30299,70.8,bgp_flapping,4,1
2026-03-19T02:55:18.750845+00:00,device-45,switch,datacenter-central,41.79,38.99,210.69,21.763,64.92,0.23412,39.8,packet_loss,3,1
2026-03-22T20:39:18.750845+00:00,device-48,router,datacenter-east,52.09,10.46,25.22,0.0917,60.87,0.00074,34.0,healthy,0,0
2026-03-22T17:01:18.750845+00:00,device-22,server,datacenter-east,40.85,49.25,12.47,0.0408,62.6,0.00402,46.7,healthy,0,0
2026-03-21T18:27:18.750845+00:00,device-10,load_balancer,datacenter-east,56.34,15.32,13.39,0.2739,23.75,0.0022,43.1,healthy,0,0
2026-03-25T22:57:18.750845+00:00,device-02,switch,branch-newyork,69.38,96.67,400.48,4.2877,67.54,0.02262,58.6,memory_exhaustion,2,1
2026-03-16T14:41:18.750845+00:00,device-02,load_balancer,datacenter-central,18.06,56.44,20.36,0.0491,30.5,0.00261,33.3,healthy,0,0
2026-03-17T16:43:18.750845+00:00,device-04,switch,datacenter-east,40.57,41.57,40.82,0.2889,60.32,0.00393,48.9,healthy,0,0
2026-03-17T09:27:18.750845+00:00,device-28,firewall,branch-chicago,14.15,37.66,9.72,0.1454,29.92,0.0031,39.6,healthy,0,0
2026-03-21T05:37:18.750845+00:00,device-03,load_balancer,datacenter-west,63.41,69.2,15.64,0.2612,29.81,0.00119,48.8,healthy,0,0
2026-03-19T07:11:18.750845+00:00,device-01,load_balancer,branch-newyork,58.24,61.5,42.35,0.1451,42.38,0.00133,43.7,healthy,0,0
2026-03-20T08:09:18.750845+00:00,device-23,switch,datacenter-east,33.58,33.29,15.37,0.2609,14.9,0.00229,38.3,healthy,0,0
2026-03-12T08:29:18.750845+00:00,device-18,firewall,branch-losangeles,51.24,36.93,19.57,0.0107,51.81,0.00126,50.0,healthy,0,0
2026-03-24T23:50:18.750845+00:00,device-03,firewall,branch-losangeles,90.94,81.58,3341.94,33.3616,97.88,0.39232,68.5,ddos_attack,5,1
2026-03-15T15:13:18.750845+00:00,device-04,load_balancer,branch-newyork,6.49,56.39,19.6,0.1296,47.06,0.00327,39.5,healthy,0,0
2026-03-15T13:23:18.750845+00:00,device-20,switch,datacenter-west,51.96,51.44,37.26,0.0638,45.41,0.00085,35.0,healthy,0,0
2026-03-19T06:41:18.750845+00:00,device-46,firewall,datacenter-west,64.79,29.43,44.8,0.0405,25.91,0.00413,47.8,healthy,0,0
2026-03-18T04:21:18.750845+00:00,device-49,firewall,datacenter-east,13.46,23.0,4.62,0.0916,61.55,0.00175,40.8,healthy,0,0
2026-03-21T23:23:18.750845+00:00,device-40,firewall,branch-newyork,39.23,42.83,24.74,0.1535,13.42,0.00206,32.6,healthy,0,0
2026-03-22T23:56:18.750845+00:00,device-50,router,datacenter-central,45.61,53.56,280.21,24.3527,36.03,0.06477,44.5,packet_loss,3,1
2026-03-21T19:19:18.750845+00:00,device-32,firewall,branch-losangeles,57.95,28.99,39.98,0.0691,57.17,0.00364,39.3,healthy,0,0
2026-03-16T04:29:18.750845+00:00,device-25,firewall,datacenter-west,58.1,44.12,10.81,0.0081,48.93,0.00152,31.2,healthy,0,0
2026-03-20T00:49:18.750845+00:00,device-43,load_balancer,datacenter-central,28.84,39.47,28.21,0.0861,42.86,0.00344,36.1,healthy,0,0
2026-03-18T04:09:18.750845+00:00,device-24,firewall,branch-losangeles,6.06,11.11,32.57,0.1932,19.97,0.00048,37.9,healthy,0,0
2026-03-23T09:20:18.750845+00:00,device-47,router,branch-chicago,80.96,85.88,747.1,25.682,86.27,0.2719,73.4,bgp_flapping,4,1
2026-03-15T03:23:18.750845+00:00,device-21,server,datacenter-central,45.45,62.58,16.79,0.2831,26.76,0.00402,49.8,healthy,0,0
2026-03-18T16:55:18.750845+00:00,device-36,switch,datacenter-west,60.14,12.78,3.52,0.2865,16.58,0.00215,39.6,healthy,0,0
2026-03-23T01:11:18.750845+00:00,device-02,router,datacenter-central,22.93,69.33,26.42,0.1098,19.89,0.00193,38.0,healthy,0,0
2026-03-16T15:15:18.750845+00:00,device-05,firewall,branch-chicago,24.69,63.96,37.79,0.0218,24.3,0.00344,44.2,healthy,0,0
2026-03-17T17:19:18.750845+00:00,device-47,switch,branch-newyork,15.65,17.75,34.13,0.2076,57.38,0.00132,40.3,healthy,0,0
2026-03-22T10:01:18.750845+00:00,device-47,firewall,datacenter-west,20.28,29.53,9.84,0.1464,40.15,0.00129,34.4,healthy,0,0
2026-03-20T23:59:18.750845+00:00,device-16,router,branch-losangeles,32.17,17.72,8.07,0.1122,62.39,0.00223,40.1,healthy,0,0
2026-03-18T04:11:18.750845+00:00,device-29,load_balancer,datacenter-east,7.6,68.76,5.22,0.0141,19.1,0.00434,30.2,healthy,0,0
2026-03-15T12:07:18.750845+00:00,device-18,firewall,branch-chicago,8.13,48.14,25.19,0.0458,27.25,0.00196,40.2,healthy,0,0
2026-03-22T08:21:18.750845+00:00,device-20,switch,datacenter-east,51.81,42.12,455.64,10.9333,52.3,0.14802,49.5,packet_loss,3,1
2026-03-16T09:30:18.750845+00:00,device-47,router,branch-losangeles,91.17,74.06,224.71,2.5438,81.38,0.02826,69.2,high_cpu,1,1
2026-03-14T14:30:18.750845+00:00,device-34,router,datacenter-west,91.48,70.14,810.58,15.6569,80.89,0.24648,71.9,bgp_flapping,4,1
2026-03-22T02:51:18.750845+00:00,device-26,firewall,datacenter-west,12.22,30.39,13.69,0.2702,14.62,0.00448,46.3,healthy,0,0
2026-03-22T04:09:18.750845+00:00,device-22,switch,datacenter-east,13.12,59.17,31.85,0.1213,51.15,0.00158,40.0,healthy,0,0
2026-03-22T22:13:18.750845+00:00,device-48,server,branch-chicago,6.27,38.73,19.76,0.1774,18.74,0.00471,37.5,healthy,0,0
2026-03-13T09:58:18.750845+00:00,device-10,router,branch-losangeles,91.56,66.52,189.24,2.9014,73.23,0.02662,74.4,high_cpu,1,1
2026-03-16T03:07:18.750845+00:00,device-23,switch,branch-chicago,55.19,69.2,3.11,0.2856,23.26,0.0005,32.1,healthy,0,0
2026-03-22T04:49:18.750845+00:00,device-09,load_balancer,branch-chicago,8.17,19.56,15.7,0.1187,49.45,0.00261,39.5,healthy,0,0
2026-03-22T17:21:18.750845+00:00,device-48,firewall,datacenter-central,94.29,87.65,1242.23,43.468,95.45,0.26338,80.1,ddos_attack,5,1
2026-03-19T03:20:18.750845+00:00,device-39,switch,datacenter-west,56.36,89.93,308.05,1.0142,65.75,0.08586,69.5,memory_exhaustion,2,1
2026-03-12T08:23:18.750845+00:00,device-12,firewall,branch-newyork,7.39,48.27,17.54,0.0213,31.22,0.00143,48.6,healthy,0,0
2026-03-14T11:15:18.750845+00:00,device-01,load_balancer,datacenter-west,30.87,66.36,10.26,0.0084,38.43,0.00235,30.3,healthy,0,0
2026-03-16T21:21:18.750845+00:00,device-05,load_balancer,branch-chicago,23.17,45.72,24.68,0.2771,44.01,0.00345,43.6,healthy,0,0
2026-03-22T14:25:18.750845+00:00,device-12,server,branch-chicago,35.1,21.52,38.55,0.2832,33.23,0.00412,42.8,healthy,0,0
2026-03-12T19:26:18.750845+00:00,device-28,router,branch-newyork,74.66,70.62,517.32,20.625,76.33,0.41382,56.5,bgp_flapping,4,1
2026-03-14T10:01:18.750845+00:00,device-02,server,datacenter-west,46.23,56.95,12.48,0.1564,40.54,0.00492,49.2,healthy,0,0
2026-03-20T05:07:18.750845+00:00,device-32,server,datacenter-central,57.39,93.26,291.56,5.5777,61.2,0.05359,69.6,memory_exhaustion,2,1
2026-03-15T07:09:18.750845+00:00,device-45,server,datacenter-east,5.51,38.44,31.43,0.0517,36.32,0.00327,34.0,healthy,0,0
2026-03-24T03:22:18.750845+00:00,device-37,server,datacenter-central,89.2,66.91,164.92,0.7707,72.13,0.04461,63.5,high_cpu,1,1
2026-03-18T10:47:18.750845+00:00,device-34,switch,datacenter-west,13.67,48.86,27.98,0.0405,11.74,0.0032,31.5,healthy,0,0
2026-03-17T19:30:18.750845+00:00,device-01,server,datacenter-central,93.92,66.14,135.07,2.7057,79.9,0.03628,75.8,high_cpu,1,1
2026-03-16T19:53:18.750845+00:00,device-23,router,branch-losangeles,34.65,64.04,24.14,0.2622,21.61,0.00045,47.6,healthy,0,0
2026-03-19T08:35:18.750845+00:00,device-50,router,datacenter-west,25.97,41.38,3.77,0.1488,31.11,0.00257,32.5,healthy,0,0
2026-03-13T10:39:18.750845+00:00,device-43,router,branch-losangeles,28.49,63.17,9.55,0.2236,46.75,0.00118,39.3,healthy,0,0
2026-03-14T12:07:18.750845+00:00,device-29,switch,branch-chicago,63.52,26.68,12.42,0.0205,50.16,0.00275,49.0,healthy,0,0
2026-03-18T09:37:18.750845+00:00,device-27,router,branch-losangeles,52.55,24.08,25.44,0.2698,39.1,0.00355,33.9,healthy,0,0
2026-03-22T17:53:18.750845+00:00,device-14,switch,datacenter-central,31.46,27.06,1560.92,20.9634,45.06,0.10403,42.3,packet_loss,3,1
2026-03-15T18:21:18.750845+00:00,device-04,firewall,branch-chicago,15.79,36.74,16.56,0.1411,41.91,0.00376,33.5,healthy,0,0
2026-03-13T14:01:18.750845+00:00,device-30,router,branch-losangeles,46.05,63.76,9.54,0.0987,39.81,0.00332,48.1,healthy,0,0
2026-03-18T20:59:18.750845+00:00,device-23,firewall,datacenter-east,23.82,58.52,37.39,0.0882,9.08,0.00385,44.3,healthy,0,0
2026-03-24T06:39:18.750845+00:00,device-25,router,datacenter-east,92.66,86.72,1983.25,19.4485,63.87,0.15361,60.7,bgp_flapping,4,1
2026-03-21T20:41:18.750845+00:00,device-46,router,datacenter-central,92.13,82.11,150.83,1.496,87.26,0.04644,63.0,high_cpu,1,1
2026-03-22T17:07:18.750845+00:00,device-03,firewall,datacenter-central,15.72,19.03,10.42,0.1271,25.19,5e-05,47.2,healthy,0,0
2026-03-15T22:25:18.750845+00:00,device-47,server,datacenter-west,48.15,47.28,4.56,0.1324,15.81,0.00446,47.0,healthy,0,0
2026-03-14T19:59:18.750845+00:00,device-19,firewall,branch-losangeles,21.81,65.64,20.16,0.0707,26.18,0.00204,35.0,healthy,0,0
2026-03-17T19:59:18.750845+00:00,device-28,load_balancer,branch-losangeles,27.71,69.99,42.58,0.2354,14.92,0.00111,39.0,healthy,0,0
2026-03-22T11:25:18.750845+00:00,device-48,switch,datacenter-central,54.52,29.49,582.57,34.8138,44.88,0.26399,55.0,packet_loss,3,1
2026-03-13T14:24:18.750845+00:00,device-18,switch,branch-chicago,55.36,98.74,258.45,6.4619,57.93,0.04685,64.6,memory_exhaustion,2,1
2026-03-22T20:31:18.750845+00:00,device-17,server,datacenter-west,10.04,63.36,3.97,0.0364,61.81,0.00328,39.3,healthy,0,0
2026-03-20T04:31:18.750845+00:00,device-29,load_balancer,branch-newyork,16.33,33.76,35.07,0.2275,13.24,0.00053,30.8,healthy,0,0
2026-03-18T14:58:18.750845+00:00,device-04,firewall,branch-newyork,90.03,98.34,4198.49,40.4552,97.4,0.23703,85.0,ddos_attack,5,1
2026-03-19T03:13:18.750845+00:00,device-07,server,datacenter-central,36.06,18.16,38.41,0.0748,58.6,0.00265,45.1,healthy,0,0
2026-03-22T11:29:18.750845+00:00,device-27,firewall,branch-chicago,51.08,14.52,34.68,0.2923,18.09,0.00456,45.0,healthy,0,0
2026-03-13T14:35:18.750845+00:00,device-48,firewall,datacenter-west,55.54,59.59,13.17,0.2746,33.28,0.00387,34.2,healthy,0,0
2026-03-12T05:01:18.750845+00:00,device-18,load_balancer,branch-newyork,7.78,56.11,15.89,0.1558,32.16,0.00141,49.4,healthy,0,0
2026-03-14T08:17:18.750845+00:00,device-08,firewall,branch-newyork,9.89,59.6,25.13,0.0816,32.33,0.00319,46.4,healthy,0,0
2026-03-13T00:51:18.750845+00:00,device-27,load_balancer,branch-chicago,48.78,43.78,17.64,0.2198,39.79,0.0032,33.1,healthy,0,0
2026-03-22T02:47:18.750845+00:00,device-46,router,branch-newyork,38.84,17.79,28.92,0.0905,56.99,0.00347,34.5,healthy,0,0
2026-03-12T04:49:18.750845+00:00,device-12,switch,branch-chicago,56.29,34.97,6.66,0.1779,12.5,0.00038,33.4,healthy,0,0
2026-03-12T22:55:18.750845+00:00,device-43,server,branch-newyork,9.29,43.5,26.08,0.2106,56.63,0.00446,49.2,healthy,0,0
2026-03-18T17:03:18.750845+00:00,device-08,firewall,datacenter-central,26.82,12.52,7.35,0.0841,15.62,0.00302,42.1,healthy,0,0
2026-03-19T13:27:18.750845+00:00,device-02,switch,datacenter-west,51.72,66.97,43.69,0.2223,45.41,0.00473,39.5,healthy,0,0
2026-03-17T00:33:18.750845+00:00,device-43,load_balancer,datacenter-central,21.86,51.32,40.15,0.0174,37.13,0.00473,48.5,healthy,0,0
2026-03-20T22:41:18.750845+00:00,device-40,router,branch-losangeles,55.89,27.75,15.16,0.2604,46.58,0.00369,49.5,healthy,0,0
2026-03-15T06:59:18.750845+00:00,device-42,firewall,branch-chicago,20.13,31.01,13.0,0.2379,38.33,0.00468,36.4,healthy,0,0
2026-03-22T12:00:18.750845+00:00,device-43,switch,branch-chicago,66.13,89.52,295.48,3.257,61.2,0.05644,61.5,memory_exhaustion,2,1
2026-03-21T10:43:18.750845+00:00,device-43,load_balancer,branch-newyork,39.66,62.94,14.58,0.2316,25.86,0.00435,43.2,healthy,0,0
2026-03-25T13:16:18.750845+00:00,device-12,load_balancer,datacenter-east,94.16,94.38,3777.72,25.1849,96.41,0.59318,81.0,ddos_attack,5,1
2026-03-17T04:41:18.750845+00:00,device-15,firewall,datacenter-central,54.83,57.77,13.09,0.2758,57.73,0.00403,44.4,healthy,0,0
2026-03-21T23:49:18.750845+00:00,device-15,load_balancer,datacenter-west,64.45,44.75,43.01,0.2843,59.95,0.00271,46.4,healthy,0,0
2026-03-18T06:15:18.750845+00:00,device-35,load_balancer,datacenter-central,42.16,53.0,20.62,0.0185,61.11,0.00158,42.9,healthy,0,0
2026-03-18T16:29:18.750845+00:00,device-38,router,datacenter-east,12.26,42.93,8.82,0.1311,53.0,0.00089,39.8,healthy,0,0
2026-03-15T22:57:18.750845+00:00,device-02,server,datacenter-east,6.23,16.45,22.83,0.1901,39.17,0.00489,30.1,healthy,0,0
2026-03-22T02:39:18.750845+00:00,device-20,server,datacenter-west,50.07,66.82,10.41,0.2054,14.26,0.00281,43.3,healthy,0,0
2026-03-23T20:45:18.750845+00:00,device-38,load_balancer,datacenter-central,91.42,96.86,2292.24,24.7744,95.14,0.67185,77.7,ddos_attack,5,1
2026-03-21T15:21:18.750845+00:00,device-43,load_balancer,datacenter-west,25.97,69.2,30.49,0.0536,29.83,0.00096,45.4,healthy,0,0
2026-03-18T03:25:18.750845+00:00,device-21,firewall,datacenter-east,13.3,24.73,21.43,0.0051,54.47,0.00235,36.7,healthy,0,0
2026-03-18T07:58:18.750845+00:00,device-17,firewall,branch-losangeles,91.81,89.83,3013.11,20.5644,97.85,0.46665,67.7,ddos_attack,5,1
2026-03-22T00:57:18.750845+00:00,device-33,switch,datacenter-east,43.57,18.88,12.45,0.2407,23.27,0.00043,30.3,healthy,0,0
2026-03-19T14:21:18.750845+00:00,device-09,load_balancer,datacenter-west,29.53,63.7,13.51,0.153,35.23,0.00123,45.1,healthy,0,0
2026-03-22T11:53:18.750845+00:00,device-05,firewall,branch-chicago,23.85,62.76,3.25,0.2151,30.73,0.00397,32.0,healthy,0,0
2026-03-24T08:08:18.750845+00:00,device-40,switch,branch-chicago,58.93,98.34,434.88,6.1634,75.71,0.05417,72.4,memory_exhaustion,2,1
2026-03-17T06:07:18.750845+00:00,device-20,router,branch-newyork,57.39,44.65,11.46,0.0619,54.12,0.00105,41.9,healthy,0,0
2026-03-14T21:43:18.750845+00:00,device-41,load_balancer,branch-chicago,24.46,31.82,19.79,0.0736,53.06,0.0043,41.5,healthy,0,0
2026-03-19T18:57:18.750845+00:00,device-04,server,branch-chicago,36.85,66.1,34.85,0.1192,40.39,0.00476,41.8,healthy,0,0
2026-03-14T13:57:18.750845+00:00,device-45,server,datacenter-central,36.95,41.29,7.68,0.0938,55.12,0.00352,41.3,healthy,0,0
2026-03-12T16:18:18.750845+00:00,device-30,server,datacenter-central,54.57,91.9,104.13,2.3223,75.27,0.07624,74.5,memory_exhaustion,2,1
2026-03-20T19:19:18.750845+00:00,device-42,server,datacenter-central,63.14,49.67,35.44,0.0382,54.12,0.00299,44.1,healthy,0,0
2026-03-15T11:09:18.750845+00:00,device-07,firewall,branch-newyork,58.02,15.34,16.96,0.2881,58.48,0.00083,35.3,healthy,0,0
2026-03-23T03:39:18.750845+00:00,device-22,load_balancer,datacenter-central,8.2,29.5,15.08,0.2069,30.9,0.0013,39.5,healthy,0,0
2026-03-18T23:47:18.750845+00:00,device-47,firewall,branch-newyork,64.97,19.23,28.82,0.037,53.07,0.0011,47.3,healthy,0,0
2026-03-14T08:27:18.750845+00:00,device-42,server,datacenter-west,96.93,76.09,154.83,2.1213,74.05,0.02458,62.0,high_cpu,1,1
2026-03-17T08:01:18.750845+00:00,device-08,server,branch-losangeles,12.16,47.54,44.66,0.09,31.38,0.00482,44.2,healthy,0,0
2026-03-22T15:49:18.750845+00:00,device-20,router,branch-chicago,16.85,40.36,26.01,0.279,22.93,0.00104,44.9,healthy,0,0
2026-03-22T03:19:18.750845+00:00,device-32,load_balancer,datacenter-west,17.99,23.41,22.59,0.228,46.54,0.00039,36.5,healthy,0,0
2026-03-17T04:46:18.750845+00:00,device-50,firewall,branch-newyork,97.27,80.18,1741.1,54.5471,95.24,0.30308,70.7,ddos_attack,5,1
2026-03-16T21:14:18.750845+00:00,device-44,load_balancer,branch-chicago,90.97,94.39,2622.77,34.0436,99.33,0.67415,84.5,ddos_attack,5,1
2026-03-16T13:11:18.750845+00:00,device-16,server,branch-chicago,24.51,65.72,25.94,0.2342,33.65,0.00369,32.9,healthy,0,0
2026-03-16T11:03:18.750845+00:00,device-10,firewall,datacenter-central,45.07,25.01,21.08,0.1846,22.16,0.00243,34.3,healthy,0,0
2026-03-16T04:25:18.750845+00:00,device-23,load_balancer,branch-losangeles,16.26,68.72,42.09,0.0149,30.96,0.00417,48.9,healthy,0,0
2026-03-14T19:20:18.750845+00:00,device-17,server,branch-newyork,55.92,97.3,459.25,1.7095,62.64,0.07726,67.4,memory_exhaustion,2,1
2026-03-18T02:45:18.750845+00:00,device-24,load_balancer,branch-newyork,18.02,20.68,39.18,0.1598,57.06,0.00423,34.8,healthy,0,0
2026-03-20T13:43:18.750845+00:00,device-24,router,branch-losangeles,26.78,14.05,12.68,0.1156,13.57,0.00055,43.1,healthy,0,0
2026-03-16T22:19:18.750845+00:00,device-22,firewall,datacenter-central,46.23,60.6,44.28,0.2715,29.77,0.00316,48.5,healthy,0,0
2026-03-17T05:03:18.750845+00:00,device-30,server,datacenter-central,64.93,93.28,493.78,1.9009,65.51,0.03126,55.7,memory_exhaustion,2,1
2026-03-15T13:09:18.750845+00:00,device-40,firewall,datacenter-west,6.08,43.25,33.41,0.2455,35.57,0.00282,36.2,healthy,0,0
2026-03-22T13:41:18.750845+00:00,device-04,load_balancer,datacenter-west,28.09,61.0,29.36,0.079,20.3,0.00274,38.1,healthy,0,0
2026-03-15T04:53:18.750845+00:00,device-08,router,branch-newyork,25.35,23.06,19.84,0.1418,12.24,0.00322,45.3,healthy,0,0
2026-03-13T22:15:18.750845+00:00,device-29,switch,branch-losangeles,35.73,45.67,34.13,0.1534,63.87,0.00448,32.7,healthy,0,0
2026-03-18T20:51:18.750845+00:00,device-06,firewall,datacenter-west,64.93,62.28,23.68,0.1875,27.37,0.00201,44.4,healthy,0,0
2026-03-14T00:15:18.750845+00:00,device-14,load_balancer,datacenter-east,11.24,28.27,2.7,0.0136,62.11,0.00365,33.2,healthy,0,0
2026-03-18T17:11:18.750845+00:00,device-36,load_balancer,datacenter-east,38.08,10.22,23.47,0.1753,38.51,0.00087,36.2,healthy,0,0
2026-03-21T04:33:18.750845+00:00,device-36,load_balancer,branch-chicago,54.43,46.83,4.34,0.2444,8.88,0.00201,37.8,healthy,0,0
2026-03-24T16:23:18.750845+00:00,device-21,server,branch-losangeles,49.23,93.32,353.98,1.1799,76.79,0.05864,60.2,memory_exhaustion,2,1
2026-03-19T09:32:18.750845+00:00,device-42,switch,datacenter-east,40.69,89.12,363.59,4.3144,61.53,0.08369,70.9,memory_exhaustion,2,1
2026-03-15T20:35:18.750845+00:00,device-41,router,branch-chicago,12.67,38.7,34.27,0.2018,16.7,0.00126,39.7,healthy,0,0
2026-03-14T22:33:18.750845+00:00,device-10,server,datacenter-central,17.39,50.13,10.31,0.2778,34.46,0.00142,43.9,healthy,0,0
2026-03-16T23:43:18.750845+00:00,device-10,load_balancer,branch-chicago,44.99,25.75,18.66,0.0607,63.11,0.00252,45.2,healthy,0,0
2026-03-19T16:19:18.750845+00:00,device-43,switch,branch-losangeles,36.1,38.41,21.19,0.0048,39.08,0.00224,38.6,healthy,0,0
2026-03-13T23:43:18.750845+00:00,device-17,router,branch-newyork,82.68,89.91,1544.62,27.2004,77.77,0.27488,63.0,bgp_flapping,4,1
2026-03-22T00:53:18.750845+00:00,device-10,server,branch-losangeles,32.01,12.17,29.72,0.2468,61.92,0.00362,45.5,healthy,0,0
2026-03-19T13:02:18.750845+00:00,device-42,router,branch-losangeles,91.41,66.97,2562.79,23.5785,78.57,0.1067,55.7,bgp_flapping,4,1
2026-03-18T20:23:18.750845+00:00,device-49,server,datacenter-west,37.5,55.95,20.73,0.2137,16.89,0.00062,46.4,healthy,0,0
2026-03-20T20:13:18.750845+00:00,device-48,router,datacenter-west,56.54,60.83,40.03,0.1809,10.27,0.00312,49.2,healthy,0,0
2026-03-22T21:51:18.750845+00:00,device-15,router,datacenter-central,22.39,26.99,5.23,0.1309,41.78,0.00227,39.3,healthy,0,0
2026-03-12T20:39:18.750845+00:00,device-23,router,datacenter-central,15.48,63.7,2.32,0.2217,26.01,0.00447,36.3,healthy,0,0
2026-03-12T19:08:18.750845+00:00,device-19,router,branch-newyork,80.52,82.24,608.03,30.473,94.88,0.48574,65.8,bgp_flapping,4,1
2026-03-20T16:45:18.750845+00:00,device-47,load_balancer,datacenter-east,24.59,13.36,22.31,0.1341,15.56,0.00438,31.3,healthy,0,0
2026-03-19T20:04:18.750845+00:00,device-12,load_balancer,branch-newyork,98.99,93.15,3157.61,26.5748,96.91,0.33266,79.7,ddos_attack,5,1
2026-03-20T06:11:18.750845+00:00,device-15,router,branch-chicago,10.77,46.86,24.89,0.1541,54.19,0.00188,48.3,healthy,0,0
2026-03-20T23:17:18.750845+00:00,device-12,router,branch-losangeles,20.67,44.74,14.51,0.0251,54.27,0.00176,48.6,healthy,0,0
2026-03-19T20:41:18.750845+00:00,device-50,switch,datacenter-central,25.49,26.78,33.03,0.2142,43.61,0.0029,35.6,healthy,0,0
2026-03-18T03:57:18.750845+00:00,device-47,router,datacenter-central,43.08,45.09,8.45,0.2503,28.35,4e-05,40.0,healthy,0,0
2026-03-17T19:41:18.750845+00:00,device-21,router,datacenter-west,16.75,65.94,25.9,0.2195,20.94,0.00276,31.1,healthy,0,0
2026-03-20T19:43:18.750845+00:00,device-23,router,branch-chicago,88.56,84.69,2165.88,15.081,66.97,0.38556,71.3,bgp_flapping,4,1
2026-03-13T21:05:18.750845+00:00,device-44,server,datacenter-east,43.58,46.92,22.66,0.1698,54.44,0.0039,46.9,healthy,0,0
2026-03-14T22:49:18.750845+00:00,device-40,load_balancer,branch-newyork,38.08,16.03,39.86,0.2909,43.57,0.00081,41.6,healthy,0,0
2026-03-12T06:01:18.750845+00:00,device-50,server,datacenter-central,48.68,49.75,27.54,0.2747,38.28,0.00363,41.6,healthy,0,0
2026-03-23T02:05:18.750845+00:00,device-11,router,branch-newyork,25.89,48.55,32.68,0.1638,30.35,0.00139,48.8,healthy,0,0
2026-03-14T05:31:18.750845+00:00,device-22,firewall,branch-newyork,8.74,17.99,28.71,0.1415,13.06,0.00086,43.8,healthy,0,0
2026-03-17T20:21:18.750845+00:00,device-28,server,branch-losangeles,6.16,60.01,27.59,0.1876,45.02,0.00392,33.6,healthy,0,0
2026-03-19T15:39:18.750845+00:00,device-16,firewall,branch-losangeles,18.02,67.42,28.79,0.1215,59.55,0.00112,33.1,healthy,0,0
2026-03-21T11:35:18.750845+00:00,device-49,switch,datacenter-east,36.65,13.34,1.45,0.2494,52.11,0.00302,37.3,healthy,0,0
2026-03-13T11:15:18.750845+00:00,device-10,router,datacenter-central,16.52,30.89,28.86,0.2436,16.31,0.00227,32.3,healthy,0,0
2026-03-15T13:31:18.750845+00:00,device-44,router,branch-chicago,64.34,26.93,9.1,0.183,58.81,0.00272,32.6,healthy,0,0
2026-03-17T22:35:18.750845+00:00,device-14,server,branch-chicago,31.23,67.46,29.82,0.0525,24.46,0.00213,35.0,healthy,0,0
2026-03-14T00:29:18.750845+00:00,device-08,server,branch-newyork,6.56,38.3,39.34,0.0632,33.79,0.0006,37.5,healthy,0,0
2026-03-19T02:37:18.750845+00:00,device-44,server,branch-newyork,30.71,11.25,14.86,0.2745,14.5,0.00213,36.9,healthy,0,0
2026-03-18T01:03:18.750845+00:00,device-24,firewall,branch-chicago,28.35,29.68,15.53,0.0451,9.37,0.00464,38.0,healthy,0,0
2026-03-16T05:32:18.750845+00:00,device-29,router,branch-newyork,72.05,87.59,2173.91,23.8344,91.55,0.46061,67.0,bgp_flapping,4,1
2026-03-20T00:23:18.750845+00:00,device-02,server,datacenter-west,18.89,39.06,10.24,0.0764,19.08,0.00261,30.9,healthy,0,0
2026-03-17T18:44:18.750845+00:00,device-15,switch,datacenter-central,28.78,34.27,1364.76,17.0554,55.21,0.22452,51.1,packet_loss,3,1
2026-03-20T13:53:18.750845+00:00,device-39,load_balancer,branch-chicago,37.01,32.53,30.25,0.2672,60.48,0.0023,49.5,healthy,0,0
2026-03-23T00:35:18.750845+00:00,device-24,firewall,branch-losangeles,64.1,10.39,1.36,0.1618,20.14,0.00496,40.0,healthy,0,0
2026-03-20T15:37:18.750845+00:00,device-32,router,branch-newyork,25.85,39.71,19.05,0.0332,15.77,0.00193,38.8,healthy,0,0
2026-03-22T18:25:18.750845+00:00,device-01,load_balancer,branch-chicago,98.46,98.7,1731.8,24.7706,95.58,0.68422,82.7,ddos_attack,5,1
2026-03-15T18:23:18.750845+00:00,device-34,firewall,branch-chicago,58.38,22.46,5.58,0.1107,25.37,0.0015,36.2,healthy,0,0
2026-03-15T17:33:18.750845+00:00,device-16,switch,datacenter-west,36.84,67.64,3.13,0.1851,29.26,0.00143,40.4,healthy,0,0
2026-03-12T23:13:18.750845+00:00,device-14,switch,branch-chicago,10.26,18.37,11.47,0.1384,22.84,0.00134,37.1,healthy,0,0
2026-03-13T01:20:18.750845+00:00,device-38,server,datacenter-central,70.2,98.29,366.72,3.1185,61.24,0.05336,62.3,memory_exhaustion,2,1
2026-03-16T17:39:18.750845+00:00,device-30,load_balancer,datacenter-east,9.79,61.32,29.67,0.1376,5.93,0.00099,47.4,healthy,0,0
2026-03-17T22:03:18.750845+00:00,device-23,switch,branch-chicago,6.31,39.44,33.56,0.0261,14.07,0.004,35.3,healthy,0,0
2026-03-23T17:15:18.750845+00:00,device-36,server,branch-losangeles,42.33,91.3,227.86,1.622,70.87,0.06952,62.0,memory_exhaustion,2,1
2026-03-12T21:51:18.750845+00:00,device-49,switch,datacenter-east,40.89,63.23,42.74,0.0638,25.63,0.00037,44.7,healthy,0,0
2026-03-13T23:47:18.750845+00:00,device-29,router,datacenter-east,32.72,36.53,8.69,0.1111,59.16,0.00398,32.6,healthy,0,0
2026-03-25T13:19:18.750845+00:00,device-45,switch,datacenter-west,50.27,49.29,769.44,13.8011,55.46,0.05975,38.2,packet_loss,3,1
2026-03-15T22:29:18.750845+00:00,device-20,server,branch-losangeles,54.82,95.63,180.86,7.2126,71.34,0.05699,56.4,memory_exhaustion,2,1
2026-03-18T19:05:18.750845+00:00,device-16,server,datacenter-central,46.33,95.81,305.3,7.8761,71.7,0.07611,55.5,memory_exhaustion,2,1
2026-03-19T15:43:18.750845+00:00,device-35,server,datacenter-central,35.6,31.17,2.71,0.2464,19.45,0.00387,46.6,healthy,0,0
2026-03-21T14:51:18.750845+00:00,device-24,switch,branch-losangeles,67.87,97.29,213.34,4.8706,57.59,0.02546,66.1,memory_exhaustion,2,1
2026-03-14T12:39:18.750845+00:00,device-25,router,datacenter-central,54.64,32.6,9.38,0.2822,16.3,0.00203,34.9,healthy,0,0
2026-03-16T06:57:18.750845+00:00,device-50,router,datacenter-central,11.47,53.08,16.63,0.0843,13.59,0.00473,41.2,healthy,0,0
2026-03-21T09:13:18.750845+00:00,device-20,firewall,datacenter-west,23.79,57.15,39.58,0.2437,47.83,0.00153,34.2,healthy,0,0
2026-03-16T05:21:18.750845+00:00,device-41,load_balancer,branch-losangeles,35.68,13.47,18.17,0.014,56.34,0.00493,30.5,healthy,0,0
2026-03-20T00:41:18.750845+00:00,device-05,server,branch-losangeles,45.91,41.93,26.37,0.0428,43.87,0.00457,30.5,healthy,0,0
2026-03-17T14:11:18.750845+00:00,device-41,router,branch-chicago,48.48,69.63,4.33,0.273,62.0,0.00076,44.5,healthy,0,0
2026-03-19T09:28:18.750845+00:00,device-23,router,branch-chicago,80.1,74.87,1290.08,18.6695,69.67,0.12905,68.9,bgp_flapping,4,1
2026-03-16T19:51:18.750845+00:00,device-33,switch,branch-newyork,23.12,45.13,4.61,0.0666,45.76,0.00156,35.3,healthy,0,0
2026-03-15T14:11:18.750845+00:00,device-36,firewall,datacenter-central,24.94,69.03,43.22,0.2403,49.05,0.00155,33.0,healthy,0,0
2026-03-14T17:19:18.750845+00:00,device-27,switch,branch-newyork,31.08,68.2,39.27,0.0429,9.87,0.00012,47.3,healthy,0,0
2026-03-12T21:53:18.750845+00:00,device-50,load_balancer,datacenter-west,37.13,42.04,14.87,0.0896,39.59,0.00312,30.3,healthy,0,0
2026-03-17T19:21:18.750845+00:00,device-06,firewall,datacenter-west,14.37,12.39,42.81,0.0106,23.02,0.00433,38.6,healthy,0,0
2026-03-22T05:35:18.750845+00:00,device-28,switch,branch-chicago,8.74,14.44,14.86,0.1954,43.76,0.00085,37.9,healthy,0,0
2026-03-12T20:31:18.750845+00:00,device-16,server,branch-newyork,40.37,96.45,364.76,4.237,50.44,0.09779,56.5,memory_exhaustion,2,1
2026-03-16T01:57:18.750845+00:00,device-07,firewall,branch-losangeles,46.6,15.17,36.42,0.2407,57.15,0.00426,41.0,healthy,0,0
2026-03-17T20:39:18.750845+00:00,device-11,router,datacenter-west,22.35,15.83,7.69,0.0268,41.66,0.00141,32.3,healthy,0,0
2026-03-19T19:33:18.750845+00:00,device-28,load_balancer,branch-losangeles,59.65,28.61,33.96,0.1286,9.75,0.00115,41.8,healthy,0,0
2026-03-18T04:15:18.750845+00:00,device-20,server,datacenter-central,55.84,53.94,17.65,0.1584,6.59,0.00264,42.2,healthy,0,0
2026-03-14T16:37:18.750845+00:00,device-11,router,branch-losangeles,9.62,12.98,5.27,0.1208,60.7,0.0036,37.3,healthy,0,0
2026-03-15T02:15:18.750845+00:00,device-03,firewall,branch-newyork,8.79,67.82,35.48,0.2112,44.9,0.00425,46.8,healthy,0,0
2026-03-14T10:27:18.750845+00:00,device-16,load_balancer,datacenter-central,12.35,10.17,25.49,0.1865,15.64,0.00343,46.2,healthy,0,0
2026-03-21T06:47:18.750845+00:00,device-26,router,datacenter-east,40.29,47.67,39.88,0.2093,34.0,0.00208,34.7,healthy,0,0
2026-03-12T06:23:18.750845+00:00,device-21,router,branch-newyork,18.23,13.78,3.52,0.0232,30.57,0.00276,35.1,healthy,0,0
2026-03-16T02:23:18.750845+00:00,device-09,router,branch-chicago,88.0,81.46,1825.54,30.7966,75.01,0.13072,65.5,bgp_flapping,4,1
2026-03-16T07:53:18.750845+00:00,device-41,firewall,branch-newyork,41.85,54.28,7.54,0.1939,38.42,0.00025,32.8,healthy,0,0
2026-03-21T04:17:18.750845+00:00,device-32,load_balancer,branch-newyork,26.88,53.4,9.17,0.017,33.07,0.00162,48.9,healthy,0,0
2026-03-20T07:25:18.750845+00:00,device-39,load_balancer,datacenter-central,17.65,13.06,13.15,0.2608,14.09,0.00493,40.8,healthy,0,0
2026-03-16T09:27:18.750845+00:00,device-48,load_balancer,datacenter-east,43.6,42.18,24.3,0.0651,42.32,0.00065,36.8,healthy,0,0
2026-03-14T01:21:18.750845+00:00,device-22,switch,branch-chicago,63.92,34.35,11.99,0.0294,45.09,0.00026,36.3,healthy,0,0
2026-03-22T06:41:18.750845+00:00,device-10,switch,datacenter-east,59.83,10.08,27.88,0.0676,28.2,0.00047,31.2,healthy,0,0
2026-03-24T13:36:18.750845+00:00,device-18,switch,branch-newyork,40.02,96.3,425.15,1.0564,65.68,0.04967,71.5,memory_exhaustion,2,1
2026-03-19T11:59:18.750845+00:00,device-02,switch,datacenter-west,23.85,41.98,39.78,0.227,52.01,0.00274,40.4,healthy,0,0
2026-03-20T04:07:18.750845+00:00,device-32,firewall,branch-chicago,53.86,34.03,31.9,0.1431,7.23,0.00309,35.2,healthy,0,0
2026-03-22T17:14:18.750845+00:00,device-31,server,branch-newyork,98.72,77.98,167.88,2.3629,77.47,0.01353,79.1,high_cpu,1,1
2026-03-17T07:05:18.750845+00:00,device-25,load_balancer,datacenter-east,21.59,23.76,21.87,0.2852,51.55,0.00072,36.2,healthy,0,0
2026-03-20T12:27:18.750845+00:00,device-44,switch,branch-losangeles,43.37,58.71,25.87,0.1191,59.45,0.00168,37.8,healthy,0,0
2026-03-20T03:01:18.750845+00:00,device-07,switch,branch-chicago,24.91,51.58,34.18,0.2732,62.86,0.00287,33.1,healthy,0,0
2026-03-15T14:21:18.750845+00:00,device-17,switch,branch-chicago,9.5,68.98,38.13,0.2776,63.18,0.00131,32.7,healthy,0,0
2026-03-23T02:09:18.750845+00:00,device-44,server,datacenter-west,18.95,49.0,19.13,0.0697,49.21,0.0035,32.1,healthy,0,0
2026-03-19T16:27:18.750845+00:00,device-27,switch,datacenter-west,56.9,14.6,22.46,0.0397,20.17,0.00177,41.0,healthy,0,0
2026-03-18T00:03:18.750845+00:00,device-04,router,datacenter-east,6.03,61.06,19.46,0.1414,32.99,0.00273,44.5,healthy,0,0
2026-03-17T21:33:18.750845+00:00,device-30,server,branch-losangeles,39.88,33.04,20.87,0.0925,53.49,0.00157,30.6,healthy,0,0
2026-03-12T16:55:18.750845+00:00,device-27,firewall,datacenter-west,9.86,59.23,26.43,0.2401,29.39,0.00026,36.4,healthy,0,0
2026-03-13T12:29:18.750845+00:00,device-11,firewall,branch-newyork,11.52,10.97,30.68,0.2521,53.42,0.00368,30.1,healthy,0,0
2026-03-22T15:31:18.750845+00:00,device-10,firewall,branch-newyork,54.75,22.27,23.34,0.2179,60.94,0.00192,30.8,healthy,0,0
2026-03-20T01:08:18.750845+00:00,device-11,switch,branch-chicago,35.65,44.28,1806.51,29.8869,32.33,0.13042,36.9,packet_loss,3,1
2026-03-17T02:45:18.750845+00:00,device-23,switch,datacenter-east,27.39,44.49,681.46,34.9708,32.76,0.23465,40.1,packet_loss,3,1
2026-03-16T23:37:18.750845+00:00,device-48,server,datacenter-west,24.32,27.74,6.68,0.2226,54.39,0.00331,38.7,healthy,0,0
2026-03-19T04:57:18.750845+00:00,device-06,server,branch-chicago,24.84,49.23,16.29,0.1802,26.42,0.00336,30.1,healthy,0,0
2026-03-17T12:29:18.750845+00:00,device-19,switch,datacenter-east,11.79,54.07,28.07,0.0652,20.48,0.00413,30.7,healthy,0,0
2026-03-19T21:57:18.750845+00:00,device-25,load_balancer,datacenter-east,19.37,34.65,29.57,0.1086,36.83,0.00139,42.7,healthy,0,0
2026-03-22T18:29:18.750845+00:00,device-44,router,branch-newyork,13.52,13.92,23.75,0.1111,13.17,0.00036,46.3,healthy,0,0
2026-03-14T20:45:18.750845+00:00,device-46,server,branch-chicago,6.77,11.0,44.58,0.2626,49.49,0.00091,34.9,healthy,0,0
2026-03-13T15:17:18.750845+00:00,device-43,server,datacenter-east,43.09,20.07,20.5,0.025,38.82,0.00137,49.2,healthy,0,0
2026-03-19T15:09:18.750845+00:00,device-33,load_balancer,datacenter-east,11.81,41.93,34.99,0.1065,29.54,0.00151,30.4,healthy,0,0
2026-03-15T02:05:18.750845+00:00,device-10,firewall,datacenter-east,48.99,45.22,18.33,0.2832,13.4,0.00367,34.6,healthy,0,0
2026-03-16T02:49:18.750845+00:00,device-46,server,datacenter-west,20.89,47.78,42.1,0.0101,44.42,0.00334,39.1,healthy,0,0
2026-03-23T03:43:18.750845+00:00,device-36,switch,branch-chicago,32.22,58.69,33.06,0.0295,35.77,0.00295,32.4,healthy,0,0
2026-03-13T15:15:18.750845+00:00,device-09,server,branch-chicago,95.99,70.56,230.95,2.0535,71.57,0.04905,70.9,high_cpu,1,1
2026-03-18T23:11:18.750845+00:00,device-25,firewall,datacenter-central,54.77,34.19,34.58,0.0663,45.74,0.00383,38.1,healthy,0,0
2026-03-17T03:35:18.750845+00:00,device-31,server,datacenter-central,89.95,61.25,154.09,2.7019,84.83,0.03921,68.8,high_cpu,1,1
2026-03-19T22:15:18.750845+00:00,device-09,load_balancer,branch-chicago,14.11,27.6,34.36,0.2746,50.65,0.00028,47.8,healthy,0,0
2026-03-22T08:07:18.750845+00:00,device-48,load_balancer,datacenter-central,54.96,52.71,8.73,0.054,33.72,0.0003,47.4,healthy,0,0
2026-03-22T23:21:18.750845+00:00,device-24,server,datacenter-west,44.09,13.62,22.15,0.2636,61.88,0.00238,37.0,healthy,0,0
2026-03-21T03:09:18.750845+00:00,device-39,router,branch-losangeles,87.23,63.34,1124.73,20.2296,71.18,0.32376,59.6,bgp_flapping,4,1
2026-03-17T06:43:18.750845+00:00,device-48,firewall,datacenter-east,35.66,20.24,7.22,0.167,28.22,0.00498,42.4,healthy,0,0
2026-03-19T04:51:18.750845+00:00,device-19,server,datacenter-west,27.92,26.46,10.64,0.111,44.05,0.00406,32.4,healthy,0,0
2026-03-16T01:19:18.750845+00:00,device-47,server,datacenter-central,30.79,46.32,20.64,0.1545,45.12,0.00473,45.3,healthy,0,0
2026-03-13T17:39:18.750845+00:00,device-26,firewall,branch-losangeles,23.33,18.63,31.69,0.1628,56.0,0.00246,49.2,healthy,0,0
2026-03-18T02:15:18.750845+00:00,device-04,load_balancer,datacenter-central,23.64,17.08,38.5,0.1848,6.59,0.00214,43.4,healthy,0,0
2026-03-19T16:31:18.750845+00:00,device-40,firewall,datacenter-east,34.1,23.5,20.98,0.088,25.13,0.00396,45.2,healthy,0,0
2026-03-17T09:39:18.750845+00:00,device-19,load_balancer,datacenter-east,58.68,58.68,12.81,0.1918,53.33,0.00245,41.6,healthy,0,0
2026-03-13T00:27:18.750845+00:00,device-04,server,datacenter-central,9.11,25.23,26.3,0.1154,61.1,0.00037,35.6,healthy,0,0
2026-03-22T22:03:18.750845+00:00,device-32,firewall,datacenter-central,35.9,57.06,1.25,0.2234,15.65,0.00337,40.6,healthy,0,0
2026-03-18T22:19:18.750845+00:00,device-20,load_balancer,branch-newyork,56.14,50.67,5.01,0.2501,29.39,0.00456,46.1,healthy,0,0
2026-03-21T17:07:18.750845+00:00,device-15,server,branch-newyork,16.72,31.61,38.39,0.0537,42.7,0.00264,46.3,healthy,0,0
2026-03-16T09:49:18.750845+00:00,device-28,server,branch-losangeles,13.23,64.62,10.07,0.0227,28.97,0.00197,34.4,healthy,0,0
2026-03-25T12:03:18.750845+00:00,device-49,router,branch-losangeles,78.42,77.61,2240.05,28.0737,76.69,0.19562,67.7,bgp_flapping,4,1
2026-03-22T21:41:18.750845+00:00,device-19,load_balancer,branch-newyork,27.01,33.6,24.81,0.035,47.48,0.00449,43.5,healthy,0,0
2026-03-22T09:43:18.750845+00:00,device-15,server,datacenter-central,61.89,58.21,16.07,0.2068,23.04,0.00296,37.7,healthy,0,0
2026-03-14T04:23:18.750845+00:00,device-47,switch,datacenter-east,38.01,31.76,1347.5,18.3794,42.26,0.25705,36.8,packet_loss,3,1
2026-03-23T11:37:18.750845+00:00,device-05,load_balancer,branch-losangeles,96.3,89.56,4645.04,38.9396,96.8,0.22343,67.1,ddos_attack,5,1
2026-03-16T23:01:18.750845+00:00,device-26,router,branch-newyork,10.49,18.61,6.53,0.052,56.27,0.00386,38.5,healthy,0,0
2026-03-23T00:43:18.750845+00:00,device-24,switch,branch-losangeles,39.31,64.49,28.63,0.235,53.64,0.00315,40.9,healthy,0,0
2026-03-14T07:27:18.750845+00:00,device-16,switch,datacenter-west,46.2,61.85,9.81,0.1655,34.01,0.00334,33.0,healthy,0,0
2026-03-21T04:53:18.750845+00:00,device-40,server,branch-losangeles,44.12,45.04,41.21,0.2092,21.15,0.00242,41.8,healthy,0,0
2026-03-16T21:31:18.750845+00:00,device-49,router,datacenter-west,10.56,32.57,20.03,0.1729,13.78,0.00454,39.8,healthy,0,0
2026-03-22T08:39:18.750845+00:00,device-49,load_balancer,datacenter-central,21.08,50.69,6.68,0.2604,9.69,0.00333,31.9,healthy,0,0
2026-03-13T05:47:18.750845+00:00,device-26,router,branch-losangeles,38.38,58.9,3.35,0.0525,13.4,0.00036,32.4,healthy,0,0
2026-03-16T18:55:18.750845+00:00,device-25,switch,datacenter-west,41.5,23.17,2.76,0.108,43.63,0.00377,48.0,healthy,0,0
2026-03-16T13:33:18.750845+00:00,device-45,router,branch-losangeles,50.35,45.09,728.17,34.215,33.23,0.08077,40.3,packet_loss,3,1
2026-03-24T21:42:18.750845+00:00,device-39,firewall,datacenter-west,91.57,82.1,1632.12,27.2895,97.6,0.78838,83.9,ddos_attack,5,1
2026-03-14T12:25:18.750845+00:00,device-18,switch,datacenter-central,42.28,59.07,20.5,0.1447,49.47,0.00203,33.2,healthy,0,0
2026-03-18T15:20:18.750845+00:00,device-47,router,branch-losangeles,27.28,50.77,1070.7,12.453,37.85,0.20253,49.1,packet_loss,3,1
2026-03-14T23:39:18.750845+00:00,device-39,switch,branch-newyork,59.32,59.05,29.84,0.1871,28.59,0.00065,42.3,healthy,0,0
2026-03-20T08:59:18.750845+00:00,device-41,firewall,datacenter-west,34.63,44.69,37.87,0.1599,6.79,0.00041,42.0,healthy,0,0
2026-03-12T16:11:18.750845+00:00,device-06,server,branch-losangeles,53.45,69.77,3.6,0.1168,35.04,0.00307,39.4,healthy,0,0
2026-03-20T09:26:18.750845+00:00,device-34,router,branch-losangeles,74.34,69.48,912.64,18.9478,86.98,0.3511,66.8,bgp_flapping,4,1
2026-03-20T14:15:18.750845+00:00,device-37,firewall,datacenter-central,28.38,10.96,25.15,0.0108,52.14,0.00175,40.0,healthy,0,0
2026-03-14T10:40:18.750845+00:00,device-20,router,branch-chicago,87.96,70.88,1196.41,18.617,61.92,0.41049,71.5,bgp_flapping,4,1
2026-03-13T06:23:18.750845+00:00,device-04,server,branch-losangeles,43.76,49.63,30.28,0.1769,15.73,0.00079,30.9,healthy,0,0
2026-03-14T17:31:18.750845+00:00,device-49,server,branch-chicago,58.03,69.62,10.89,0.1443,10.1,0.00071,46.7,healthy,0,0
2026-03-23T01:55:18.750845+00:00,device-20,router,branch-losangeles,39.58,21.48,33.22,0.0718,39.01,0.00227,32.4,healthy,0,0
2026-03-14T05:01:18.750845+00:00,device-46,load_balancer,datacenter-west,45.14,54.08,30.81,0.0508,34.25,0.00164,42.9,healthy,0,0
2026-03-12T13:07:18.750845+00:00,device-28,server,datacenter-central,41.11,18.14,9.32,0.079,49.77,0.0044,47.5,healthy,0,0
2026-03-20T09:15:18.750845+00:00,device-03,router,branch-newyork,36.26,12.73,35.79,0.1353,49.95,0.00289,44.1,healthy,0,0
2026-03-20T13:33:18.750845+00:00,device-05,load_balancer,datacenter-central,37.54,47.3,17.47,0.1905,45.95,0.00476,45.4,healthy,0,0
2026-03-19T05:31:18.750845+00:00,device-14,load_balancer,branch-newyork,9.99,66.02,13.99,0.2418,20.36,0.00325,45.0,healthy,0,0
2026-03-21T14:31:18.750845+00:00,device-44,firewall,branch-chicago,47.76,38.46,8.47,0.1386,16.59,0.00305,33.9,healthy,0,0
2026-03-14T22:41:18.750845+00:00,device-02,router,datacenter-west,64.54,51.96,39.49,0.1408,48.89,0.00234,42.9,healthy,0,0
2026-03-13T13:59:18.750845+00:00,device-49,server,datacenter-east,41.59,17.89,37.19,0.2525,33.27,0.00354,41.0,healthy,0,0
2026-03-20T04:17:18.750845+00:00,device-11,router,branch-chicago,64.64,66.54,20.89,0.2672,35.41,0.00434,37.8,healthy,0,0
2026-03-19T18:21:18.750845+00:00,device-32,switch,datacenter-central,17.78,41.76,7.43,0.2929,64.68,0.00066,45.3,healthy,0,0
2026-03-18T09:43:18.750845+00:00,device-31,router,datacenter-west,61.83,19.51,42.33,0.0204,46.45,0.0036,38.8,healthy,0,0
2026-03-17T01:19:18.750845+00:00,device-23,load_balancer,datacenter-central,47.75,41.27,32.94,0.1732,63.98,0.00243,47.7,healthy,0,0
2026-03-16T18:47:18.750845+00:00,device-48,load_balancer,branch-chicago,11.81,19.19,6.08,0.1211,53.19,0.00056,48.1,healthy,0,0
2026-03-19T22:57:18.750845+00:00,device-45,server,datacenter-central,15.39,68.67,16.54,0.0301,27.99,0.0036,48.7,healthy,0,0
2026-03-22T21:25:18.750845+00:00,device-02,server,datacenter-central,51.7,32.55,3.57,0.2188,39.82,0.00159,47.1,healthy,0,0
2026-03-18T16:59:18.750845+00:00,device-27,router,branch-newyork,16.8,63.23,38.0,0.104,51.47,0.00067,47.2,healthy,0,0
2026-03-15T15:29:18.750845+00:00,device-08,firewall,datacenter-west,46.11,32.13,18.04,0.0007,38.56,0.00473,45.0,healthy,0,0
2026-03-24T00:30:18.750845+00:00,device-29,switch,branch-losangeles,43.07,93.74,489.68,1.0986,79.11,0.08242,74.5,memory_exhaustion,2,1
2026-03-16T23:55:18.750845+00:00,device-27,firewall,branch-losangeles,94.16,93.63,3303.95,53.6552,99.27,0.20569,66.2,ddos_attack,5,1
2026-03-17T16:12:18.750845+00:00,device-04,load_balancer,branch-chicago,96.28,87.16,4160.86,24.0161,99.57,0.47471,71.5,ddos_attack,5,1
2026-03-22T15:01:18.750845+00:00,device-31,firewall,branch-chicago,7.58,35.54,22.67,0.2765,37.96,0.00368,31.9,healthy,0,0
2026-03-17T19:33:18.750845+00:00,device-37,router,branch-chicago,14.41,27.84,32.65,0.0572,38.7,0.00321,34.2,healthy,0,0
2026-03-22T19:17:18.750845+00:00,device-15,load_balancer,branch-losangeles,92.63,87.07,3504.63,55.8812,95.31,0.27276,73.8,ddos_attack,5,1
2026-03-14T08:55:18.750845+00:00,device-47,server,datacenter-east,39.24,63.27,44.5,0.1614,43.67,0.00222,48.2,healthy,0,0
2026-03-15T23:37:18.750845+00:00,device-42,firewall,datacenter-central,46.93,14.95,24.25,0.2788,44.31,0.00272,34.5,healthy,0,0
2026-03-18T16:11:18.750845+00:00,device-20,server,branch-newyork,18.45,57.22,17.22,0.1955,32.1,0.00341,37.9,healthy,0,0
2026-03-20T00:37:18.750845+00:00,device-18,load_balancer,datacenter-east,47.46,63.93,31.33,0.1285,15.4,0.00172,37.5,healthy,0,0
2026-03-17T19:17:18.750845+00:00,device-14,load_balancer,datacenter-east,95.63,96.62,4134.03,45.2569,95.6,0.58394,68.8,ddos_attack,5,1
2026-03-12T05:31:18.750845+00:00,device-12,server,branch-newyork,64.54,40.4,41.73,0.2542,58.87,0.00294,48.3,healthy,0,0
2026-03-15T23:06:18.750845+00:00,device-29,switch,branch-chicago,54.45,51.2,952.03,32.0469,58.67,0.12617,53.9,packet_loss,3,1
2026-03-16T15:09:18.750845+00:00,device-35,switch,branch-chicago,31.99,57.63,1420.16,13.9144,59.99,0.22604,40.7,packet_loss,3,1
2026-03-17T23:11:18.750845+00:00,device-41,switch,branch-chicago,66.03,90.51,233.02,5.4338,56.89,0.06522,65.3,memory_exhaustion,2,1
2026-03-14T06:55:18.750845+00:00,device-18,server,datacenter-west,36.24,22.69,43.45,0.023,6.46,0.00247,39.5,healthy,0,0
2026-03-24T02:31:18.750845+00:00,device-02,switch,datacenter-west,48.12,44.37,1192.0,30.4433,37.57,0.24784,37.3,packet_loss,3,1
2026-03-21T14:57:18.750845+00:00,device-22,server,datacenter-central,29.88,67.8,16.94,0.289,25.0,0.00107,46.3,healthy,0,0
2026-03-19T09:47:18.750845+00:00,device-25,server,branch-losangeles,19.32,23.03,42.51,0.0059,10.39,0.0019,42.8,healthy,0,0
2026-03-16T12:25:18.750845+00:00,device-07,router,datacenter-west,56.89,17.2,1.93,0.0875,26.44,0.00084,45.5,healthy,0,0
2026-03-22T12:59:18.750845+00:00,device-07,router,branch-chicago,42.45,19.19,26.17,0.2612,21.27,0.00443,44.9,healthy,0,0
2026-03-13T15:59:18.750845+00:00,device-23,router,branch-losangeles,5.22,11.67,5.42,0.0951,22.25,0.00327,34.7,healthy,0,0
2026-03-16T06:01:18.750845+00:00,device-10,switch,datacenter-west,30.49,36.23,16.64,0.2006,37.62,0.0023,48.6,healthy,0,0
2026-03-19T10:01:18.750845+00:00,device-39,switch,datacenter-east,30.12,36.47,22.62,0.2753,44.72,0.00425,45.7,healthy,0,0
2026-03-19T23:03:18.750845+00:00,device-01,server,datacenter-west,21.55,39.72,9.76,0.0117,39.03,0.00321,44.5,healthy,0,0
2026-03-17T16:27:18.750845+00:00,device-21,router,datacenter-west,49.84,44.31,8.41,0.2511,48.18,0.00215,39.5,healthy,0,0
2026-03-15T19:05:18.750845+00:00,device-41,load_balancer,branch-losangeles,31.02,49.22,12.78,0.1808,17.58,0.00484,41.9,healthy,0,0
2026-03-20T05:57:18.750845+00:00,device-07,firewall,datacenter-central,14.18,12.89,19.08,0.1816,46.26,0.00228,41.3,healthy,0,0
2026-03-18T03:05:18.750845+00:00,device-33,router,datacenter-west,53.89,61.0,37.03,0.007,57.51,0.00371,35.5,healthy,0,0
2026-03-13T07:55:18.750845+00:00,device-18,server,datacenter-west,98.77,60.58,193.23,1.0896,75.87,0.03328,75.7,high_cpu,1,1
2026-03-21T19:01:18.750845+00:00,device-29,router,branch-losangeles,56.38,28.44,24.02,0.271,14.27,0.00423,42.5,healthy,0,0
2026-03-13T05:35:18.750845+00:00,device-27,server,datacenter-west,36.27,55.07,26.17,0.245,47.12,0.00176,43.4,healthy,0,0
2026-03-15T11:13:18.750845+00:00,device-09,server,branch-chicago,32.97,52.2,4.44,0.2741,15.66,0.00468,39.2,healthy,0,0
2026-03-21T01:42:18.750845+00:00,device-03,firewall,datacenter-central,97.59,81.9,2902.56,49.008,98.22,0.45606,72.1,ddos_attack,5,1
2026-03-19T14:59:18.750845+00:00,device-22,switch,datacenter-east,25.28,32.55,34.81,0.0418,43.56,0.00135,32.9,healthy,0,0
2026-03-13T13:37:18.750845+00:00,device-44,firewall,datacenter-east,42.24,66.99,36.94,0.0356,14.58,0.00123,46.5,healthy,0,0
2026-03-12T07:19:18.750845+00:00,device-34,router,branch-newyork,49.55,30.5,5.09,0.2717,32.65,0.00083,35.9,healthy,0,0
2026-03-20T20:29:18.750845+00:00,device-26,router,branch-chicago,39.0,61.55,44.43,0.2941,17.4,0.00051,32.9,healthy,0,0
2026-03-21T07:01:18.750845+00:00,device-12,load_balancer,datacenter-west,62.13,14.16,4.38,0.2981,64.02,0.00289,48.6,healthy,0,0
2026-03-17T07:59:18.750845+00:00,device-43,router,branch-newyork,18.72,61.65,25.26,0.1989,38.54,0.00279,35.1,healthy,0,0
2026-03-21T23:53:18.750845+00:00,device-06,server,datacenter-east,57.14,10.42,24.68,0.1972,40.44,0.00376,30.6,healthy,0,0
2026-03-21T04:11:18.750845+00:00,device-24,load_balancer,branch-chicago,54.1,46.23,30.95,0.1266,45.49,0.0006,36.2,healthy,0,0
2026-03-13T15:09:18.750845+00:00,device-47,load_balancer,branch-chicago,35.05,51.65,41.61,0.131,32.23,0.00393,36.0,healthy,0,0
2026-03-12T09:52:18.750845+00:00,device-03,router,branch-chicago,91.23,67.38,2023.08,34.7539,88.28,0.30781,62.8,bgp_flapping,4,1
2026-03-12T08:59:18.750845+00:00,device-24,firewall,datacenter-central,35.04,50.83,4.2,0.119,18.88,0.00498,33.3,healthy,0,0
2026-03-12T04:41:18.750845+00:00,device-14,firewall,datacenter-central,35.79,62.32,22.12,0.0958,63.9,0.00131,38.5,healthy,0,0
2026-03-18T07:21:18.750845+00:00,device-12,router,branch-chicago,84.31,66.04,701.22,15.8447,82.05,0.46377,68.4,bgp_flapping,4,1
2026-03-20T03:59:18.750845+00:00,device-44,server,branch-newyork,53.26,16.47,15.71,0.0433,33.67,0.0045,39.8,healthy,0,0
2026-03-17T04:17:18.750845+00:00,device-12,switch,branch-losangeles,39.31,30.79,43.51,0.1084,17.47,0.00443,37.3,healthy,0,0
2026-03-24T22:42:18.750845+00:00,device-10,switch,datacenter-east,22.5,56.5,1690.57,18.9729,41.81,0.07989,48.4,packet_loss,3,1
2026-03-14T10:25:18.750845+00:00,device-01,switch,datacenter-west,59.97,29.12,41.86,0.0473,41.81,0.00142,43.6,healthy,0,0
2026-03-15T17:55:18.750845+00:00,device-06,firewall,branch-losangeles,20.22,56.83,18.31,0.2553,26.24,0.00388,45.5,healthy,0,0
2026-03-22T02:55:18.750845+00:00,device-46,switch,branch-chicago,47.27,11.45,2.36,0.2987,30.99,0.00156,44.1,healthy,0,0
2026-03-22T18:13:18.750845+00:00,device-47,switch,datacenter-west,55.95,52.91,12.64,0.0056,40.71,0.00347,47.6,healthy,0,0
2026-03-19T23:51:18.750845+00:00,device-21,load_balancer,branch-newyork,41.07,32.3,32.29,0.1124,61.82,0.00291,41.8,healthy,0,0
2026-03-17T15:29:18.750845+00:00,device-38,firewall,branch-chicago,52.28,15.27,21.5,0.1978,8.61,0.00182,44.6,healthy,0,0
2026-03-13T20:29:18.750845+00:00,device-42,switch,datacenter-east,71.41,88.05,359.69,4.4032,65.6,0.05135,60.0,memory_exhaustion,2,1
2026-03-19T14:18:18.750845+00:00,device-06,switch,datacenter-east,63.8,94.55,164.76,2.2792,69.19,0.05825,57.6,memory_exhaustion,2,1
2026-03-20T06:13:18.750845+00:00,device-41,server,datacenter-central,25.71,60.96,6.52,0.005,52.52,0.0046,46.5,healthy,0,0
2026-03-20T13:11:18.750845+00:00,device-43,load_balancer,datacenter-central,43.13,61.62,14.55,0.1019,42.77,0.00408,32.0,healthy,0,0
2026-03-17T16:37:18.750845+00:00,device-10,load_balancer,datacenter-west,53.9,61.65,23.16,0.055,47.17,0.00224,35.0,healthy,0,0
2026-03-12T08:47:18.750845+00:00,device-27,load_balancer,branch-newyork,45.85,50.65,28.2,0.2588,14.52,0.00338,36.6,healthy,0,0
2026-03-22T19:24:18.750845+00:00,device-30,router,branch-losangeles,87.57,64.0,158.81,1.1662,79.2,0.03984,63.4,high_cpu,1,1
2026-03-21T01:07:18.750845+00:00,device-34,switch,branch-newyork,23.86,66.3,4.86,0.1457,48.51,0.00057,44.4,healthy,0,0
2026-03-18T07:19:18.750845+00:00,device-03,load_balancer,branch-losangeles,30.23,68.75,29.09,0.0511,11.49,0.00055,39.6,healthy,0,0
2026-03-17T16:09:18.750845+00:00,device-08,server,datacenter-central,40.71,13.65,16.23,0.2781,10.98,0.0044,41.2,healthy,0,0
2026-03-13T21:27:18.750845+00:00,device-22,load_balancer,datacenter-east,59.5,49.82,7.55,0.2894,37.21,0.00451,48.8,healthy,0,0
2026-03-18T09:59:18.750845+00:00,device-14,switch,branch-chicago,8.77,25.93,11.26,0.0964,42.23,0.0032,44.1,healthy,0,0
2026-03-22T18:41:18.750845+00:00,device-27,firewall,branch-newyork,21.22,16.56,44.23,0.1944,30.21,0.0042,43.9,healthy,0,0
2026-03-14T05:29:18.750845+00:00,device-29,switch,datacenter-west,22.82,48.43,34.12,0.0769,48.16,0.00422,30.6,healthy,0,0
2026-03-15T17:43:18.750845+00:00,device-06,server,branch-losangeles,21.09,61.07,1.58,0.1094,58.31,0.00118,48.8,healthy,0,0
2026-03-13T13:05:18.750845+00:00,device-45,server,branch-newyork,6.54,11.16,40.19,0.2964,8.24,0.00355,32.6,healthy,0,0
2026-03-23T03:23:18.750845+00:00,device-06,load_balancer,branch-newyork,48.72,53.71,24.58,0.1799,28.53,0.00029,30.2,healthy,0,0
2026-03-14T00:07:18.750845+00:00,device-29,server,datacenter-east,59.34,42.27,18.51,0.1516,49.19,0.00348,32.8,healthy,0,0
2026-03-18T14:48:18.750845+00:00,device-48,firewall,datacenter-central,97.2,97.68,1461.58,50.5377,95.82,0.7316,84.2,ddos_attack,5,1
2026-03-14T18:26:18.750845+00:00,device-34,server,branch-losangeles,93.98,80.76,186.09,2.025,70.66,0.04541,66.2,high_cpu,1,1
2026-03-25T03:23:18.750845+00:00,device-49,router,datacenter-central,75.98,64.06,2414.92,20.1251,60.34,0.29795,69.6,bgp_flapping,4,1
2026-03-16T21:35:18.750845+00:00,device-29,load_balancer,datacenter-west,29.04,26.88,34.71,0.1355,34.28,0.00047,33.7,healthy,0,0
2026-03-13T21:57:18.750845+00:00,device-29,router,branch-chicago,60.65,34.78,22.83,0.2679,13.94,0.00346,36.9,healthy,0,0
2026-03-17T13:05:18.750845+00:00,device-01,firewall,datacenter-west,11.19,56.91,41.07,0.2706,36.83,0.00204,34.2,healthy,0,0
2026-03-14T21:25:18.750845+00:00,device-31,router,datacenter-east,41.33,26.52,29.11,0.0404,5.81,0.00132,38.2,healthy,0,0
2026-03-20T04:43:18.750845+00:00,device-30,load_balancer,branch-newyork,40.17,68.92,26.05,0.2848,33.18,0.00148,36.3,healthy,0,0
2026-03-20T06:37:18.750845+00:00,device-46,server,datacenter-central,38.01,19.75,14.77,0.1479,7.13,0.00134,35.8,healthy,0,0
2026-03-18T20:27:18.750845+00:00,device-02,load_balancer,branch-losangeles,7.03,36.11,37.81,0.0879,5.52,0.00329,47.6,healthy,0,0
2026-03-19T09:01:18.750845+00:00,device-39,firewall,datacenter-east,41.2,67.11,6.17,0.2112,8.29,0.00362,40.5,healthy,0,0
2026-03-23T02:39:18.750845+00:00,device-06,firewall,datacenter-central,9.38,46.53,28.41,0.2672,37.34,0.00242,45.4,healthy,0,0
2026-03-18T21:59:18.750845+00:00,device-03,firewall,branch-chicago,7.24,64.69,12.25,0.0589,59.63,0.00286,36.7,healthy,0,0
2026-03-18T19:29:18.750845+00:00,device-44,firewall,datacenter-west,27.12,21.03,21.61,0.0192,39.56,0.00358,34.5,healthy,0,0
2026-03-14T08:53:18.750845+00:00,device-05,switch,branch-newyork,12.74,59.18,15.13,0.2465,54.21,0.00364,31.2,healthy,0,0
2026-03-20T06:41:18.750845+00:00,device-21,load_balancer,branch-losangeles,30.35,11.31,3.05,0.1485,21.98,0.00162,31.7,healthy,0,0
2026-03-17T13:09:18.750845+00:00,device-10,router,datacenter-east,40.45,37.1,32.4,0.2864,53.7,0.00372,46.6,healthy,0,0
2026-03-17T11:53:18.750845+00:00,device-21,router,datacenter-central,62.73,33.74,22.68,0.1842,53.42,0.0017,35.3,healthy,0,0
2026-03-12T18:53:18.750845+00:00,device-11,router,datacenter-east,36.6,22.8,4.37,0.2683,13.43,0.00052,49.7,healthy,0,0
2026-03-12T18:25:18.750845+00:00,device-24,firewall,datacenter-central,33.84,39.41,8.57,0.0792,23.19,0.00397,37.3,healthy,0,0
2026-03-15T12:13:18.750845+00:00,device-35,firewall,datacenter-east,34.62,59.89,6.35,0.0296,20.18,0.00401,40.4,healthy,0,0
2026-03-15T04:37:18.750845+00:00,device-09,switch,datacenter-central,23.31,21.49,33.41,0.2057,7.39,0.00251,48.6,healthy,0,0
2026-03-20T10:41:18.750845+00:00,device-48,router,branch-chicago,19.39,10.94,11.96,0.1971,38.29,0.00038,33.1,healthy,0,0
2026-03-15T04:31:18.750845+00:00,device-27,load_balancer,datacenter-central,58.77,17.24,25.01,0.2149,13.3,0.00434,48.8,healthy,0,0
2026-03-20T13:23:18.750845+00:00,device-20,switch,datacenter-central,52.48,60.08,26.44,0.2167,25.78,0.00488,38.4,healthy,0,0
2026-03-22T16:13:18.750845+00:00,device-32,server,branch-losangeles,57.49,51.1,34.52,0.2439,32.79,1e-05,43.7,healthy,0,0
2026-03-19T14:35:18.750845+00:00,device-38,server,branch-newyork,23.65,49.14,15.11,0.2054,62.46,0.00409,37.7,healthy,0,0
2026-03-19T03:31:18.750845+00:00,device-03,firewall,datacenter-central,14.79,43.21,33.76,0.2267,13.96,0.00455,49.4,healthy,0,0
2026-03-13T17:23:18.750845+00:00,device-28,load_balancer,datacenter-west,39.1,51.3,15.15,0.2459,12.06,0.00478,35.6,healthy,0,0
2026-03-19T05:13:18.750845+00:00,device-06,switch,branch-losangeles,22.77,33.15,43.95,0.2006,31.15,0.00223,42.7,healthy,0,0
2026-03-22T16:01:18.750845+00:00,device-13,switch,branch-losangeles,53.83,39.25,35.17,0.2432,46.32,0.00468,45.0,healthy,0,0
2026-03-12T21:33:18.750845+00:00,device-48,server,branch-losangeles,17.39,57.4,27.83,0.115,7.41,0.0024,34.2,healthy,0,0
2026-03-12T15:55:18.750845+00:00,device-05,switch,datacenter-central,31.72,63.83,22.75,0.1284,41.64,0.00241,44.8,healthy,0,0
2026-03-20T15:31:18.750845+00:00,device-21,load_balancer,branch-newyork,12.04,25.15,7.02,0.1659,58.3,0.00283,46.8,healthy,0,0
2026-03-12T09:37:18.750845+00:00,device-24,server,branch-newyork,85.07,65.83,258.23,2.425,88.28,0.03182,66.3,high_cpu,1,1
2026-03-18T02:39:18.750845+00:00,device-31,router,branch-chicago,32.26,53.09,10.45,0.2197,18.37,0.00229,30.4,healthy,0,0
2026-03-16T04:23:18.750845+00:00,device-25,firewall,datacenter-west,11.31,20.71,1.76,0.1662,59.62,0.00464,30.4,healthy,0,0
2026-03-18T10:05:18.750845+00:00,device-50,load_balancer,branch-chicago,37.4,39.31,22.15,0.195,37.13,0.00369,37.4,healthy,0,0
2026-03-14T20:35:18.750845+00:00,device-31,router,branch-chicago,11.43,21.4,11.97,0.2226,35.49,0.00373,32.4,healthy,0,0
2026-03-13T00:00:18.750845+00:00,device-31,router,branch-newyork,94.67,66.41,2590.78,30.4124,68.82,0.25887,73.7,bgp_flapping,4,1
2026-03-20T12:55:18.750845+00:00,device-39,server,branch-chicago,42.87,17.55,39.41,0.1271,15.31,0.00228,37.0,healthy,0,0
2026-03-18T18:11:18.750845+00:00,device-29,load_balancer,datacenter-east,50.59,11.6,12.47,0.0375,32.65,0.0011,43.1,healthy,0,0
2026-03-16T21:59:18.750845+00:00,device-45,server,datacenter-central,55.49,40.16,8.66,0.203,23.47,0.00091,34.9,healthy,0,0
2026-03-13T02:33:18.750845+00:00,device-25,switch,datacenter-east,54.77,56.3,29.02,0.2243,35.52,0.00398,39.4,healthy,0,0
2026-03-20T22:19:18.750845+00:00,device-11,server,datacenter-west,59.02,63.19,6.52,0.126,51.1,0.00167,46.8,healthy,0,0
2026-03-13T16:09:18.750845+00:00,device-46,firewall,branch-chicago,16.22,45.0,42.95,0.2053,51.51,0.00197,38.8,healthy,0,0
2026-03-17T03:39:18.750845+00:00,device-19,router,datacenter-central,43.05,30.45,8.88,0.0021,45.26,0.00311,31.1,healthy,0,0
2026-03-12T03:09:18.750845+00:00,device-37,load_balancer,datacenter-central,22.75,24.73,12.89,0.0071,30.99,0.00343,38.4,healthy,0,0
2026-03-23T05:19:18.750845+00:00,device-19,switch,branch-newyork,73.12,92.41,271.23,5.2485,61.19,0.05938,61.6,memory_exhaustion,2,1
2026-03-13T22:04:18.750845+00:00,device-24,server,datacenter-central,56.7,94.75,118.89,2.346,67.82,0.02824,69.6,memory_exhaustion,2,1
2026-03-19T03:27:18.750845+00:00,device-40,load_balancer,branch-chicago,38.29,38.82,18.43,0.0268,15.64,0.00359,36.7,healthy,0,0
2026-03-15T07:25:18.750845+00:00,device-29,firewall,datacenter-east,63.59,34.41,37.68,0.2036,56.7,0.00357,39.1,healthy,0,0
2026-03-21T13:13:18.750845+00:00,device-43,load_balancer,datacenter-central,90.51,89.42,1366.15,50.9213,97.83,0.26879,73.8,ddos_attack,5,1
2026-03-20T21:43:18.750845+00:00,device-43,server,datacenter-west,37.82,35.64,10.37,0.2666,28.34,0.00174,49.6,healthy,0,0
2026-03-20T23:39:18.750845+00:00,device-03,switch,branch-newyork,49.57,13.38,27.21,0.1619,37.77,0.00089,46.1,healthy,0,0
2026-03-14T13:53:18.750845+00:00,device-37,server,datacenter-central,11.9,13.21,9.96,0.0528,11.91,0.00147,48.5,healthy,0,0
2026-03-21T06:05:18.750845+00:00,device-09,switch,branch-losangeles,51.95,22.07,6.37,0.2429,21.22,0.00071,46.4,healthy,0,0
2026-03-17T20:41:18.750845+00:00,device-36,switch,branch-chicago,11.09,46.49,16.95,0.1506,35.53,0.00156,38.9,healthy,0,0
2026-03-15T10:43:18.750845+00:00,device-43,switch,datacenter-west,45.02,52.41,44.86,0.1614,44.47,0.00023,44.6,healthy,0,0
2026-03-20T14:33:18.750845+00:00,device-38,router,datacenter-central,23.34,53.85,17.85,0.2661,44.83,0.00497,30.5,healthy,0,0
2026-03-21T02:39:18.750845+00:00,device-28,switch,branch-losangeles,60.79,31.73,37.24,0.0175,51.09,0.00161,48.2,healthy,0,0
2026-03-21T15:45:18.750845+00:00,device-37,switch,branch-newyork,44.05,31.36,4.12,0.2653,48.15,0.00486,35.8,healthy,0,0
2026-03-15T10:11:18.750845+00:00,device-01,load_balancer,datacenter-west,64.57,44.06,19.55,0.2421,29.64,0.00455,44.4,healthy,0,0
2026-03-16T06:33:18.750845+00:00,device-30,router,datacenter-west,6.11,12.29,42.86,0.0466,64.92,0.00416,42.4,healthy,0,0
2026-03-18T17:41:18.750845+00:00,device-28,server,datacenter-central,26.9,49.39,28.8,0.0616,45.12,4e-05,42.4,healthy,0,0
2026-03-15T04:03:18.750845+00:00,device-31,server,branch-chicago,58.64,10.97,2.13,0.0271,57.2,0.00449,39.3,healthy,0,0
2026-03-21T17:43:18.750845+00:00,device-16,server,datacenter-west,10.42,55.48,44.34,0.1499,62.42,0.00175,47.3,healthy,0,0
2026-03-18T14:29:18.750845+00:00,device-01,load_balancer,branch-losangeles,43.63,64.04,40.52,0.124,37.14,0.00261,47.2,healthy,0,0
2026-03-18T11:33:18.750845+00:00,device-41,router,datacenter-central,30.93,14.47,44.37,0.0021,6.0,0.00311,40.6,healthy,0,0
2026-03-13T06:15:18.750845+00:00,device-11,load_balancer,branch-chicago,35.8,15.05,34.83,0.0137,23.98,0.00157,49.3,healthy,0,0
2026-03-12T10:47:18.750845+00:00,device-42,load_balancer,branch-losangeles,57.82,69.81,23.23,0.012,36.53,0.0007,33.4,healthy,0,0
2026-03-24T21:50:18.750845+00:00,device-37,router,datacenter-west,86.14,69.21,1120.38,25.0702,69.62,0.10959,67.8,bgp_flapping,4,1
2026-03-13T22:33:18.750845+00:00,device-44,router,datacenter-west,97.53,65.08,209.73,2.1489,72.16,0.03767,70.9,high_cpu,1,1
2026-03-18T13:43:18.750845+00:00,device-42,server,datacenter-west,45.37,97.41,383.22,2.2738,72.47,0.03515,61.4,memory_exhaustion,2,1
2026-03-21T19:55:18.750845+00:00,device-23,switch,branch-chicago,41.39,66.66,41.78,0.0646,10.85,0.00462,35.3,healthy,0,0
2026-03-12T20:27:18.750845+00:00,device-01,router,datacenter-east,61.92,43.57,12.9,0.1871,14.19,0.00012,44.0,healthy,0,0
2026-03-21T09:51:18.750845+00:00,device-03,server,branch-losangeles,48.52,41.69,9.05,0.0112,26.81,0.00095,33.2,healthy,0,0
2026-03-18T12:37:18.750845+00:00,device-05,switch,datacenter-east,46.84,66.45,41.99,0.0875,43.06,0.00413,34.5,healthy,0,0
2026-03-24T07:25:18.750845+00:00,device-08,switch,datacenter-east,52.43,53.64,817.8,22.7546,34.55,0.06644,52.1,packet_loss,3,1
2026-03-15T09:45:18.750845+00:00,device-14,server,datacenter-west,43.83,30.89,19.47,0.1428,61.26,0.00012,44.3,healthy,0,0
2026-03-12T20:55:18.750845+00:00,device-09,server,branch-losangeles,61.31,23.59,18.25,0.1706,10.06,0.00189,33.4,healthy,0,0
2026-03-18T12:03:18.750845+00:00,device-31,switch,branch-losangeles,39.24,13.21,15.36,0.0658,23.07,0.00265,38.2,healthy,0,0
2026-03-18T09:51:18.750845+00:00,device-04,server,branch-losangeles,60.44,47.83,6.7,0.1717,8.43,0.00464,47.8,healthy,0,0
2026-03-13T10:35:18.750845+00:00,device-15,router,branch-losangeles,49.87,27.71,1810.75,33.7946,65.78,0.21232,49.9,packet_loss,3,1
2026-03-13T07:13:18.750845+00:00,device-35,switch,datacenter-central,12.07,52.64,28.49,0.2286,39.28,0.00114,45.0,healthy,0,0
2026-03-18T06:59:18.750845+00:00,device-27,load_balancer,branch-losangeles,5.26,54.55,2.47,0.0307,39.0,0.00255,39.2,healthy,0,0
2026-03-14T17:27:18.750845+00:00,device-42,switch,datacenter-west,45.62,53.52,12.76,0.1856,37.72,0.00257,30.1,healthy,0,0
2026-03-20T17:53:18.750845+00:00,device-27,load_balancer,datacenter-west,54.13,14.46,29.27,0.1578,24.94,5e-05,48.3,healthy,0,0
2026-03-20T13:47:18.750845+00:00,device-07,server,datacenter-east,40.86,25.06,41.64,0.1053,5.76,0.00434,44.0,healthy,0,0
2026-03-20T05:51:18.750845+00:00,device-25,firewall,branch-chicago,27.81,17.81,35.44,0.0641,39.73,0.00158,48.7,healthy,0,0
2026-03-18T00:55:18.750845+00:00,device-32,load_balancer,branch-chicago,17.45,21.87,44.31,0.0731,17.68,0.00347,47.8,healthy,0,0
2026-03-17T14:51:18.750845+00:00,device-16,load_balancer,branch-newyork,49.76,36.78,11.29,0.2829,17.4,0.00202,47.4,healthy,0,0
2026-03-16T13:23:18.750845+00:00,device-44,router,datacenter-west,48.92,53.68,12.04,0.2691,45.65,0.00425,46.0,healthy,0,0
2026-03-15T23:47:18.750845+00:00,device-11,load_balancer,datacenter-east,50.87,59.69,11.04,0.0591,32.25,0.00143,34.7,healthy,0,0
2026-03-19T05:11:18.750845+00:00,device-40,load_balancer,branch-chicago,16.96,28.02,11.54,0.1002,22.15,0.00264,39.7,healthy,0,0
2026-03-20T10:43:18.750845+00:00,device-26,server,branch-losangeles,64.2,61.31,21.52,0.1331,16.42,0.00364,37.6,healthy,0,0
2026-03-22T23:11:18.750845+00:00,device-19,server,datacenter-central,20.53,10.49,12.88,0.1759,33.8,0.00107,44.6,healthy,0,0
2026-03-19T00:41:18.750845+00:00,device-31,server,branch-losangeles,30.16,67.93,43.6,0.2863,41.04,0.00478,32.1,healthy,0,0
2026-03-17T19:23:18.750845+00:00,device-05,switch,branch-newyork,57.28,94.54,234.63,7.6866,78.25,0.05502,60.1,memory_exhaustion,2,1
2026-03-14T12:03:18.750845+00:00,device-26,switch,branch-newyork,33.16,13.51,4.95,0.1628,36.36,0.00113,47.8,healthy,0,0
2026-03-13T08:55:18.750845+00:00,device-05,server,datacenter-east,47.79,40.45,24.76,0.1481,14.3,0.00371,42.1,healthy,0,0
2026-03-20T09:03:18.750845+00:00,device-30,firewall,branch-losangeles,63.03,61.03,13.42,0.2529,42.96,0.00373,35.5,healthy,0,0
2026-03-23T10:35:18.750845+00:00,device-13,router,branch-newyork,91.62,60.12,1469.56,32.0168,88.8,0.41671,56.7,bgp_flapping,4,1
2026-03-21T17:19:18.750845+00:00,device-18,server,branch-losangeles,57.5,26.87,23.87,0.1917,39.0,0.00205,40.0,healthy,0,0
2026-03-14T06:33:18.750845+00:00,device-19,router,branch-losangeles,47.89,21.75,24.37,0.2208,30.71,0.00237,43.3,healthy,0,0
2026-03-23T22:53:18.750845+00:00,device-02,firewall,branch-losangeles,98.16,89.05,4496.63,36.6913,97.42,0.33887,79.3,ddos_attack,5,1
2026-03-19T09:41:18.750845+00:00,device-18,firewall,branch-losangeles,28.86,65.69,26.87,0.1098,43.26,0.00285,42.4,healthy,0,0
2026-03-15T18:49:18.750845+00:00,device-33,server,datacenter-west,45.91,49.63,28.08,0.1998,39.83,0.00339,43.5,healthy,0,0
2026-03-15T08:55:18.750845+00:00,device-25,switch,datacenter-west,33.47,50.6,7.07,0.0319,57.58,0.0011,48.2,healthy,0,0
2026-03-22T16:11:18.750845+00:00,device-03,firewall,datacenter-west,28.27,52.97,27.36,0.2565,57.85,0.00015,33.8,healthy,0,0
2026-03-18T23:07:18.750845+00:00,device-14,load_balancer,branch-chicago,44.27,37.02,31.32,0.072,16.76,0.00062,35.3,healthy,0,0
2026-03-16T06:55:18.750845+00:00,device-34,router,datacenter-west,54.29,55.62,1.19,0.204,37.04,0.00311,31.8,healthy,0,0
2026-03-18T19:13:18.750845+00:00,device-10,router,datacenter-west,33.31,41.65,37.63,0.2138,35.86,0.00179,38.5,healthy,0,0
2026-03-13T17:21:18.750845+00:00,device-39,server,datacenter-central,85.23,62.09,115.01,2.9843,89.15,0.01246,63.7,high_cpu,1,1
2026-03-23T00:29:18.750845+00:00,device-22,router,datacenter-west,13.28,44.91,7.86,0.0806,64.08,0.00303,40.9,healthy,0,0
2026-03-15T04:39:18.750845+00:00,device-01,switch,datacenter-east,37.5,55.3,36.76,0.1552,25.12,0.00069,31.5,healthy,0,0
2026-03-21T00:25:18.750845+00:00,device-43,router,datacenter-east,7.64,28.67,5.33,0.1364,63.07,0.00058,47.4,healthy,0,0
2026-03-23T02:57:18.750845+00:00,device-25,load_balancer,datacenter-east,33.8,30.52,1.89,0.1716,27.84,0.00408,34.7,healthy,0,0
2026-03-12T19:49:18.750845+00:00,device-28,server,branch-newyork,16.97,61.83,8.16,0.1083,58.83,0.00498,49.1,healthy,0,0
2026-03-17T04:49:18.750845+00:00,device-24,load_balancer,branch-chicago,9.22,21.79,30.93,0.2678,11.22,0.00147,46.4,healthy,0,0
2026-03-14T17:39:18.750845+00:00,device-06,firewall,branch-losangeles,98.0,87.49,2649.2,59.9584,98.9,0.30086,66.2,ddos_attack,5,1
2026-03-14T08:13:18.750845+00:00,device-13,firewall,datacenter-west,9.4,59.15,4.47,0.0429,7.35,0.00149,38.5,healthy,0,0
2026-03-21T15:59:18.750845+00:00,device-39,switch,branch-newyork,50.1,32.99,1.09,0.1989,62.99,0.00459,36.4,healthy,0,0
2026-03-22T16:47:18.750845+00:00,device-36,server,datacenter-east,62.85,50.33,18.79,0.2124,23.74,0.00434,37.6,healthy,0,0
2026-03-14T00:35:18.750845+00:00,device-05,server,datacenter-east,40.25,59.35,15.63,0.1375,43.24,0.00113,41.8,healthy,0,0
2026-03-12T04:59:18.750845+00:00,device-43,server,datacenter-west,53.64,38.22,35.65,0.2897,48.92,0.00176,44.3,healthy,0,0
2026-03-25T14:34:18.750845+00:00,device-39,switch,datacenter-central,55.59,94.46,498.17,5.3269,64.56,0.09676,73.8,memory_exhaustion,2,1
2026-03-20T03:13:18.750845+00:00,device-31,switch,branch-losangeles,33.2,39.44,2.03,0.0438,11.25,0.00391,46.7,healthy,0,0
2026-03-14T02:33:18.750845+00:00,device-24,load_balancer,datacenter-central,21.57,33.94,10.65,0.0226,46.71,0.00327,49.5,healthy,0,0
2026-03-19T07:19:18.750845+00:00,device-39,switch,branch-chicago,39.2,41.65,15.03,0.0048,19.14,0.00289,38.3,healthy,0,0
2026-03-16T13:03:18.750845+00:00,device-11,router,branch-chicago,42.72,54.56,10.19,0.0408,31.35,0.00368,31.8,healthy,0,0
2026-03-14T02:31:18.750845+00:00,device-04,load_balancer,datacenter-east,54.18,12.78,30.74,0.1588,10.93,0.00404,33.7,healthy,0,0
2026-03-20T07:41:18.750845+00:00,device-18,load_balancer,branch-chicago,23.95,34.73,42.72,0.075,18.9,0.00208,38.5,healthy,0,0
2026-03-14T12:45:18.750845+00:00,device-10,server,datacenter-east,37.88,64.63,20.46,0.1349,46.28,8e-05,33.7,healthy,0,0
2026-03-20T05:15:18.750845+00:00,device-12,router,branch-losangeles,5.69,18.27,17.49,0.0024,29.82,0.00406,33.6,healthy,0,0
2026-03-15T10:07:18.750845+00:00,device-40,server,branch-newyork,42.28,62.74,36.17,0.103,30.64,0.00323,32.5,healthy,0,0
2026-03-12T16:09:18.750845+00:00,device-23,router,datacenter-east,91.89,64.37,90.3,1.3294,79.24,0.03374,72.1,high_cpu,1,1
2026-03-20T03:33:18.750845+00:00,device-38,load_balancer,datacenter-west,63.33,36.07,27.45,0.2499,30.83,0.00259,48.6,healthy,0,0
2026-03-15T02:11:18.750845+00:00,device-47,router,branch-chicago,44.6,65.17,10.36,0.1009,5.52,0.00431,31.7,healthy,0,0
2026-03-21T17:55:18.750845+00:00,device-32,firewall,branch-chicago,17.61,13.62,25.81,0.0054,37.57,0.00192,33.7,healthy,0,0
2026-03-17T22:23:18.750845+00:00,device-16,load_balancer,branch-losangeles,38.56,39.02,31.71,0.0211,5.51,0.0024,33.8,healthy,0,0
2026-03-13T15:27:18.750845+00:00,device-14,router,branch-losangeles,54.1,27.44,31.99,0.2146,59.69,0.00415,35.9,healthy,0,0
2026-03-14T05:54:18.750845+00:00,device-10,server,branch-newyork,92.71,75.19,234.93,1.6738,70.86,0.01615,74.5,high_cpu,1,1
2026-03-21T14:48:18.750845+00:00,device-04,firewall,datacenter-central,96.88,83.88,4556.74,25.6434,99.26,0.79312,73.7,ddos_attack,5,1
2026-03-22T16:31:18.750845+00:00,device-03,firewall,branch-losangeles,17.06,28.64,17.75,0.1644,62.77,0.00373,40.1,healthy,0,0
2026-03-13T18:27:18.750845+00:00,device-30,router,branch-newyork,76.75,67.55,1545.63,18.4431,78.04,0.32853,61.5,bgp_flapping,4,1
2026-03-16T01:38:18.750845+00:00,device-34,router,datacenter-east,94.18,77.09,1065.26,16.3434,77.34,0.17038,74.9,bgp_flapping,4,1
2026-03-20T00:01:18.750845+00:00,device-44,firewall,branch-losangeles,35.89,36.95,11.02,0.2984,46.1,0.00306,37.8,healthy,0,0
2026-03-19T13:15:18.750845+00:00,device-12,server,branch-newyork,32.71,18.75,7.53,0.0686,61.43,5e-05,40.2,healthy,0,0
2026-03-12T08:15:18.750845+00:00,device-15,load_balancer,datacenter-east,61.19,27.64,37.73,0.1394,44.47,0.00039,33.8,healthy,0,0
2026-03-13T05:07:18.750845+00:00,device-24,firewall,branch-chicago,56.27,40.69,42.15,0.2698,10.38,0.00473,34.0,healthy,0,0
2026-03-15T11:25:18.750845+00:00,device-31,router,branch-newyork,91.3,82.3,272.18,1.6804,75.22,0.01687,77.3,high_cpu,1,1
2026-03-16T16:49:18.750845+00:00,device-41,load_balancer,datacenter-central,19.6,62.28,21.25,0.0182,34.29,0.00365,36.9,healthy,0,0
2026-03-19T02:31:18.750845+00:00,device-22,firewall,datacenter-central,48.38,56.52,5.21,0.0815,27.38,0.00307,31.4,healthy,0,0
2026-03-22T16:23:18.750845+00:00,device-44,router,branch-losangeles,17.16,53.48,35.42,0.0948,33.44,0.00482,42.8,healthy,0,0
2026-03-19T20:52:18.750845+00:00,device-49,server,branch-losangeles,88.04,61.95,296.21,1.2484,72.55,0.03786,74.2,high_cpu,1,1
2026-03-25T14:36:18.750845+00:00,device-40,load_balancer,branch-losangeles,95.67,83.06,1492.31,31.6081,95.14,0.65724,84.5,ddos_attack,5,1
2026-03-17T07:01:18.750845+00:00,device-06,load_balancer,branch-chicago,24.11,30.1,3.56,0.2589,29.37,8e-05,36.7,healthy,0,0
2026-03-17T11:11:18.750845+00:00,device-05,server,branch-chicago,37.32,50.7,44.47,0.0297,43.36,0.00446,46.0,healthy,0,0
2026-03-18T02:01:18.750845+00:00,device-43,load_balancer,datacenter-east,64.13,32.41,6.72,0.0547,52.89,0.00086,36.4,healthy,0,0
2026-03-21T08:29:18.750845+00:00,device-22,switch,branch-chicago,22.82,16.49,37.85,0.2564,30.88,0.00079,30.2,healthy,0,0
2026-03-18T12:39:18.750845+00:00,device-45,server,branch-chicago,61.37,23.86,22.32,0.2037,20.64,0.00435,47.4,healthy,0,0
2026-03-16T21:33:18.750845+00:00,device-05,router,branch-chicago,13.84,50.42,40.84,0.2948,9.43,0.00472,40.1,healthy,0,0
2026-03-23T18:49:18.750845+00:00,device-01,server,datacenter-central,94.16,73.79,111.15,1.5712,85.36,0.04053,61.1,high_cpu,1,1
2026-03-25T08:03:18.750845+00:00,device-50,server,branch-newyork,98.84,77.55,231.19,1.4751,81.32,0.03515,64.7,high_cpu,1,1
2026-03-12T18:55:18.750845+00:00,device-30,load_balancer,branch-newyork,19.88,50.41,13.33,0.0843,11.51,0.00414,48.3,healthy,0,0
2026-03-16T16:04:18.750845+00:00,device-10,server,datacenter-east,86.88,61.5,113.69,1.9019,86.78,0.01446,71.7,high_cpu,1,1
2026-03-19T14:53:18.750845+00:00,device-05,switch,branch-chicago,27.72,65.61,2.6,0.2636,39.61,1e-05,35.9,healthy,0,0
2026-03-22T07:25:18.750845+00:00,device-45,load_balancer,datacenter-west,50.14,59.64,38.06,0.1531,26.43,0.00397,36.2,healthy,0,0
2026-03-22T06:46:18.750845+00:00,device-45,switch,branch-newyork,40.68,89.38,292.61,3.2277,75.22,0.02277,71.1,memory_exhaustion,2,1
2026-03-19T10:15:18.750845+00:00,device-50,server,datacenter-central,17.95,65.49,12.84,0.2199,25.19,0.00233,37.9,healthy,0,0
2026-03-16T23:39:18.750845+00:00,device-49,firewall,branch-newyork,40.99,10.76,19.08,0.2404,40.22,0.00329,36.0,healthy,0,0
2026-03-16T05:09:18.750845+00:00,device-42,router,branch-newyork,47.42,68.76,32.16,0.0816,18.49,0.00228,44.4,healthy,0,0
2026-03-17T10:45:18.750845+00:00,device-50,switch,datacenter-central,7.43,18.52,22.83,0.1854,28.44,0.00254,31.4,healthy,0,0
2026-03-12T05:59:18.750845+00:00,device-30,switch,datacenter-east,64.05,25.14,20.92,0.206,37.49,0.0,41.0,healthy,0,0
2026-03-16T12:49:18.750845+00:00,device-48,firewall,branch-chicago,12.52,15.75,25.39,0.2633,43.56,0.00204,47.3,healthy,0,0
2026-03-22T13:39:18.750845+00:00,device-18,server,datacenter-central,32.9,34.74,18.48,0.1494,63.34,0.00077,33.6,healthy,0,0
2026-03-18T14:45:18.750845+00:00,device-30,server,datacenter-west,34.06,48.72,37.95,0.1694,14.41,0.00362,31.7,healthy,0,0
2026-03-19T02:13:18.750845+00:00,device-36,switch,branch-losangeles,55.87,19.17,22.16,0.1468,56.07,0.00143,41.9,healthy,0,0
2026-03-20T21:21:18.750845+00:00,device-41,server,datacenter-central,7.61,69.53,39.01,0.1588,21.26,0.00409,41.5,healthy,0,0
2026-03-13T16:49:18.750845+00:00,device-45,switch,branch-losangeles,52.48,27.36,41.06,0.0585,53.16,0.00063,41.0,healthy,0,0
2026-03-15T14:35:18.750845+00:00,device-50,switch,branch-newyork,52.99,29.03,8.59,0.2603,25.17,0.0049,33.1,healthy,0,0
2026-03-13T06:35:18.750845+00:00,device-37,switch,datacenter-central,57.29,24.19,29.79,0.1785,30.33,0.00104,30.3,healthy,0,0
2026-03-17T01:35:18.750845+00:00,device-08,firewall,datacenter-central,93.26,81.8,3212.22,40.8787,97.11,0.40092,70.6,ddos_attack,5,1
2026-03-17T00:55:18.750845+00:00,device-35,switch,branch-newyork,30.9,22.55,269.54,21.1544,36.45,0.06028,43.7,packet_loss,3,1
2026-03-20T20:47:18.750845+00:00,device-31,load_balancer,datacenter-east,63.38,38.42,32.07,0.1431,35.32,0.00437,30.3,healthy,0,0
2026-03-20T04:51:18.750845+00:00,device-13,server,branch-newyork,41.22,17.03,44.12,0.1965,26.19,0.00205,37.7,healthy,0,0
2026-03-18T19:03:18.750845+00:00,device-17,firewall,datacenter-east,26.12,64.26,24.46,0.1687,63.15,0.00464,44.7,healthy,0,0
2026-03-14T09:05:18.750845+00:00,device-49,router,branch-losangeles,16.54,44.23,34.22,0.1744,9.64,0.0001,36.8,healthy,0,0
2026-03-16T05:31:18.750845+00:00,device-28,firewall,datacenter-east,13.36,44.74,7.22,0.1721,12.11,0.00339,30.5,healthy,0,0
2026-03-17T05:11:18.750845+00:00,device-31,server,branch-chicago,38.69,34.87,14.09,0.0111,56.83,0.00226,40.9,healthy,0,0
2026-03-21T07:49:18.750845+00:00,device-22,server,datacenter-east,93.67,84.56,131.16,2.4981,81.02,0.02836,69.9,high_cpu,1,1
2026-03-13T10:15:18.750845+00:00,device-15,router,branch-losangeles,27.63,42.06,10.97,0.1438,18.24,0.00331,47.6,healthy,0,0
2026-03-18T21:45:18.750845+00:00,device-28,switch,branch-newyork,42.43,56.31,36.03,0.178,31.59,0.00258,43.0,healthy,0,0
2026-03-17T05:07:18.750845+00:00,device-11,server,datacenter-central,52.69,51.96,25.67,0.133,10.77,0.00058,41.0,healthy,0,0
2026-03-15T06:12:18.750845+00:00,device-22,load_balancer,branch-losangeles,92.96,98.67,1767.88,30.0624,97.13,0.44498,74.2,ddos_attack,5,1
2026-03-15T05:59:18.750845+00:00,device-18,firewall,datacenter-west,53.48,11.39,32.82,0.2871,41.8,7e-05,46.9,healthy,0,0
2026-03-20T07:39:18.750845+00:00,device-19,switch,branch-newyork,37.76,22.78,25.71,0.0719,58.45,0.00086,30.3,healthy,0,0
2026-03-25T19:31:18.750845+00:00,device-30,switch,datacenter-east,67.84,94.64,164.47,6.5433,53.58,0.0353,70.1,memory_exhaustion,2,1
2026-03-22T23:43:18.750845+00:00,device-15,load_balancer,datacenter-east,44.1,61.2,22.83,0.1732,5.52,0.00173,41.0,healthy,0,0
2026-03-14T01:49:18.750845+00:00,device-16,load_balancer,branch-newyork,21.37,63.3,5.84,0.0083,59.27,0.00047,41.1,healthy,0,0
2026-03-16T21:11:18.750845+00:00,device-25,router,branch-losangeles,31.44,41.06,20.08,0.1427,35.34,0.00496,43.8,healthy,0,0
2026-03-21T03:57:18.750845+00:00,device-24,router,datacenter-east,20.12,35.04,36.81,0.1719,47.39,0.00115,34.5,healthy,0,0
2026-03-18T21:57:18.750845+00:00,device-17,load_balancer,datacenter-west,17.21,20.22,41.79,0.0335,52.88,0.00251,34.8,healthy,0,0
2026-03-22T03:01:18.750845+00:00,device-49,load_balancer,datacenter-west,39.69,33.07,11.3,0.2917,7.81,0.0003,49.7,healthy,0,0
2026-03-21T01:15:18.750845+00:00,device-22,router,datacenter-east,5.11,19.36,13.22,0.0733,39.31,0.00458,30.2,healthy,0,0
2026-03-18T06:33:18.750845+00:00,device-38,switch,datacenter-west,56.56,35.64,42.61,0.1901,22.77,0.00427,41.3,healthy,0,0
2026-03-22T14:13:18.750845+00:00,device-05,firewall,branch-losangeles,36.3,36.32,9.99,0.0833,44.28,0.00061,44.8,healthy,0,0
2026-03-13T04:29:18.750845+00:00,device-07,router,datacenter-central,23.8,34.33,11.68,0.1228,44.89,0.00281,42.0,healthy,0,0
2026-03-21T19:51:18.750845+00:00,device-01,load_balancer,datacenter-central,55.1,37.31,42.85,0.1532,16.02,0.00461,41.0,healthy,0,0
2026-03-22T18:09:18.750845+00:00,device-11,load_balancer,branch-losangeles,42.26,14.21,10.49,0.0319,27.88,0.00273,43.0,healthy,0,0
2026-03-18T03:21:18.750845+00:00,device-09,switch,branch-losangeles,11.73,34.79,27.03,0.2796,51.35,0.00391,48.4,healthy,0,0
2026-03-23T04:09:18.750845+00:00,device-13,firewall,branch-chicago,14.71,23.66,17.54,0.1861,43.13,0.00392,31.4,healthy,0,0
2026-03-17T06:37:18.750845+00:00,device-02,firewall,datacenter-west,63.97,68.77,14.38,0.1124,43.01,0.00331,33.8,healthy,0,0
2026-03-24T05:12:18.750845+00:00,device-37,router,datacenter-west,72.9,77.32,2621.66,15.8396,76.85,0.17947,59.6,bgp_flapping,4,1
2026-03-13T18:15:18.750845+00:00,device-12,firewall,datacenter-west,40.71,13.24,5.87,0.016,10.83,0.00241,48.5,healthy,0,0
2026-03-13T19:05:18.750845+00:00,device-37,firewall,branch-chicago,56.91,36.85,24.67,0.0123,52.39,0.00347,44.3,healthy,0,0
2026-03-17T02:01:18.750845+00:00,device-28,switch,branch-losangeles,14.48,65.77,37.36,0.1897,21.01,0.00479,34.1,healthy,0,0
2026-03-20T01:27:18.750845+00:00,device-19,server,branch-chicago,49.38,50.08,39.14,0.2181,20.21,0.00386,32.3,healthy,0,0
2026-03-14T23:35:18.750845+00:00,device-44,firewall,branch-newyork,93.3,87.27,1391.93,31.2572,98.34,0.31848,84.2,ddos_attack,5,1
2026-03-14T14:51:18.750845+00:00,device-12,server,datacenter-central,55.28,67.7,44.28,0.1328,36.6,0.00272,39.6,healthy,0,0
2026-03-13T11:29:18.750845+00:00,device-49,firewall,branch-losangeles,60.47,41.8,41.26,0.1602,9.31,0.00107,32.3,healthy,0,0
2026-03-20T15:19:18.750845+00:00,device-05,switch,branch-losangeles,20.31,27.76,32.5,0.1994,20.99,0.00147,33.1,healthy,0,0
2026-03-24T21:23:18.750845+00:00,device-06,switch,datacenter-west,41.6,20.29,1007.57,33.4238,39.21,0.06257,49.2,packet_loss,3,1
2026-03-18T21:51:18.750845+00:00,device-12,switch,branch-newyork,61.93,42.53,31.85,0.2905,58.23,0.003,40.6,healthy,0,0
2026-03-20T22:53:18.750845+00:00,device-02,firewall,datacenter-west,7.98,68.43,20.55,0.1271,27.76,0.0049,48.1,healthy,0,0
2026-03-15T07:47:18.750845+00:00,device-37,server,branch-losangeles,25.26,18.14,2.71,0.0788,61.12,0.00251,41.4,healthy,0,0
2026-03-22T12:05:18.750845+00:00,device-20,server,branch-losangeles,30.09,45.97,23.99,0.0971,38.63,0.00048,36.3,healthy,0,0
2026-03-18T21:01:18.750845+00:00,device-06,switch,datacenter-west,18.76,60.23,40.47,0.0775,30.57,0.00456,48.1,healthy,0,0
2026-03-22T21:57:18.750845+00:00,device-35,switch,branch-chicago,13.05,24.87,31.99,0.0945,49.45,7e-05,36.4,healthy,0,0
2026-03-19T21:21:18.750845+00:00,device-50,switch,datacenter-central,45.88,55.37,35.89,0.0041,55.97,0.00246,45.7,healthy,0,0
2026-03-23T03:49:18.750845+00:00,device-17,firewall,datacenter-east,91.34,96.92,2715.05,49.1532,99.25,0.21673,72.0,ddos_attack,5,1
2026-03-22T11:51:18.750845+00:00,device-44,router,branch-chicago,89.05,73.15,200.34,1.9742,85.36,0.03447,63.2,high_cpu,1,1
2026-03-19T05:33:18.750845+00:00,device-41,switch,datacenter-central,33.2,15.14,32.48,0.0498,60.19,0.00257,46.6,healthy,0,0
2026-03-14T20:17:18.750845+00:00,device-30,firewall,branch-chicago,38.33,69.56,6.76,0.0078,47.95,0.00437,48.7,healthy,0,0
2026-03-14T00:13:18.750845+00:00,device-06,load_balancer,branch-newyork,59.04,16.11,42.88,0.2941,61.81,0.00019,43.2,healthy,0,0
2026-03-12T15:25:18.750845+00:00,device-09,switch,datacenter-central,26.93,37.07,27.85,0.0082,28.18,0.00337,40.2,healthy,0,0
2026-03-18T08:39:18.750845+00:00,device-26,firewall,branch-losangeles,49.33,63.43,6.43,0.2731,25.24,0.00172,39.3,healthy,0,0
2026-03-22T01:01:18.750845+00:00,device-30,server,datacenter-central,63.93,39.94,41.46,0.003,12.44,0.00407,41.4,healthy,0,0
2026-03-15T15:05:18.750845+00:00,device-41,server,branch-newyork,14.88,35.83,20.88,0.1455,21.15,0.00421,43.6,healthy,0,0
2026-03-15T15:57:18.750845+00:00,device-21,server,datacenter-west,52.04,12.32,39.18,0.1496,57.64,0.00137,44.1,healthy,0,0
2026-03-22T04:59:18.750845+00:00,device-23,switch,datacenter-central,29.58,51.79,34.44,0.1752,39.12,0.00481,47.5,healthy,0,0
2026-03-12T22:57:18.750845+00:00,device-49,load_balancer,branch-newyork,59.34,43.77,30.19,0.0247,10.08,0.00468,46.1,healthy,0,0
2026-03-22T07:45:18.750845+00:00,device-22,switch,datacenter-east,13.12,48.19,32.12,0.1985,46.96,0.00493,42.2,healthy,0,0
2026-03-18T19:33:18.750845+00:00,device-28,server,datacenter-east,24.31,54.74,19.32,0.031,43.7,0.00213,40.6,healthy,0,0
2026-03-19T11:37:18.750845+00:00,device-18,router,datacenter-east,22.11,64.55,29.68,0.1019,52.82,0.00281,48.5,healthy,0,0
2026-03-12T09:19:18.750845+00:00,device-48,router,branch-chicago,5.58,30.37,11.17,0.2697,16.39,0.00157,39.7,healthy,0,0
2026-03-18T06:07:18.750845+00:00,device-33,load_balancer,datacenter-central,23.0,32.32,18.64,0.0516,15.58,0.0018,36.7,healthy,0,0
2026-03-16T05:57:18.750845+00:00,device-15,firewall,branch-chicago,46.65,62.07,15.54,0.1334,15.72,0.00291,39.8,healthy,0,0
2026-03-21T03:32:18.750845+00:00,device-16,router,branch-newyork,51.79,22.05,811.5,26.8327,53.39,0.07049,37.7,packet_loss,3,1
2026-03-13T12:49:18.750845+00:00,device-26,server,branch-chicago,52.83,69.19,20.28,0.1012,46.8,0.00318,47.6,healthy,0,0
2026-03-19T13:31:18.750845+00:00,device-35,server,branch-chicago,48.76,65.52,26.77,0.0417,35.88,0.00082,31.4,healthy,0,0
2026-03-16T18:41:18.750845+00:00,device-09,switch,branch-newyork,21.04,35.25,24.0,0.1837,60.0,0.00055,40.7,healthy,0,0
2026-03-19T12:07:18.750845+00:00,device-29,switch,branch-newyork,62.21,57.25,33.11,0.2063,13.58,0.00379,42.1,healthy,0,0
2026-03-19T09:23:18.750845+00:00,device-18,server,branch-chicago,26.55,36.21,9.17,0.1617,12.48,5e-05,43.4,healthy,0,0
2026-03-24T20:03:18.750845+00:00,device-11,router,branch-chicago,37.27,22.11,1788.76,31.6374,59.83,0.27949,37.6,packet_loss,3,1
2026-03-15T06:49:18.750845+00:00,device-20,router,branch-chicago,59.16,49.98,16.56,0.1705,13.79,0.00496,35.1,healthy,0,0
2026-03-17T19:13:18.750845+00:00,device-31,server,datacenter-east,98.2,78.11,85.55,1.0464,71.59,0.01451,76.6,high_cpu,1,1
2026-03-13T19:31:18.750845+00:00,device-03,server,datacenter-east,24.46,68.47,28.66,0.0741,16.69,0.00034,35.7,healthy,0,0
2026-03-13T14:41:18.750845+00:00,device-16,load_balancer,datacenter-east,50.03,54.81,3.36,0.1435,49.53,0.00251,30.9,healthy,0,0
2026-03-12T21:09:18.750845+00:00,device-21,load_balancer,datacenter-central,11.09,59.28,28.42,0.206,14.12,0.00027,42.9,healthy,0,0
2026-03-14T15:02:18.750845+00:00,device-06,router,datacenter-east,77.86,76.75,1117.07,30.7139,67.8,0.26731,74.5,bgp_flapping,4,1
2026-03-22T10:29:18.750845+00:00,device-20,firewall,branch-newyork,44.17,60.59,12.26,0.0178,49.4,0.00167,44.9,healthy,0,0
2026-03-14T08:33:18.750845+00:00,device-50,switch,datacenter-east,61.67,34.12,7.8,0.2788,34.61,0.00399,30.4,healthy,0,0
2026-03-17T21:19:18.750845+00:00,device-14,firewall,branch-chicago,26.28,61.87,43.41,0.0525,56.34,0.00153,47.1,healthy,0,0
2026-03-20T05:27:18.750845+00:00,device-34,router,branch-losangeles,74.56,85.12,825.62,15.6175,75.29,0.27587,72.8,bgp_flapping,4,1
2026-03-23T05:12:18.750845+00:00,device-21,load_balancer,branch-losangeles,91.72,84.41,1522.62,45.4148,99.61,0.68956,74.4,ddos_attack,5,1
2026-03-18T04:17:18.750845+00:00,device-16,server,datacenter-west,15.65,44.19,39.11,0.0032,41.65,0.00444,35.1,healthy,0,0
2026-03-12T15:03:18.750845+00:00,device-26,firewall,branch-newyork,24.8,54.16,5.0,0.3,53.84,0.00246,40.3,healthy,0,0
2026-03-23T13:45:18.750845+00:00,device-06,router,branch-chicago,94.1,69.04,2881.73,33.4961,82.3,0.35951,74.1,bgp_flapping,4,1
2026-03-20T18:19:18.750845+00:00,device-41,firewall,datacenter-west,25.45,33.51,22.25,0.2479,25.86,0.00133,44.4,healthy,0,0
2026-03-16T14:45:18.750845+00:00,device-29,server,branch-newyork,13.45,18.55,6.44,0.1857,34.95,0.00054,34.0,healthy,0,0
2026-03-12T10:21:18.750845+00:00,device-10,load_balancer,branch-newyork,37.3,28.37,4.39,0.0985,34.84,0.00381,34.1,healthy,0,0
2026-03-15T03:40:18.750845+00:00,device-22,router,branch-chicago,77.88,79.51,2041.22,31.3308,67.06,0.3785,73.4,bgp_flapping,4,1
2026-03-12T15:53:18.750845+00:00,device-05,server,datacenter-west,38.37,66.39,16.9,0.1695,24.71,0.00045,36.4,healthy,0,0
2026-03-14T22:45:18.750845+00:00,device-15,router,datacenter-east,54.06,52.16,13.77,0.28,47.59,9e-05,32.3,healthy,0,0
2026-03-20T17:21:18.750845+00:00,device-24,router,datacenter-west,34.47,39.23,39.53,0.213,37.07,0.00418,38.0,healthy,0,0
2026-03-20T22:25:18.750845+00:00,device-28,router,datacenter-east,56.14,62.81,43.51,0.2556,47.34,0.00454,45.7,healthy,0,0
2026-03-21T04:09:18.750845+00:00,device-27,firewall,datacenter-central,64.68,31.63,22.5,0.0768,47.67,0.0008,49.6,healthy,0,0
2026-03-19T06:11:18.750845+00:00,device-43,server,datacenter-central,63.99,56.33,10.78,0.112,29.85,0.00303,49.0,healthy,0,0
2026-03-19T17:29:18.750845+00:00,device-31,server,datacenter-central,21.5,52.02,34.81,0.1582,35.79,0.00415,42.1,healthy,0,0
2026-03-16T02:17:18.750845+00:00,device-06,firewall,datacenter-central,91.03,93.09,3661.27,48.0312,95.06,0.21654,71.9,ddos_attack,5,1
2026-03-22T09:23:18.750845+00:00,device-14,server,branch-losangeles,6.21,57.35,15.9,0.025,21.58,0.00089,49.0,healthy,0,0
2026-03-21T12:27:18.750845+00:00,device-35,switch,branch-losangeles,48.35,30.24,8.86,0.1505,31.1,0.00262,33.7,healthy,0,0
2026-03-13T02:57:18.750845+00:00,device-32,firewall,branch-chicago,56.04,41.0,23.68,0.2669,9.97,0.00029,45.2,healthy,0,0
2026-03-20T18:43:18.750845+00:00,device-02,router,datacenter-east,12.77,61.38,42.14,0.2086,18.96,0.00235,42.1,healthy,0,0
2026-03-15T10:45:18.750845+00:00,device-20,switch,datacenter-west,25.49,26.36,25.61,0.0375,62.29,0.00338,43.3,healthy,0,0
2026-03-14T03:07:18.750845+00:00,device-37,load_balancer,datacenter-east,22.17,53.37,9.1,0.1732,61.59,0.00385,31.0,healthy,0,0
2026-03-13T06:03:18.750845+00:00,device-21,switch,datacenter-west,60.43,52.73,35.8,0.0195,51.13,0.00192,36.7,healthy,0,0
2026-03-16T03:57:18.750845+00:00,device-28,load_balancer,branch-chicago,63.77,44.35,31.05,0.2529,25.39,0.00368,46.4,healthy,0,0
2026-03-19T15:40:18.750845+00:00,device-22,switch,datacenter-central,35.74,50.03,1746.89,20.6139,50.74,0.16443,38.4,packet_loss,3,1
2026-03-22T11:17:18.750845+00:00,device-23,load_balancer,datacenter-central,41.87,20.86,34.02,0.2481,6.63,0.00139,44.5,healthy,0,0
2026-03-19T00:03:18.750845+00:00,device-28,load_balancer,datacenter-central,52.5,59.37,28.65,0.0937,33.83,0.0042,38.4,healthy,0,0
2026-03-13T20:47:18.750845+00:00,device-40,firewall,branch-losangeles,22.41,24.48,11.31,0.2913,16.98,0.00205,43.6,healthy,0,0
2026-03-18T02:24:18.750845+00:00,device-20,switch,branch-newyork,45.26,94.57,270.02,6.513,51.23,0.02147,63.4,memory_exhaustion,2,1
2026-03-15T23:39:18.750845+00:00,device-04,switch,branch-losangeles,9.19,53.84,37.27,0.1534,24.21,0.00125,40.0,healthy,0,0
2026-03-22T14:41:18.750845+00:00,device-13,server,datacenter-central,16.35,29.31,23.69,0.1318,29.14,0.00495,35.3,healthy,0,0
2026-03-20T01:57:18.750845+00:00,device-17,load_balancer,branch-chicago,21.95,43.56,42.07,0.2423,42.28,0.00057,30.8,healthy,0,0
2026-03-16T13:51:18.750845+00:00,device-28,switch,datacenter-west,41.08,17.97,8.39,0.0991,29.26,0.00431,44.8,healthy,0,0
2026-03-18T02:51:18.750845+00:00,device-03,firewall,branch-chicago,47.28,32.5,14.7,0.2617,63.93,0.00347,36.1,healthy,0,0
2026-03-23T00:53:18.750845+00:00,device-50,server,datacenter-central,20.74,32.87,38.68,0.137,8.05,0.0026,38.9,healthy,0,0
2026-03-15T16:49:18.750845+00:00,device-27,load_balancer,datacenter-central,93.11,83.35,4381.8,54.7097,95.02,0.67147,79.7,ddos_attack,5,1
2026-03-20T20:15:18.750845+00:00,device-04,load_balancer,branch-chicago,61.84,49.19,30.41,0.0059,23.64,0.00492,43.7,healthy,0,0
2026-03-20T16:17:18.750845+00:00,device-33,switch,branch-newyork,15.88,66.21,31.79,0.08,27.85,0.00051,43.3,healthy,0,0
2026-03-12T22:53:18.750845+00:00,device-17,load_balancer,datacenter-east,7.83,38.86,13.19,0.2412,61.13,0.00457,46.8,healthy,0,0
2026-03-14T05:33:18.750845+00:00,device-50,load_balancer,branch-newyork,21.81,46.82,12.36,0.2108,27.63,0.00091,45.2,healthy,0,0
2026-03-25T01:16:18.750845+00:00,device-25,switch,datacenter-east,56.96,92.97,459.51,7.1521,67.16,0.02625,71.8,memory_exhaustion,2,1
2026-03-16T11:41:18.750845+00:00,device-40,server,datacenter-central,16.93,64.36,11.27,0.0383,9.0,0.0044,38.1,healthy,0,0
2026-03-16T13:19:18.750845+00:00,device-02,server,branch-losangeles,13.87,67.46,38.08,0.2592,58.18,0.00121,48.9,healthy,0,0
2026-03-13T03:27:18.750845+00:00,device-22,server,datacenter-central,61.9,56.88,25.58,0.2169,33.38,0.00168,33.1,healthy,0,0
2026-03-24T19:38:18.750845+00:00,device-09,router,branch-newyork,43.67,33.17,1132.94,35.697,55.78,0.15802,44.5,packet_loss,3,1
2026-03-22T21:01:18.750845+00:00,device-15,server,branch-losangeles,34.99,13.1,23.18,0.2892,26.3,0.00402,34.7,healthy,0,0
2026-03-16T23:16:18.750845+00:00,device-07,switch,datacenter-east,27.29,51.13,257.54,27.7403,49.37,0.07795,47.9,packet_loss,3,1
2026-03-20T00:27:18.750845+00:00,device-23,switch,branch-newyork,5.35,51.98,44.09,0.229,21.89,0.00122,39.5,healthy,0,0
2026-03-23T09:16:18.750845+00:00,device-13,firewall,branch-losangeles,90.72,90.93,1713.76,41.6914,95.75,0.40065,82.9,ddos_attack,5,1
2026-03-13T00:59:18.750845+00:00,device-42,switch,branch-chicago,41.51,56.14,26.43,0.0821,49.5,0.00133,30.3,healthy,0,0
2026-03-17T13:21:18.750845+00:00,device-27,router,datacenter-central,23.16,12.56,27.17,0.188,42.02,0.00031,35.1,healthy,0,0
2026-03-23T22:33:18.750845+00:00,device-39,load_balancer,datacenter-east,90.81,95.78,1596.47,30.0463,98.55,0.24227,76.1,ddos_attack,5,1
2026-03-21T15:57:18.750845+00:00,device-04,firewall,datacenter-west,6.82,15.82,27.67,0.0836,21.88,0.00061,43.1,healthy,0,0
2026-03-14T23:09:18.750845+00:00,device-27,switch,datacenter-east,62.39,97.87,183.72,4.4442,53.25,0.09045,63.1,memory_exhaustion,2,1
2026-03-12T19:25:18.750845+00:00,device-09,firewall,branch-newyork,12.42,60.63,18.95,0.2816,11.13,0.00242,38.4,healthy,0,0
2026-03-22T09:33:18.750845+00:00,device-27,firewall,branch-chicago,52.67,13.68,15.67,0.2079,29.4,0.00088,49.3,healthy,0,0
2026-03-17T04:36:18.750845+00:00,device-39,server,datacenter-central,94.91,82.96,101.06,2.8265,81.4,0.01908,77.5,high_cpu,1,1
2026-03-15T11:39:18.750845+00:00,device-45,router,datacenter-west,43.61,45.81,27.31,0.1782,24.93,0.00466,40.4,healthy,0,0
2026-03-21T09:41:18.750845+00:00,device-02,load_balancer,branch-losangeles,59.55,17.84,11.63,0.2748,9.35,0.00377,31.6,healthy,0,0
2026-03-12T19:41:18.750845+00:00,device-13,firewall,datacenter-east,63.93,39.01,10.21,0.2899,60.03,0.00234,39.9,healthy,0,0
2026-03-21T03:24:18.750845+00:00,device-15,switch,branch-chicago,50.68,44.86,856.94,31.8158,54.36,0.14685,39.0,packet_loss,3,1
2026-03-14T08:41:18.750845+00:00,device-06,server,datacenter-east,63.58,61.39,44.64,0.0452,41.16,0.00258,47.2,healthy,0,0
2026-03-14T17:51:18.750845+00:00,device-06,router,branch-newyork,79.44,66.02,1003.17,26.695,82.29,0.44195,64.2,bgp_flapping,4,1
2026-03-12T23:27:18.750845+00:00,device-24,router,datacenter-west,22.43,69.01,33.36,0.2819,27.98,0.00214,37.4,healthy,0,0
2026-03-20T07:07:18.750845+00:00,device-12,router,datacenter-west,40.46,27.65,20.85,0.0359,55.57,0.0022,43.2,healthy,0,0
2026-03-24T13:09:18.750845+00:00,device-22,switch,branch-chicago,48.21,33.76,855.3,25.8029,36.41,0.19047,39.3,packet_loss,3,1
2026-03-21T04:52:18.750845+00:00,device-43,switch,datacenter-east,43.26,35.44,1108.78,36.5433,39.25,0.06917,47.8,packet_loss,3,1
2026-03-21T11:05:18.750845+00:00,device-50,switch,branch-newyork,11.46,26.7,22.04,0.089,22.73,0.00364,41.8,healthy,0,0
2026-03-18T16:19:18.750845+00:00,device-24,firewall,datacenter-west,51.76,36.1,7.67,0.1121,6.86,0.00076,41.1,healthy,0,0
2026-03-15T01:15:18.750845+00:00,device-05,server,branch-losangeles,51.42,56.89,15.69,0.0829,12.6,0.00308,47.0,healthy,0,0
2026-03-24T08:17:18.750845+00:00,device-36,server,datacenter-west,86.3,82.61,168.39,0.9441,73.56,0.02092,67.3,high_cpu,1,1
2026-03-18T11:09:18.750845+00:00,device-34,switch,datacenter-west,58.26,18.32,21.39,0.2892,24.19,0.00403,39.3,healthy,0,0
2026-03-19T04:21:18.750845+00:00,device-38,server,branch-chicago,38.97,13.79,10.71,0.2763,18.0,0.00413,48.5,healthy,0,0
2026-03-20T03:35:18.750845+00:00,device-08,load_balancer,branch-chicago,14.92,30.81,32.31,0.1602,12.86,0.00021,47.7,healthy,0,0
2026-03-23T03:37:18.750845+00:00,device-40,firewall,branch-newyork,24.43,25.2,8.09,0.2898,5.38,0.0047,32.1,healthy,0,0
2026-03-21T05:27:18.750845+00:00,device-33,switch,datacenter-west,15.78,62.65,18.44,0.0669,62.07,0.00098,49.7,healthy,0,0
2026-03-24T11:29:18.750845+00:00,device-02,load_balancer,datacenter-east,94.31,93.93,2546.75,51.0545,96.82,0.49379,81.1,ddos_attack,5,1
2026-03-21T07:23:18.750845+00:00,device-04,load_balancer,datacenter-central,54.42,66.92,43.35,0.0879,43.44,0.00456,46.6,healthy,0,0
2026-03-22T03:33:18.750845+00:00,device-22,switch,datacenter-west,15.91,62.87,10.36,0.245,27.91,0.00168,38.5,healthy,0,0
2026-03-15T02:21:18.750845+00:00,device-12,firewall,datacenter-central,92.93,98.85,4702.31,44.781,97.98,0.78906,69.0,ddos_attack,5,1
2026-03-15T20:13:18.750845+00:00,device-02,firewall,branch-chicago,6.73,13.42,29.18,0.0671,38.83,0.00193,43.0,healthy,0,0
2026-03-12T20:06:18.750845+00:00,device-05,router,branch-losangeles,72.45,60.4,2306.91,17.7644,66.84,0.17962,56.3,bgp_flapping,4,1
2026-03-21T13:49:18.750845+00:00,device-44,firewall,branch-losangeles,21.0,62.45,34.49,0.1504,45.97,0.00499,47.6,healthy,0,0
2026-03-14T08:05:18.750845+00:00,device-18,server,datacenter-east,95.74,84.41,246.3,2.519,88.13,0.01675,61.5,high_cpu,1,1
2026-03-16T22:59:18.750845+00:00,device-05,server,branch-chicago,40.62,63.19,44.65,0.1035,15.51,0.00061,48.3,healthy,0,0
2026-03-16T18:15:18.750845+00:00,device-22,switch,branch-newyork,50.32,50.7,36.5,0.0372,5.58,0.00465,48.4,healthy,0,0
2026-03-20T19:08:18.750845+00:00,device-10,router,datacenter-east,92.15,60.57,1395.35,17.3218,70.34,0.17288,72.5,bgp_flapping,4,1
2026-03-19T01:21:18.750845+00:00,device-41,firewall,branch-newyork,33.38,35.55,21.57,0.2882,42.06,0.00475,33.5,healthy,0,0
2026-03-20T07:27:18.750845+00:00,device-34,router,branch-losangeles,46.7,55.58,10.69,0.1484,46.22,0.00079,30.8,healthy,0,0
2026-03-14T19:01:18.750845+00:00,device-40,firewall,branch-chicago,9.89,67.34,3.52,0.1468,52.87,0.00487,34.6,healthy,0,0
2026-03-12T02:33:18.750845+00:00,device-20,firewall,branch-losangeles,13.35,16.4,5.63,0.2574,63.55,0.00189,33.9,healthy,0,0
2026-03-15T20:01:18.750845+00:00,device-03,router,branch-newyork,28.02,45.56,39.86,0.2174,51.73,0.00341,36.0,healthy,0,0
2026-03-21T16:27:18.750845+00:00,device-49,switch,datacenter-west,39.75,34.29,37.56,0.1742,20.09,0.00308,42.2,healthy,0,0
2026-03-12T07:20:18.750845+00:00,device-17,firewall,datacenter-central,93.79,96.53,1936.37,47.0255,97.31,0.26608,70.8,ddos_attack,5,1
2026-03-14T18:27:18.750845+00:00,device-42,load_balancer,datacenter-west,46.52,67.5,13.55,0.0014,45.37,0.00053,40.0,healthy,0,0
2026-03-20T19:59:18.750845+00:00,device-35,load_balancer,datacenter-west,58.21,55.32,42.07,0.0352,58.95,0.00412,49.3,healthy,0,0
2026-03-17T16:59:18.750845+00:00,device-07,server,branch-losangeles,55.29,59.99,35.02,0.293,30.85,0.0024,49.3,healthy,0,0
2026-03-18T19:25:18.750845+00:00,device-32,firewall,datacenter-central,61.86,10.18,14.55,0.2178,18.16,0.00048,46.0,healthy,0,0
2026-03-19T22:39:18.750845+00:00,device-50,switch,branch-losangeles,28.1,62.54,32.4,0.2445,62.32,0.00024,46.9,healthy,0,0
2026-03-16T02:45:18.750845+00:00,device-35,server,datacenter-east,23.78,31.53,40.31,0.06,50.22,0.00023,40.9,healthy,0,0
2026-03-15T15:21:18.750845+00:00,device-45,server,branch-newyork,7.62,65.87,15.25,0.0721,31.57,0.00281,47.6,healthy,0,0
2026-03-22T07:41:18.750845+00:00,device-33,load_balancer,branch-chicago,63.99,24.7,44.38,0.0907,45.58,0.00075,47.9,healthy,0,0
2026-03-22T00:33:18.750845+00:00,device-08,server,branch-newyork,44.78,42.92,15.43,0.1382,23.98,0.00471,38.7,healthy,0,0
2026-03-12T09:59:18.750845+00:00,device-23,firewall,datacenter-east,32.08,64.99,12.78,0.0129,30.79,0.00081,38.7,healthy,0,0
2026-03-21T20:56:18.750845+00:00,device-20,router,datacenter-west,89.39,68.93,1612.21,33.2145,89.15,0.37178,70.9,bgp_flapping,4,1
2026-03-16T20:51:18.750845+00:00,device-02,server,datacenter-east,58.57,27.16,13.78,0.2429,58.38,0.00244,46.1,healthy,0,0
2026-03-14T23:17:18.750845+00:00,device-12,load_balancer,datacenter-east,36.91,26.38,10.57,0.2531,20.23,0.00153,41.3,healthy,0,0
2026-03-19T19:51:18.750845+00:00,device-03,server,branch-newyork,49.55,46.66,15.39,0.0569,24.1,0.00195,34.8,healthy,0,0
2026-03-20T18:35:18.750845+00:00,device-45,firewall,branch-losangeles,13.89,48.38,26.48,0.298,29.15,0.00364,34.7,healthy,0,0
2026-03-21T21:55:18.750845+00:00,device-22,server,datacenter-central,43.41,18.85,31.16,0.0438,5.89,0.00077,33.3,healthy,0,0
2026-03-12T21:46:18.750845+00:00,device-09,router,datacenter-east,77.63,89.86,1605.26,28.5723,75.51,0.45438,57.5,bgp_flapping,4,1
2026-03-18T13:27:18.750845+00:00,device-14,router,datacenter-east,40.2,34.08,24.25,0.0852,27.04,0.00315,41.8,healthy,0,0
2026-03-19T11:21:18.750845+00:00,device-48,switch,datacenter-east,63.26,12.41,10.82,0.0465,26.11,0.00291,48.4,healthy,0,0
2026-03-20T01:47:18.750845+00:00,device-15,switch,datacenter-central,43.92,19.79,14.18,0.1396,57.94,0.00489,40.6,healthy,0,0
2026-03-15T09:09:18.750845+00:00,device-24,switch,datacenter-east,10.04,63.54,15.96,0.2296,45.08,0.00309,45.1,healthy,0,0
2026-03-21T03:31:18.750845+00:00,device-19,router,branch-newyork,19.91,22.78,3.4,0.0092,48.56,0.0007,42.4,healthy,0,0
2026-03-19T23:01:18.750845+00:00,device-11,server,datacenter-west,39.81,19.25,10.33,0.0126,40.09,0.00262,33.6,healthy,0,0
2026-03-19T06:15:18.750845+00:00,device-28,router,datacenter-west,72.83,63.79,523.71,22.3969,66.67,0.41668,69.8,bgp_flapping,4,1
2026-03-21T07:45:18.750845+00:00,device-35,load_balancer,datacenter-west,61.91,22.27,32.32,0.2364,8.92,0.0027,45.0,healthy,0,0
2026-03-20T03:49:18.750845+00:00,device-16,router,branch-losangeles,49.28,61.26,14.84,0.0334,37.93,0.00143,43.3,healthy,0,0
2026-03-21T12:15:18.750845+00:00,device-40,firewall,datacenter-central,35.53,53.29,39.23,0.0688,37.94,0.00149,36.8,healthy,0,0
2026-03-21T03:41:18.750845+00:00,device-31,switch,branch-losangeles,30.39,28.2,13.56,0.2239,21.1,0.00497,39.0,healthy,0,0
2026-03-22T22:57:18.750845+00:00,device-37,server,branch-chicago,33.9,56.27,28.71,0.0274,20.79,0.00352,36.2,healthy,0,0
2026-03-16T00:43:18.750845+00:00,device-06,switch,branch-newyork,46.94,56.42,7.03,0.1794,54.78,0.00354,49.4,healthy,0,0
2026-03-13T03:35:18.750845+00:00,device-39,switch,branch-newyork,52.98,45.78,41.66,0.1694,21.84,0.00447,47.7,healthy,0,0
2026-03-22T13:43:18.750845+00:00,device-47,server,datacenter-east,58.09,68.09,9.68,0.028,14.43,0.00012,43.1,healthy,0,0
2026-03-13T02:47:18.750845+00:00,device-30,switch,branch-chicago,7.7,40.71,14.11,0.2168,28.06,0.0024,33.3,healthy,0,0
2026-03-18T23:19:18.750845+00:00,device-08,load_balancer,datacenter-west,50.85,32.24,41.07,0.2796,39.18,0.00268,44.7,healthy,0,0
2026-03-16T07:57:18.750845+00:00,device-36,load_balancer,branch-chicago,27.23,56.12,19.28,0.0711,31.81,0.00246,43.8,healthy,0,0
2026-03-23T20:42:18.750845+00:00,device-07,switch,branch-losangeles,37.87,52.1,881.67,13.2107,32.91,0.13521,51.5,packet_loss,3,1
2026-03-22T07:59:18.750845+00:00,device-39,firewall,datacenter-east,18.73,24.8,10.67,0.2598,18.67,0.00495,32.1,healthy,0,0
2026-03-14T08:59:18.750845+00:00,device-14,server,branch-losangeles,58.27,21.33,1.3,0.0459,32.07,0.00487,43.3,healthy,0,0
2026-03-14T00:51:18.750845+00:00,device-39,firewall,branch-losangeles,44.23,33.26,42.26,0.0028,19.74,0.00225,48.3,healthy,0,0
2026-03-15T06:11:18.750845+00:00,device-17,router,branch-losangeles,36.11,57.07,12.96,0.2236,46.17,0.00371,42.9,healthy,0,0
2026-03-13T09:37:18.750845+00:00,device-39,server,datacenter-east,55.29,54.98,17.24,0.0953,52.31,0.00209,41.3,healthy,0,0
2026-03-20T02:39:18.750845+00:00,device-45,firewall,branch-losangeles,6.84,23.82,12.92,0.2733,36.04,0.00487,37.5,healthy,0,0
2026-03-15T12:45:18.750845+00:00,device-43,router,branch-losangeles,96.47,79.39,108.09,2.0405,83.62,0.01447,64.2,high_cpu,1,1
2026-03-17T13:23:18.750845+00:00,device-23,load_balancer,branch-newyork,33.21,32.08,16.58,0.134,42.34,0.00123,40.9,healthy,0,0
2026-03-14T14:35:18.750845+00:00,device-11,server,branch-chicago,63.09,69.21,11.7,0.011,8.97,0.00433,30.7,healthy,0,0
2026-03-12T01:55:18.750845+00:00,device-09,server,branch-newyork,13.83,18.85,5.93,0.2951,8.36,0.00483,36.3,healthy,0,0
2026-03-15T03:51:18.750845+00:00,device-11,load_balancer,branch-chicago,6.39,12.08,23.29,0.1107,13.75,0.00154,37.0,healthy,0,0
2026-03-19T13:39:18.750845+00:00,device-44,firewall,datacenter-west,15.85,42.57,29.08,0.2811,47.42,0.00364,37.2,healthy,0,0
2026-03-14T00:17:18.750845+00:00,device-24,router,datacenter-central,10.04,36.88,33.48,0.275,34.13,0.00162,49.9,healthy,0,0
2026-03-17T08:55:18.750845+00:00,device-13,switch,branch-losangeles,40.86,55.68,29.4,0.1713,19.59,0.0031,44.0,healthy,0,0
2026-03-19T08:53:18.750845+00:00,device-09,firewall,branch-losangeles,50.36,67.98,20.42,0.2524,62.12,0.00496,49.0,healthy,0,0
2026-03-15T05:07:18.750845+00:00,device-32,load_balancer,branch-losangeles,14.85,26.46,15.78,0.133,40.91,0.00459,47.2,healthy,0,0
2026-03-13T13:19:18.750845+00:00,device-41,load_balancer,branch-chicago,59.09,13.69,8.88,0.2353,53.14,0.00239,38.0,healthy,0,0
2026-03-15T19:56:18.750845+00:00,device-13,router,datacenter-central,47.19,47.34,728.71,34.89,58.73,0.23968,54.5,packet_loss,3,1
2026-03-19T16:49:18.750845+00:00,device-34,firewall,branch-newyork,15.68,19.11,27.51,0.1863,26.2,0.00436,48.2,healthy,0,0
2026-03-16T08:09:18.750845+00:00,device-30,router,branch-chicago,56.87,24.6,31.67,0.1068,7.29,0.0012,47.1,healthy,0,0
2026-03-12T15:23:18.750845+00:00,device-29,router,branch-chicago,7.21,14.65,32.98,0.0579,27.66,0.00295,37.5,healthy,0,0
2026-03-12T12:09:18.750845+00:00,device-21,firewall,datacenter-east,18.53,24.39,4.94,0.2714,25.04,0.00251,46.1,healthy,0,0
2026-03-19T01:53:18.750845+00:00,device-03,load_balancer,datacenter-west,97.31,80.48,4622.13,23.9,97.32,0.33682,67.3,ddos_attack,5,1
2026-03-22T01:13:18.750845+00:00,device-38,switch,datacenter-central,34.16,45.04,42.51,0.2308,44.12,0.00108,35.1,healthy,0,0
2026-03-19T05:15:18.750845+00:00,device-50,firewall,branch-chicago,21.25,18.66,31.88,0.0465,46.25,0.0023,35.5,healthy,0,0
2026-03-23T17:27:18.750845+00:00,device-34,router,branch-losangeles,76.15,76.48,1927.63,30.3668,93.69,0.44121,74.5,bgp_flapping,4,1
2026-03-21T00:16:18.750845+00:00,device-34,load_balancer,branch-losangeles,98.51,91.49,1242.53,23.9002,98.89,0.35332,66.1,ddos_attack,5,1
2026-03-24T01:50:18.750845+00:00,device-46,switch,branch-losangeles,44.46,44.98,1286.49,24.8995,60.52,0.27156,50.1,packet_loss,3,1
2026-03-16T20:57:18.750845+00:00,device-41,server,branch-chicago,30.24,27.51,8.5,0.2559,38.23,0.00488,37.8,healthy,0,0
2026-03-22T13:09:18.750845+00:00,device-42,switch,datacenter-west,30.15,40.54,3.1,0.1059,51.28,0.00283,40.5,healthy,0,0
2026-03-13T03:15:18.750845+00:00,device-11,switch,datacenter-west,43.72,43.33,4.59,0.0558,39.16,0.0042,41.8,healthy,0,0
2026-03-21T05:51:18.750845+00:00,device-50,server,datacenter-east,25.97,51.11,44.01,0.1055,47.63,0.00203,36.9,healthy,0,0
2026-03-17T09:45:18.750845+00:00,device-29,load_balancer,datacenter-central,58.29,36.26,14.65,0.0209,13.85,0.00337,45.1,healthy,0,0
2026-03-17T11:35:18.750845+00:00,device-25,firewall,datacenter-east,16.85,59.22,15.39,0.0299,25.96,0.00108,39.7,healthy,0,0
2026-03-22T06:01:18.750845+00:00,device-16,router,datacenter-central,54.11,59.03,959.73,33.8825,58.68,0.26198,48.9,packet_loss,3,1
2026-03-19T19:29:18.750845+00:00,device-11,router,branch-losangeles,63.08,64.73,20.44,0.1146,13.91,0.00042,31.1,healthy,0,0
2026-03-16T11:45:18.750845+00:00,device-43,switch,branch-losangeles,40.07,18.0,13.55,0.0052,13.84,0.00249,46.3,healthy,0,0
2026-03-21T09:33:18.750845+00:00,device-15,firewall,branch-chicago,28.73,58.74,41.66,0.0679,14.65,0.00309,44.0,healthy,0,0
2026-03-25T14:45:18.750845+00:00,device-17,switch,datacenter-west,52.77,93.1,112.12,6.1093,74.76,0.09657,71.9,memory_exhaustion,2,1
2026-03-18T05:29:18.750845+00:00,device-48,server,datacenter-west,43.01,31.29,2.74,0.1348,39.87,0.0018,45.2,healthy,0,0
2026-03-12T10:31:18.750845+00:00,device-17,firewall,branch-newyork,6.26,38.69,5.58,0.1476,52.36,0.00419,48.1,healthy,0,0
2026-03-22T12:09:18.750845+00:00,device-16,firewall,datacenter-east,21.04,43.2,10.21,0.0528,27.23,0.0042,31.0,healthy,0,0
2026-03-17T05:45:18.750845+00:00,device-09,load_balancer,branch-chicago,9.02,33.27,41.13,0.1692,38.49,0.00327,36.0,healthy,0,0
2026-03-21T16:31:18.750845+00:00,device-05,switch,branch-losangeles,17.8,30.77,33.12,0.1089,33.44,0.00461,30.8,healthy,0,0
2026-03-21T12:29:18.750845+00:00,device-38,router,branch-newyork,88.11,75.76,217.73,1.7017,77.2,0.01961,71.5,high_cpu,1,1
2026-03-21T03:07:18.750845+00:00,device-42,firewall,datacenter-west,63.91,54.57,9.69,0.035,40.07,0.00014,49.5,healthy,0,0
2026-03-20T19:03:18.750845+00:00,device-48,firewall,datacenter-east,63.68,59.65,2.21,0.0761,55.97,0.00014,33.7,healthy,0,0
2026-03-22T09:04:18.750845+00:00,device-34,router,branch-losangeles,80.07,60.68,1709.12,16.049,89.72,0.38369,55.6,bgp_flapping,4,1
2026-03-19T01:11:18.750845+00:00,device-29,switch,datacenter-central,46.32,56.18,30.33,0.1287,16.74,0.0035,44.4,healthy,0,0
2026-03-21T09:21:18.750845+00:00,device-34,router,datacenter-central,74.29,66.09,2120.6,18.2642,72.92,0.45041,58.3,bgp_flapping,4,1
2026-03-12T10:57:18.750845+00:00,device-35,switch,branch-newyork,53.56,40.45,13.72,0.0275,57.74,0.00235,33.1,healthy,0,0
2026-03-14T07:33:18.750845+00:00,device-45,load_balancer,datacenter-east,43.86,57.63,30.77,0.2303,52.71,0.00067,44.9,healthy,0,0
2026-03-20T07:51:18.750845+00:00,device-30,router,datacenter-central,58.89,65.42,25.19,0.001,51.04,0.00347,39.1,healthy,0,0
2026-03-12T09:03:18.750845+00:00,device-09,router,branch-newyork,45.7,36.34,3.92,0.1626,25.6,0.0026,30.9,healthy,0,0
2026-03-21T04:29:18.750845+00:00,device-19,server,datacenter-central,46.18,30.73,3.86,0.1135,52.74,0.00407,40.6,healthy,0,0
2026-03-17T06:25:18.750845+00:00,device-41,server,datacenter-east,46.73,33.4,15.98,0.251,25.59,0.00243,37.6,healthy,0,0
2026-03-20T23:15:18.750845+00:00,device-42,server,branch-newyork,47.5,67.26,3.61,0.1957,53.11,0.00019,44.7,healthy,0,0
2026-03-19T15:03:18.750845+00:00,device-49,switch,branch-losangeles,6.68,17.89,17.48,0.0009,11.09,0.00194,32.4,healthy,0,0
2026-03-19T15:19:18.750845+00:00,device-07,router,datacenter-west,17.03,16.41,28.29,0.1434,27.77,0.00261,46.0,healthy,0,0
2026-03-23T18:08:18.750845+00:00,device-18,router,datacenter-east,82.74,75.85,911.69,33.1133,61.02,0.29291,66.4,bgp_flapping,4,1
2026-03-18T13:05:18.750845+00:00,device-41,load_balancer,branch-newyork,64.27,40.38,16.56,0.1861,24.81,0.00196,35.5,healthy,0,0
2026-03-12T07:51:18.750845+00:00,device-07,load_balancer,datacenter-east,21.74,36.63,7.51,0.154,6.14,0.00059,34.7,healthy,0,0
2026-03-22T14:42:18.750845+00:00,device-30,server,datacenter-central,97.77,73.66,289.32,2.0172,78.86,0.02208,63.6,high_cpu,1,1
2026-03-18T15:05:18.750845+00:00,device-05,server,datacenter-west,92.49,77.36,142.89,2.8336,71.4,0.02227,76.5,high_cpu,1,1
2026-03-20T04:16:18.750845+00:00,device-35,router,branch-newyork,20.38,54.57,771.86,17.5342,65.36,0.09517,51.0,packet_loss,3,1
2026-03-16T16:24:18.750845+00:00,device-23,router,datacenter-east,48.38,57.21,389.22,22.68,54.14,0.06959,47.7,packet_loss,3,1
2026-03-14T13:23:18.750845+00:00,device-01,load_balancer,branch-chicago,24.19,56.2,11.63,0.0773,62.0,0.00435,41.0,healthy,0,0
2026-03-19T19:27:18.750845+00:00,device-12,load_balancer,datacenter-central,54.17,27.33,6.87,0.086,59.28,0.00384,38.1,healthy,0,0
2026-03-23T12:21:18.750845+00:00,device-47,switch,branch-newyork,49.69,98.69,234.65,1.8718,52.78,0.02309,69.5,memory_exhaustion,2,1
2026-03-20T21:51:18.750845+00:00,device-25,switch,branch-chicago,47.91,52.54,28.44,0.0986,36.3,0.00069,44.1,healthy,0,0
2026-03-13T03:41:18.750845+00:00,device-32,firewall,branch-newyork,43.44,22.59,23.02,0.2659,56.85,0.00362,46.6,healthy,0,0
2026-03-20T02:36:18.750845+00:00,device-25,router,datacenter-central,91.21,70.04,690.18,26.5469,80.93,0.15895,60.9,bgp_flapping,4,1
2026-03-20T15:38:18.750845+00:00,device-47,switch,datacenter-central,35.91,40.26,1228.57,37.1017,52.66,0.08909,50.8,packet_loss,3,1
2026-03-19T08:49:18.750845+00:00,device-26,firewall,datacenter-east,9.86,59.17,33.58,0.2417,24.56,0.00235,40.3,healthy,0,0
2026-03-16T13:27:18.750845+00:00,device-01,router,branch-losangeles,38.41,38.88,25.41,0.256,58.2,0.00036,36.6,healthy,0,0
2026-03-14T13:27:18.750845+00:00,device-05,switch,branch-losangeles,33.88,63.5,15.62,0.0288,22.72,0.00283,33.3,healthy,0,0
2026-03-17T09:31:18.750845+00:00,device-49,server,datacenter-west,26.38,39.28,1.31,0.1152,35.29,0.00176,34.4,healthy,0,0
2026-03-22T04:13:18.750845+00:00,device-27,server,datacenter-central,10.69,59.81,35.36,0.1319,16.96,0.00012,34.4,healthy,0,0
2026-03-17T04:47:18.750845+00:00,device-40,router,branch-chicago,70.32,86.2,2358.63,17.376,66.07,0.32237,73.9,bgp_flapping,4,1
2026-03-22T01:47:18.750845+00:00,device-46,switch,branch-losangeles,56.34,18.5,24.55,0.2253,60.65,0.002,45.7,healthy,0,0
2026-03-17T00:29:18.750845+00:00,device-20,firewall,datacenter-central,13.91,46.52,25.24,0.0272,11.2,0.00037,46.5,healthy,0,0
2026-03-25T10:48:18.750845+00:00,device-33,router,datacenter-west,91.82,77.98,217.79,2.2195,85.04,0.0153,62.7,high_cpu,1,1
2026-03-13T18:29:18.750845+00:00,device-20,router,datacenter-east,63.11,66.34,17.5,0.1496,33.89,0.00237,43.0,healthy,0,0
2026-03-25T20:14:18.750845+00:00,device-11,router,datacenter-east,82.64,60.5,1961.42,21.2488,83.31,0.39898,72.2,bgp_flapping,4,1
2026-03-19T15:35:18.750845+00:00,device-24,firewall,branch-chicago,21.03,19.94,8.46,0.21,51.97,7e-05,46.9,healthy,0,0
2026-03-22T17:13:18.750845+00:00,device-01,router,branch-losangeles,43.64,42.15,25.88,0.0121,53.61,0.00045,37.9,healthy,0,0
2026-03-15T21:09:18.750845+00:00,device-21,switch,branch-newyork,20.97,66.45,39.99,0.0576,11.62,0.00032,34.0,healthy,0,0
2026-03-20T01:21:18.750845+00:00,device-31,router,datacenter-central,78.54,80.77,1593.16,30.9428,91.78,0.1558,74.4,bgp_flapping,4,1
2026-03-15T23:43:18.750845+00:00,device-32,load_balancer,datacenter-west,23.01,17.86,23.49,0.1973,56.07,0.00456,41.2,healthy,0,0
2026-03-20T01:23:18.750845+00:00,device-37,server,branch-chicago,30.46,55.59,42.86,0.0999,26.24,0.00142,39.7,healthy,0,0
2026-03-20T21:27:18.750845+00:00,device-35,router,branch-losangeles,41.51,49.22,37.17,0.2325,53.2,0.00343,30.1,healthy,0,0
2026-03-16T03:25:18.750845+00:00,device-50,router,branch-losangeles,21.29,41.99,5.61,0.1241,17.15,0.00076,45.0,healthy,0,0
2026-03-18T01:27:18.750845+00:00,device-30,firewall,branch-losangeles,25.27,48.39,40.96,0.0795,12.66,0.0041,32.0,healthy,0,0
2026-03-16T11:25:18.750845+00:00,device-21,firewall,datacenter-central,7.46,56.04,14.44,0.0782,62.72,0.0044,44.6,healthy,0,0
2026-03-18T13:21:18.750845+00:00,device-19,switch,branch-newyork,13.52,56.26,33.27,0.2828,46.3,0.00428,46.7,healthy,0,0
2026-03-12T04:35:18.750845+00:00,device-08,router,branch-losangeles,13.5,57.39,21.23,0.069,52.96,0.00366,36.2,healthy,0,0
2026-03-14T21:13:18.750845+00:00,device-30,switch,datacenter-central,24.27,17.22,11.38,0.1148,46.41,0.00355,41.6,healthy,0,0
2026-03-17T03:53:18.750845+00:00,device-38,load_balancer,branch-newyork,27.32,20.28,32.72,0.1256,44.63,0.00449,32.4,healthy,0,0
2026-03-12T15:47:18.750845+00:00,device-01,router,datacenter-central,64.73,68.85,21.93,0.28,27.07,0.00226,42.1,healthy,0,0
2026-03-13T22:03:18.750845+00:00,device-04,switch,datacenter-central,21.24,48.41,31.32,0.0554,32.55,0.00124,48.4,healthy,0,0
2026-03-14T16:01:18.750845+00:00,device-47,switch,branch-chicago,34.15,58.23,15.04,0.2219,8.3,0.00472,44.6,healthy,0,0
2026-03-22T13:35:18.750845+00:00,device-25,switch,datacenter-central,15.5,14.11,39.54,0.0965,6.45,0.00021,39.7,healthy,0,0
2026-03-15T06:05:18.750845+00:00,device-39,server,branch-newyork,48.85,59.08,5.21,0.0049,54.68,0.00163,49.6,healthy,0,0
2026-03-13T23:21:18.750845+00:00,device-49,server,branch-newyork,19.9,39.85,19.17,0.1413,60.85,0.00119,31.7,healthy,0,0
2026-03-18T10:13:18.750845+00:00,device-12,router,branch-losangeles,44.94,43.31,23.59,0.1843,14.59,0.00384,44.9,healthy,0,0
2026-03-16T00:49:18.750845+00:00,device-43,firewall,branch-newyork,14.4,42.52,8.91,0.1572,14.58,0.00338,40.5,healthy,0,0
2026-03-13T07:07:18.750845+00:00,device-44,firewall,datacenter-central,22.73,39.79,23.66,0.0896,50.29,0.00423,45.3,healthy,0,0
2026-03-20T18:55:18.750845+00:00,device-14,load_balancer,datacenter-central,13.18,45.36,35.08,0.0039,32.81,0.00324,38.8,healthy,0,0
2026-03-21T01:45:18.750845+00:00,device-50,router,branch-chicago,83.03,74.54,620.14,30.0937,77.68,0.3688,67.0,bgp_flapping,4,1
2026-03-18T08:19:18.750845+00:00,device-28,router,datacenter-west,32.35,49.07,17.76,0.2576,53.48,0.00021,38.5,healthy,0,0
2026-03-16T22:13:18.750845+00:00,device-18,router,datacenter-west,74.33,86.68,2783.45,22.5731,82.88,0.40598,57.7,bgp_flapping,4,1
2026-03-15T19:23:18.750845+00:00,device-04,load_balancer,branch-chicago,11.61,24.46,26.6,0.2826,51.89,0.00479,47.9,healthy,0,0
2026-03-16T07:17:18.750845+00:00,device-21,switch,branch-losangeles,25.8,65.1,36.46,0.0598,23.75,0.00286,33.3,healthy,0,0
2026-03-13T01:15:18.750845+00:00,device-17,server,branch-chicago,53.35,15.17,23.38,0.0353,41.32,0.00473,40.0,healthy,0,0
2026-03-15T04:55:18.750845+00:00,device-50,router,datacenter-west,42.15,17.34,10.23,0.2688,14.05,0.00094,30.6,healthy,0,0
2026-03-14T04:01:18.750845+00:00,device-33,load_balancer,branch-losangeles,26.71,31.58,35.29,0.2489,8.42,0.00173,40.0,healthy,0,0
2026-03-23T11:26:18.750845+00:00,device-36,router,datacenter-central,93.14,65.97,128.14,1.4094,71.86,0.02476,75.7,high_cpu,1,1
2026-03-15T19:01:18.750845+00:00,device-27,switch,branch-chicago,53.45,41.87,3.7,0.1782,18.41,0.00471,43.3,healthy,0,0
2026-03-17T19:18:18.750845+00:00,device-36,router,datacenter-central,88.75,63.45,2572.0,16.6695,90.43,0.38109,65.9,bgp_flapping,4,1
2026-03-16T21:39:18.750845+00:00,device-18,firewall,branch-losangeles,56.39,33.97,5.0,0.1724,40.34,0.0025,47.3,healthy,0,0
2026-03-19T09:21:18.750845+00:00,device-32,server,datacenter-central,40.7,38.47,25.41,0.2498,55.3,0.00198,40.3,healthy,0,0
2026-03-22T05:39:18.750845+00:00,device-31,load_balancer,datacenter-east,34.25,44.68,11.45,0.0678,23.96,0.00174,32.0,healthy,0,0
2026-03-17T02:09:18.750845+00:00,device-28,firewall,branch-losangeles,17.57,45.24,31.66,0.0443,31.75,0.00303,43.6,healthy,0,0
2026-03-12T06:55:18.750845+00:00,device-34,load_balancer,datacenter-central,18.41,10.72,39.65,0.1038,14.08,0.00118,49.6,healthy,0,0
2026-03-15T18:13:18.750845+00:00,device-06,switch,branch-losangeles,57.1,96.6,264.01,5.5981,71.23,0.08631,71.4,memory_exhaustion,2,1
2026-03-13T11:51:18.750845+00:00,device-48,switch,branch-chicago,35.99,25.38,13.94,0.0856,11.84,0.00382,45.1,healthy,0,0
2026-03-16T08:37:18.750845+00:00,device-46,firewall,branch-chicago,30.13,66.05,7.69,0.0545,32.99,0.00404,48.1,healthy,0,0
2026-03-20T12:33:18.750845+00:00,device-07,server,branch-losangeles,56.78,59.86,20.25,0.2276,56.23,0.00115,39.8,healthy,0,0
2026-03-13T09:55:18.750845+00:00,device-15,firewall,branch-losangeles,10.03,26.62,19.13,0.0003,44.48,0.00251,43.5,healthy,0,0
2026-03-17T17:48:18.750845+00:00,device-45,server,branch-newyork,40.48,97.79,280.97,1.6418,66.6,0.05186,61.8,memory_exhaustion,2,1
2026-03-13T07:39:18.750845+00:00,device-44,load_balancer,branch-chicago,40.24,44.99,5.81,0.1031,64.49,0.00218,31.1,healthy,0,0
2026-03-20T22:50:18.750845+00:00,device-13,switch,branch-losangeles,36.22,56.69,1109.99,22.1295,39.62,0.0543,51.0,packet_loss,3,1
2026-03-21T04:03:18.750845+00:00,device-36,server,branch-newyork,24.64,52.17,21.45,0.1442,45.79,0.00094,42.9,healthy,0,0
2026-03-14T10:19:18.750845+00:00,device-03,load_balancer,datacenter-central,91.32,87.94,4191.49,43.7767,97.78,0.29516,74.1,ddos_attack,5,1
2026-03-17T06:05:18.750845+00:00,device-40,switch,datacenter-central,25.26,55.73,8.43,0.29,17.84,0.00365,33.1,healthy,0,0
2026-03-12T10:17:18.750845+00:00,device-08,router,branch-chicago,8.28,21.6,30.51,0.0511,29.0,0.00494,46.9,healthy,0,0
2026-03-17T15:07:18.750845+00:00,device-28,switch,datacenter-central,8.66,24.64,10.8,0.035,7.38,0.00272,31.4,healthy,0,0
2026-03-12T02:31:18.750845+00:00,device-26,firewall,branch-newyork,36.84,69.47,19.6,0.1547,9.34,0.00499,47.1,healthy,0,0
2026-03-22T12:39:18.750845+00:00,device-19,server,datacenter-east,48.98,69.0,15.1,0.2161,44.88,0.0006,35.1,healthy,0,0
2026-03-13T06:21:18.750845+00:00,device-32,server,datacenter-central,18.58,42.53,32.49,0.0398,23.57,0.00034,30.8,healthy,0,0
2026-03-13T15:18:18.750845+00:00,device-42,router,branch-newyork,92.97,68.18,257.83,2.4521,82.5,0.03073,62.5,high_cpu,1,1
2026-03-13T23:19:18.750845+00:00,device-19,router,datacenter-west,12.86,23.08,22.46,0.2745,48.13,0.00208,41.3,healthy,0,0
2026-03-21T22:05:18.750845+00:00,device-50,switch,branch-chicago,27.06,63.51,21.2,0.0196,40.34,0.00375,30.7,healthy,0,0
2026-03-22T20:37:18.750845+00:00,device-42,server,branch-newyork,55.65,27.64,3.47,0.0245,37.09,0.00339,30.5,healthy,0,0
2026-03-15T06:09:18.750845+00:00,device-10,switch,datacenter-east,58.56,59.09,21.73,0.1198,44.11,0.00474,38.7,healthy,0,0
2026-03-15T22:09:18.750845+00:00,device-40,switch,branch-losangeles,28.75,45.38,1562.71,12.3986,54.82,0.20669,48.2,packet_loss,3,1
2026-03-21T06:02:18.750845+00:00,device-11,server,datacenter-west,95.65,73.55,218.82,0.948,85.41,0.02635,62.8,high_cpu,1,1
2026-03-17T05:14:18.750845+00:00,device-21,switch,branch-newyork,23.87,56.37,1659.0,23.2789,67.12,0.14718,41.9,packet_loss,3,1
2026-03-19T11:41:18.750845+00:00,device-11,router,branch-losangeles,7.47,27.04,21.55,0.1616,36.6,0.00377,33.5,healthy,0,0
2026-03-13T07:37:18.750845+00:00,device-42,load_balancer,datacenter-west,41.59,38.58,10.14,0.0162,34.45,0.00407,31.2,healthy,0,0
2026-03-14T15:33:18.750845+00:00,device-31,switch,branch-newyork,32.88,42.26,16.11,0.0019,41.84,0.00015,30.9,healthy,0,0
2026-03-13T17:27:18.750845+00:00,device-10,firewall,datacenter-east,96.93,98.52,3311.46,35.7443,96.06,0.30459,67.8,ddos_attack,5,1
2026-03-22T01:41:18.750845+00:00,device-19,load_balancer,datacenter-west,41.59,56.58,26.89,0.2855,48.43,0.00234,38.3,healthy,0,0
2026-03-19T20:19:18.750845+00:00,device-11,server,branch-losangeles,29.66,14.02,15.92,0.1929,8.31,0.00151,31.2,healthy,0,0
2026-03-18T05:27:18.750845+00:00,device-10,switch,datacenter-central,16.15,56.14,30.59,0.0738,34.96,0.00457,41.3,healthy,0,0
2026-03-13T17:55:18.750845+00:00,device-35,router,datacenter-central,38.78,27.73,27.31,0.1226,30.1,0.00185,31.2,healthy,0,0
2026-03-15T04:07:18.750845+00:00,device-50,switch,datacenter-east,63.96,42.48,2.81,0.1014,51.16,0.00252,30.6,healthy,0,0
2026-03-19T02:35:18.750845+00:00,device-36,server,branch-newyork,50.66,32.9,23.7,0.0321,30.7,0.00065,46.4,healthy,0,0
2026-03-13T05:19:18.750845+00:00,device-26,router,datacenter-east,93.3,83.49,275.45,1.1536,83.24,0.04354,75.5,high_cpu,1,1
2026-03-21T06:27:18.750845+00:00,device-07,server,datacenter-central,6.48,24.38,40.39,0.0475,32.25,0.00176,33.8,healthy,0,0
2026-03-14T00:55:18.750845+00:00,device-16,router,branch-newyork,36.1,13.04,7.91,0.2621,21.56,0.00432,32.0,healthy,0,0
2026-03-19T20:56:18.750845+00:00,device-35,router,datacenter-west,87.02,73.52,175.42,1.38,71.72,0.04744,75.3,high_cpu,1,1
2026-03-22T02:29:18.750845+00:00,device-10,firewall,datacenter-west,26.65,60.95,20.24,0.0504,35.68,0.00303,41.1,healthy,0,0
2026-03-17T10:09:18.750845+00:00,device-06,switch,datacenter-west,56.54,63.03,44.28,0.2769,41.01,0.00021,38.3,healthy,0,0
2026-03-15T12:45:18.750845+00:00,device-37,router,datacenter-east,23.16,41.34,35.27,0.2318,30.79,0.00067,35.7,healthy,0,0
2026-03-19T17:41:18.750845+00:00,device-27,router,datacenter-central,16.85,46.99,36.94,0.2145,44.13,0.00181,35.4,healthy,0,0
2026-03-15T15:19:18.750845+00:00,device-27,switch,branch-losangeles,41.7,10.82,44.97,0.1272,38.53,0.00204,31.8,healthy,0,0
2026-03-17T20:33:18.750845+00:00,device-48,switch,branch-newyork,18.24,59.1,35.63,0.199,38.84,0.00189,47.3,healthy,0,0
2026-03-19T20:23:18.750845+00:00,device-20,load_balancer,branch-chicago,41.6,65.12,25.09,0.0866,20.55,0.0041,32.4,healthy,0,0
2026-03-13T02:31:18.750845+00:00,device-08,load_balancer,branch-chicago,57.16,22.59,28.62,0.2634,32.79,0.00272,30.3,healthy,0,0
2026-03-21T18:29:18.750845+00:00,device-27,switch,branch-newyork,20.9,40.72,35.86,0.2581,28.54,0.00031,47.3,healthy,0,0
2026-03-12T12:19:18.750845+00:00,device-36,load_balancer,datacenter-central,41.5,40.03,32.94,0.2257,47.09,0.0013,35.1,healthy,0,0
2026-03-15T22:33:18.750845+00:00,device-32,firewall,datacenter-west,45.32,11.31,31.93,0.2869,15.33,0.00489,41.2,healthy,0,0
2026-03-24T20:25:18.750845+00:00,device-12,load_balancer,datacenter-central,92.65,83.46,4687.95,42.9871,97.09,0.45774,69.0,ddos_attack,5,1
2026-03-17T11:07:18.750845+00:00,device-16,load_balancer,branch-losangeles,21.89,62.3,13.21,0.2409,62.45,0.00453,46.5,healthy,0,0
2026-03-15T05:01:18.750845+00:00,device-09,load_balancer,datacenter-west,31.21,13.86,37.09,0.0252,59.13,0.00263,46.8,healthy,0,0
2026-03-15T21:15:18.750845+00:00,device-44,server,branch-newyork,18.74,30.19,32.83,0.0465,6.34,0.00356,31.0,healthy,0,0
2026-03-15T05:19:18.750845+00:00,device-21,switch,branch-losangeles,36.54,28.23,37.82,0.2228,45.07,0.00405,36.1,healthy,0,0
2026-03-14T03:17:18.750845+00:00,device-49,load_balancer,branch-chicago,97.7,93.06,2533.42,30.9439,96.61,0.45408,71.1,ddos_attack,5,1
2026-03-16T16:23:18.750845+00:00,device-18,switch,branch-newyork,39.75,12.96,9.92,0.2661,19.83,0.00195,48.7,healthy,0,0
2026-03-20T14:39:18.750845+00:00,device-01,load_balancer,branch-chicago,52.73,37.56,37.97,0.0569,50.9,0.00114,31.2,healthy,0,0
2026-03-21T17:37:18.750845+00:00,device-49,firewall,datacenter-east,22.39,57.38,5.35,0.0022,30.31,0.00164,38.5,healthy,0,0
2026-03-12T05:23:18.750845+00:00,device-34,server,datacenter-west,51.71,34.57,29.07,0.0522,21.99,0.00164,43.8,healthy,0,0
2026-03-15T17:13:18.750845+00:00,device-33,load_balancer,branch-losangeles,54.56,64.36,32.44,0.2094,5.69,0.00252,43.6,healthy,0,0
2026-03-21T10:17:18.750845+00:00,device-19,switch,datacenter-west,36.95,63.48,3.0,0.0408,9.43,0.00215,38.6,healthy,0,0
2026-03-12T17:15:18.750845+00:00,device-17,firewall,datacenter-east,51.55,27.23,4.51,0.0771,11.52,0.00364,43.3,healthy,0,0
2026-03-14T22:27:18.750845+00:00,device-21,load_balancer,datacenter-east,35.49,49.87,31.81,0.051,8.36,0.0042,38.7,healthy,0,0
2026-03-15T06:55:18.750845+00:00,device-42,router,datacenter-east,60.7,19.61,39.55,0.144,49.39,0.0037,46.9,healthy,0,0
2026-03-14T18:13:18.750845+00:00,device-02,firewall,datacenter-central,26.09,35.43,36.32,0.0482,38.93,0.00309,39.1,healthy,0,0
2026-03-20T13:54:18.750845+00:00,device-28,firewall,branch-losangeles,96.76,93.03,2293.03,52.5412,96.04,0.58151,69.9,ddos_attack,5,1
2026-03-24T01:44:18.750845+00:00,device-11,router,branch-chicago,89.07,81.08,2274.27,29.4348,73.83,0.27641,70.1,bgp_flapping,4,1
2026-03-12T20:31:18.750845+00:00,device-45,firewall,branch-chicago,49.77,27.25,8.5,0.1658,57.85,0.00483,49.9,healthy,0,0
2026-03-20T00:02:18.750845+00:00,device-41,switch,datacenter-central,41.29,89.57,192.04,7.8888,66.0,0.04375,57.9,memory_exhaustion,2,1
2026-03-21T17:05:18.750845+00:00,device-47,switch,datacenter-west,39.19,21.63,526.34,27.6698,35.99,0.28262,52.3,packet_loss,3,1
2026-03-12T11:05:18.750845+00:00,device-32,server,branch-newyork,34.48,38.98,8.22,0.2756,53.18,0.00114,46.4,healthy,0,0
2026-03-15T16:35:18.750845+00:00,device-39,router,branch-chicago,9.36,46.49,8.94,0.2406,15.09,0.00269,36.5,healthy,0,0
2026-03-13T01:35:18.750845+00:00,device-43,switch,datacenter-central,46.82,25.5,11.32,0.0986,24.4,0.00358,44.5,healthy,0,0
2026-03-16T22:54:18.750845+00:00,device-06,router,datacenter-east,70.31,79.55,2037.15,23.6301,66.17,0.32094,60.1,bgp_flapping,4,1
2026-03-18T15:17:18.750845+00:00,device-14,server,datacenter-central,16.82,55.84,1.02,0.1371,55.35,0.00134,33.4,healthy,0,0
2026-03-20T03:53:18.750845+00:00,device-05,server,branch-losangeles,46.7,68.27,33.28,0.1138,15.5,0.00187,42.3,healthy,0,0
2026-03-23T17:07:18.750845+00:00,device-36,server,branch-newyork,98.12,71.37,172.14,2.8487,79.0,0.04074,79.0,high_cpu,1,1
2026-03-13T08:20:18.750845+00:00,device-31,firewall,branch-newyork,98.27,85.51,2899.68,32.9059,99.01,0.72511,77.7,ddos_attack,5,1
2026-03-23T04:05:18.750845+00:00,device-18,switch,branch-chicago,18.76,36.44,7.93,0.12,18.57,0.00474,43.3,healthy,0,0
2026-03-17T16:57:18.750845+00:00,device-49,switch,datacenter-central,49.83,58.47,11.8,0.0574,43.66,0.00439,42.0,healthy,0,0
2026-03-18T08:47:18.750845+00:00,device-09,router,branch-chicago,15.49,38.47,21.67,0.1509,28.38,0.00375,40.1,healthy,0,0
2026-03-22T01:05:18.750845+00:00,device-02,switch,branch-newyork,42.33,66.37,13.09,0.1593,18.39,0.0,44.4,healthy,0,0
2026-03-25T02:45:18.750845+00:00,device-30,router,branch-newyork,72.52,86.44,2587.42,27.7967,89.79,0.22335,70.2,bgp_flapping,4,1
2026-03-21T23:03:18.750845+00:00,device-46,server,branch-losangeles,27.32,23.96,43.27,0.2024,50.21,0.00216,43.2,healthy,0,0
2026-03-18T08:51:18.750845+00:00,device-42,switch,datacenter-east,48.03,37.97,42.63,0.1184,47.51,0.00036,30.7,healthy,0,0
2026-03-12T12:13:18.750845+00:00,device-34,load_balancer,branch-chicago,93.26,83.28,3660.46,57.4975,99.89,0.5926,82.8,ddos_attack,5,1
2026-03-12T05:21:18.750845+00:00,device-38,load_balancer,datacenter-central,35.98,32.86,1.7,0.2078,21.34,0.00126,35.9,healthy,0,0
2026-03-21T20:07:18.750845+00:00,device-08,switch,branch-chicago,26.13,47.21,1661.69,15.6648,67.76,0.19417,36.3,packet_loss,3,1
2026-03-16T01:11:18.750845+00:00,device-38,switch,branch-chicago,7.32,47.06,37.84,0.0277,50.03,0.00092,34.6,healthy,0,0
2026-03-13T14:04:18.750845+00:00,device-41,server,datacenter-central,43.27,91.26,205.35,3.6786,68.23,0.02526,71.1,memory_exhaustion,2,1
2026-03-12T12:59:18.750845+00:00,device-34,load_balancer,datacenter-central,15.5,17.0,21.04,0.2918,19.99,0.00086,38.4,healthy,0,0
2026-03-12T16:19:18.750845+00:00,device-47,load_balancer,branch-newyork,14.82,11.31,11.01,0.2422,47.97,0.0016,46.6,healthy,0,0
2026-03-18T21:07:18.750845+00:00,device-27,server,datacenter-west,47.67,56.09,12.03,0.015,43.61,0.0012,33.6,healthy,0,0
2026-03-14T05:35:18.750845+00:00,device-41,switch,datacenter-east,49.48,16.77,42.19,0.0106,47.74,0.00221,39.6,healthy,0,0
2026-03-25T20:13:18.750845+00:00,device-38,firewall,branch-newyork,96.93,91.26,3516.52,26.2555,97.05,0.38368,83.5,ddos_attack,5,1
2026-03-21T14:47:18.750845+00:00,device-07,firewall,branch-losangeles,39.71,53.63,10.81,0.1586,56.14,0.00175,37.9,healthy,0,0
2026-03-14T20:15:18.750845+00:00,device-47,switch,datacenter-west,9.58,25.53,13.24,0.2395,60.64,0.0005,39.8,healthy,0,0
2026-03-18T08:13:18.750845+00:00,device-33,firewall,branch-newyork,49.16,66.12,14.55,0.233,14.71,0.0005,36.6,healthy,0,0
2026-03-15T22:57:18.750845+00:00,device-33,firewall,datacenter-central,90.39,95.91,1862.59,41.6138,96.71,0.58787,78.3,ddos_attack,5,1
2026-03-16T15:31:18.750845+00:00,device-02,load_balancer,datacenter-east,13.25,39.88,20.31,0.2676,13.6,0.00111,37.1,healthy,0,0
2026-03-13T02:39:18.750845+00:00,device-01,router,datacenter-central,29.53,50.88,30.58,0.1159,19.64,0.00478,31.4,healthy,0,0
2026-03-22T06:03:18.750845+00:00,device-06,switch,datacenter-west,40.03,34.23,10.61,0.051,35.06,0.00388,30.6,healthy,0,0
2026-03-21T10:15:18.750845+00:00,device-37,load_balancer,branch-losangeles,24.17,12.02,33.78,0.2157,13.37,0.00076,36.8,healthy,0,0
2026-03-15T05:31:18.750845+00:00,device-02,firewall,branch-losangeles,27.26,63.1,21.46,0.2441,6.71,0.00423,44.9,healthy,0,0
2026-03-13T19:37:18.750845+00:00,device-10,server,datacenter-central,88.97,81.86,172.1,0.5808,75.5,0.03036,71.9,high_cpu,1,1
2026-03-13T07:31:18.750845+00:00,device-44,firewall,branch-losangeles,11.55,58.09,41.88,0.2254,61.21,0.00393,46.4,healthy,0,0
2026-03-14T07:03:18.750845+00:00,device-02,server,branch-chicago,59.51,61.67,4.51,0.0908,21.09,0.00081,39.7,healthy,0,0
2026-03-20T16:05:18.750845+00:00,device-20,firewall,branch-losangeles,61.23,10.61,15.86,0.2606,10.21,0.0044,41.9,healthy,0,0
2026-03-22T20:09:18.750845+00:00,device-25,router,branch-newyork,59.14,49.2,44.62,0.0214,53.59,0.00344,38.8,healthy,0,0
2026-03-23T02:43:18.750845+00:00,device-48,server,datacenter-central,58.61,51.62,13.67,0.1099,56.75,0.00441,47.6,healthy,0,0
2026-03-18T03:33:18.750845+00:00,device-46,server,datacenter-east,11.73,53.04,1.94,0.2949,24.85,0.00449,42.4,healthy,0,0
2026-03-16T18:19:18.750845+00:00,device-43,load_balancer,branch-losangeles,35.06,37.07,13.2,0.1366,26.03,0.00313,42.8,healthy,0,0
2026-03-19T03:49:18.750845+00:00,device-45,firewall,branch-newyork,49.71,49.38,29.29,0.1854,9.22,0.00334,31.3,healthy,0,0
2026-03-20T17:09:18.750845+00:00,device-47,load_balancer,datacenter-central,25.61,48.43,2.69,0.0701,19.28,0.00139,30.5,healthy,0,0
2026-03-16T06:41:18.750845+00:00,device-14,load_balancer,datacenter-east,31.12,47.32,27.49,0.154,54.61,0.00172,39.1,healthy,0,0
2026-03-16T19:09:18.750845+00:00,device-40,router,branch-newyork,6.8,11.34,16.5,0.2077,13.19,0.00104,30.9,healthy,0,0
2026-03-13T12:35:18.750845+00:00,device-42,server,branch-losangeles,6.07,53.5,23.5,0.1981,15.28,0.00163,36.5,healthy,0,0
2026-03-23T00:51:18.750845+00:00,device-25,switch,datacenter-west,27.11,69.22,35.82,0.1809,45.66,0.00485,34.0,healthy,0,0
2026-03-14T03:25:18.750845+00:00,device-05,server,datacenter-central,25.74,36.47,13.77,0.22,54.29,0.00408,49.1,healthy,0,0
2026-03-21T22:25:18.750845+00:00,device-36,router,branch-losangeles,6.14,45.41,38.05,0.2068,31.99,0.00134,45.6,healthy,0,0
2026-03-15T19:49:18.750845+00:00,device-46,server,datacenter-west,47.37,11.69,36.71,0.1606,58.14,0.00389,45.5,healthy,0,0
2026-03-20T11:17:18.750845+00:00,device-02,load_balancer,datacenter-east,5.44,27.91,2.4,0.0218,31.37,0.00485,36.3,healthy,0,0
2026-03-22T10:07:18.750845+00:00,device-40,firewall,branch-newyork,36.22,33.61,18.16,0.1392,21.0,0.0008,48.9,healthy,0,0
2026-03-13T01:53:18.750845+00:00,device-10,server,branch-losangeles,58.56,37.99,36.1,0.1141,47.56,0.00455,43.9,healthy,0,0
2026-03-15T16:15:18.750845+00:00,device-49,load_balancer,branch-newyork,42.49,68.69,3.2,0.1777,10.38,0.00202,39.2,healthy,0,0
2026-03-19T22:45:18.750845+00:00,device-06,firewall,branch-newyork,20.03,69.77,29.96,0.1816,44.51,0.00347,43.1,healthy,0,0
2026-03-13T20:02:18.750845+00:00,device-25,server,branch-chicago,59.03,92.06,400.37,3.5906,58.06,0.04422,59.6,memory_exhaustion,2,1
2026-03-22T06:22:18.750845+00:00,device-45,router,branch-losangeles,90.41,62.1,1658.95,23.658,70.17,0.16855,65.8,bgp_flapping,4,1
2026-03-13T15:19:18.750845+00:00,device-46,firewall,branch-chicago,58.01,26.4,31.94,0.1696,63.53,0.00395,47.8,healthy,0,0
2026-03-12T20:12:18.750845+00:00,device-20,load_balancer,branch-chicago,90.77,98.76,2725.12,44.5803,96.0,0.58034,68.6,ddos_attack,5,1
2026-03-21T07:53:18.750845+00:00,device-10,load_balancer,datacenter-central,24.99,66.84,20.29,0.1123,33.0,0.0006,37.4,healthy,0,0
2026-03-14T15:07:18.750845+00:00,device-29,switch,datacenter-east,51.7,35.82,28.2,0.2476,9.87,0.00455,49.3,healthy,0,0
2026-03-18T18:47:18.750845+00:00,device-03,load_balancer,branch-chicago,31.14,37.38,21.57,0.1014,18.33,0.00373,41.2,healthy,0,0
2026-03-20T00:45:18.750845+00:00,device-40,router,branch-chicago,26.44,41.92,30.38,0.1026,40.83,0.00228,36.5,healthy,0,0
2026-03-18T02:13:18.750845+00:00,device-26,switch,branch-losangeles,44.93,28.25,25.96,0.0911,58.76,0.0038,31.5,healthy,0,0
2026-03-17T14:47:18.750845+00:00,device-31,server,datacenter-central,62.76,44.64,27.75,0.1315,30.82,0.00137,42.6,healthy,0,0
2026-03-21T06:31:18.750845+00:00,device-34,load_balancer,datacenter-east,40.79,46.85,17.79,0.0774,29.93,0.00374,39.9,healthy,0,0
2026-03-15T01:31:18.750845+00:00,device-19,router,branch-newyork,25.62,21.52,41.2,0.1976,50.14,0.00321,38.1,healthy,0,0
2026-03-22T16:17:18.750845+00:00,device-48,switch,datacenter-west,27.56,48.29,13.33,0.0261,25.83,0.00171,33.9,healthy,0,0
2026-03-13T07:12:18.750845+00:00,device-44,firewall,branch-chicago,94.71,92.38,4099.3,42.0595,99.07,0.53545,66.1,ddos_attack,5,1
2026-03-21T23:13:18.750845+00:00,device-21,server,datacenter-central,93.47,63.88,273.7,1.626,76.39,0.04062,64.3,high_cpu,1,1
2026-03-19T13:51:18.750845+00:00,device-17,firewall,datacenter-east,47.38,17.74,34.39,0.1979,9.06,0.00228,35.2,healthy,0,0
2026-03-16T10:19:18.750845+00:00,device-04,router,datacenter-central,6.2,56.58,7.01,0.1201,33.49,0.00479,35.4,healthy,0,0
2026-03-16T13:22:18.750845+00:00,device-14,firewall,branch-losangeles,92.94,91.21,2954.33,58.0614,99.34,0.65974,72.1,ddos_attack,5,1
2026-03-23T03:01:18.750845+00:00,device-22,router,datacenter-east,64.61,60.51,42.46,0.1575,10.02,0.00382,38.6,healthy,0,0
2026-03-13T11:37:18.750845+00:00,device-23,router,datacenter-central,10.31,51.22,13.61,0.1028,18.0,0.00301,32.3,healthy,0,0
2026-03-14T06:59:18.750845+00:00,device-49,firewall,branch-chicago,12.16,29.81,43.9,0.0926,45.01,0.00362,42.9,healthy,0,0
2026-03-19T15:06:18.750845+00:00,device-11,router,datacenter-central,88.42,89.23,2433.19,20.5365,93.41,0.3778,71.5,bgp_flapping,4,1
2026-03-18T01:47:18.750845+00:00,device-03,router,datacenter-east,40.67,14.99,11.38,0.1197,54.81,0.00236,32.7,healthy,0,0
2026-03-20T08:45:18.750845+00:00,device-22,firewall,datacenter-east,6.02,22.12,36.06,0.1605,27.43,0.00207,46.5,healthy,0,0
2026-03-14T21:37:18.750845+00:00,device-29,load_balancer,branch-losangeles,34.56,19.59,42.6,0.1307,19.76,0.00215,45.1,healthy,0,0
2026-03-22T01:19:18.750845+00:00,device-49,switch,branch-newyork,45.35,69.34,6.72,0.2121,35.95,0.00294,48.4,healthy,0,0
2026-03-19T16:29:18.750845+00:00,device-42,load_balancer,branch-chicago,58.05,13.99,38.4,0.0893,30.13,0.00437,36.5,healthy,0,0
2026-03-17T07:29:18.750845+00:00,device-39,switch,branch-newyork,18.36,61.26,24.86,0.0341,28.56,0.00123,40.6,healthy,0,0
2026-03-19T23:23:18.750845+00:00,device-42,server,datacenter-central,50.97,40.04,19.09,0.2117,24.01,0.00117,44.3,healthy,0,0
2026-03-23T00:27:18.750845+00:00,device-17,load_balancer,branch-losangeles,17.39,65.56,8.47,0.287,12.51,0.00152,32.5,healthy,0,0
2026-03-12T07:21:18.750845+00:00,device-32,load_balancer,datacenter-east,47.19,35.47,37.99,0.1401,57.53,0.00289,48.8,healthy,0,0
2026-03-22T07:07:18.750845+00:00,device-35,server,branch-newyork,32.44,11.35,1.94,0.2131,50.16,0.00198,49.7,healthy,0,0
2026-03-14T10:53:18.750845+00:00,device-23,switch,datacenter-west,13.67,65.83,8.18,0.0517,18.79,0.00241,49.5,healthy,0,0
2026-03-20T18:15:18.750845+00:00,device-39,load_balancer,datacenter-east,19.73,36.23,29.59,0.1002,38.1,0.00099,44.9,healthy,0,0
2026-03-22T15:41:18.750845+00:00,device-46,switch,datacenter-east,31.24,46.82,12.43,0.0354,63.2,0.00185,40.1,healthy,0,0
2026-03-23T15:23:18.750845+00:00,device-12,switch,datacenter-west,50.63,96.05,388.85,1.2958,79.31,0.05535,62.8,memory_exhaustion,2,1
2026-03-21T01:33:18.750845+00:00,device-41,firewall,branch-newyork,16.55,15.81,32.94,0.2817,22.85,0.00064,42.9,healthy,0,0
2026-03-18T16:17:18.750845+00:00,device-31,server,datacenter-central,54.79,58.8,40.05,0.1355,33.16,0.00151,39.2,healthy,0,0
2026-03-17T06:35:18.750845+00:00,device-10,router,branch-chicago,39.03,26.59,21.51,0.1977,14.84,0.00299,34.3,healthy,0,0
2026-03-17T05:57:18.750845+00:00,device-21,switch,datacenter-west,47.19,14.07,17.09,0.0309,36.96,0.0029,43.7,healthy,0,0
2026-03-18T12:23:18.750845+00:00,device-49,load_balancer,branch-newyork,15.46,17.27,41.73,0.0455,57.04,0.00264,38.2,healthy,0,0
2026-03-19T23:13:18.750845+00:00,device-02,server,datacenter-east,52.37,28.7,4.04,0.2257,13.87,0.00254,32.9,healthy,0,0
2026-03-15T21:23:18.750845+00:00,device-29,load_balancer,branch-losangeles,50.71,28.69,38.95,0.0114,61.63,0.00429,35.4,healthy,0,0
2026-03-24T01:01:18.750845+00:00,device-05,server,branch-losangeles,87.02,70.89,164.15,2.9915,72.83,0.01502,69.7,high_cpu,1,1
2026-03-17T09:15:18.750845+00:00,device-40,switch,datacenter-central,7.4,59.03,23.46,0.2502,40.39,0.0004,49.8,healthy,0,0
2026-03-12T18:25:18.750845+00:00,device-42,router,branch-chicago,44.9,24.15,1312.13,18.0354,37.3,0.1884,52.7,packet_loss,3,1
2026-03-20T18:13:18.750845+00:00,device-11,server,datacenter-central,38.26,51.19,3.07,0.2769,33.87,0.00435,30.5,healthy,0,0
2026-03-22T20:46:18.750845+00:00,device-18,router,branch-newyork,74.83,83.9,2735.12,19.5078,73.27,0.49306,67.3,bgp_flapping,4,1
2026-03-20T17:57:18.750845+00:00,device-46,load_balancer,branch-newyork,64.78,66.28,29.34,0.1811,15.23,0.00464,49.1,healthy,0,0
2026-03-21T21:47:18.750845+00:00,device-24,server,datacenter-west,57.14,63.24,26.33,0.0008,23.33,0.00325,47.4,healthy,0,0
2026-03-16T04:49:18.750845+00:00,device-40,server,branch-losangeles,31.15,62.9,1.09,0.1097,32.32,0.00012,30.2,healthy,0,0
2026-03-15T14:59:18.750845+00:00,device-31,switch,datacenter-west,40.69,28.56,30.69,0.2135,29.43,0.00497,30.2,healthy,0,0
2026-03-14T13:43:18.750845+00:00,device-47,server,datacenter-east,64.47,15.09,39.83,0.184,24.16,0.00023,43.9,healthy,0,0
2026-03-15T10:47:18.750845+00:00,device-32,switch,datacenter-east,31.13,50.52,20.81,0.2827,57.95,0.0001,30.1,healthy,0,0
2026-03-13T08:49:18.750845+00:00,device-38,switch,datacenter-west,59.15,21.73,28.07,0.2242,12.21,0.00365,34.1,healthy,0,0
2026-03-14T16:43:18.750845+00:00,device-24,firewall,datacenter-west,62.72,21.06,5.09,0.2361,20.56,0.00346,33.7,healthy,0,0
2026-03-13T15:57:18.750845+00:00,device-46,firewall,branch-newyork,7.83,24.41,28.3,0.1303,28.1,0.00104,49.4,healthy,0,0
2026-03-14T09:13:18.750845+00:00,device-43,firewall,datacenter-central,8.43,37.6,34.07,0.088,52.79,0.00356,46.8,healthy,0,0
2026-03-17T11:21:18.750845+00:00,device-37,switch,datacenter-central,23.82,43.93,12.66,0.275,28.14,0.00495,34.8,healthy,0,0
2026-03-22T13:33:18.750845+00:00,device-27,load_balancer,datacenter-east,40.57,66.9,15.86,0.057,54.14,0.0032,31.9,healthy,0,0
2026-03-12T13:13:18.750845+00:00,device-01,server,datacenter-east,10.12,43.51,23.68,0.0291,11.33,0.00021,31.6,healthy,0,0
2026-03-15T23:09:18.750845+00:00,device-03,router,branch-newyork,25.01,62.7,11.61,0.1638,34.66,0.0047,38.3,healthy,0,0
2026-03-15T13:59:18.750845+00:00,device-14,load_balancer,branch-chicago,19.94,61.72,11.53,0.1805,59.68,0.00022,35.2,healthy,0,0
2026-03-18T12:45:18.750845+00:00,device-24,firewall,datacenter-east,38.66,64.45,21.6,0.0066,60.1,0.00323,44.3,healthy,0,0
2026-03-12T03:25:18.750845+00:00,device-11,load_balancer,branch-newyork,50.72,31.51,12.52,0.089,42.4,0.00451,31.3,healthy,0,0
2026-03-17T07:47:18.750845+00:00,device-15,switch,datacenter-west,22.14,29.73,4.16,0.1293,63.3,0.00062,45.1,healthy,0,0
2026-03-15T10:21:18.750845+00:00,device-40,server,datacenter-west,33.73,17.32,11.51,0.2741,19.66,0.00332,35.8,healthy,0,0
2026-03-14T05:39:18.750845+00:00,device-33,router,branch-chicago,75.46,87.25,1203.17,30.6638,63.91,0.24111,68.5,bgp_flapping,4,1
2026-03-22T10:23:18.750845+00:00,device-10,server,datacenter-west,57.35,37.16,32.51,0.2035,6.52,0.00197,39.4,healthy,0,0
2026-03-22T01:35:18.750845+00:00,device-16,router,datacenter-east,45.75,55.34,14.18,0.2682,53.13,0.00063,33.3,healthy,0,0
2026-03-17T09:13:18.750845+00:00,device-33,switch,branch-losangeles,64.96,31.12,34.63,0.2314,18.51,0.00465,32.5,healthy,0,0
2026-03-17T04:59:18.750845+00:00,device-27,switch,branch-chicago,29.29,35.82,14.87,0.2827,23.68,0.00444,34.8,healthy,0,0
2026-03-21T11:19:18.750845+00:00,device-47,load_balancer,datacenter-east,12.29,21.87,35.29,0.2336,63.84,0.00416,37.9,healthy,0,0
2026-03-14T20:49:18.750845+00:00,device-30,load_balancer,branch-chicago,34.39,52.64,39.91,0.1669,6.62,0.00226,38.2,healthy,0,0
2026-03-16T11:43:18.750845+00:00,device-02,load_balancer,branch-newyork,11.47,45.73,44.96,0.2702,5.61,0.00236,37.3,healthy,0,0
2026-03-15T21:11:18.750845+00:00,device-19,load_balancer,datacenter-west,23.81,60.45,24.03,0.2347,46.93,0.00072,31.8,healthy,0,0
2026-03-16T13:38:18.750845+00:00,device-45,server,branch-newyork,93.22,71.25,233.33,1.29,71.4,0.04805,67.2,high_cpu,1,1
2026-03-19T03:53:18.750845+00:00,device-14,router,datacenter-east,16.83,21.37,21.63,0.0729,62.85,0.00485,48.5,healthy,0,0
2026-03-23T00:47:18.750845+00:00,device-49,firewall,datacenter-central,25.0,61.53,16.37,0.1192,63.23,7e-05,34.5,healthy,0,0
2026-03-19T03:07:18.750845+00:00,device-47,firewall,datacenter-east,11.64,55.18,21.07,0.2523,48.8,0.00346,48.5,healthy,0,0
2026-03-20T03:28:18.750845+00:00,device-14,server,branch-losangeles,98.96,78.26,269.66,1.0623,83.49,0.03668,74.5,high_cpu,1,1
2026-03-15T16:09:18.750845+00:00,device-05,firewall,branch-chicago,34.19,45.06,34.8,0.1911,21.35,0.00462,45.8,healthy,0,0
2026-03-18T02:43:18.750845+00:00,device-05,switch,datacenter-central,30.28,51.74,41.01,0.0079,13.5,0.00449,33.8,healthy,0,0
2026-03-18T11:03:18.750845+00:00,device-32,load_balancer,branch-chicago,62.02,65.99,2.38,0.0667,40.21,0.00139,46.4,healthy,0,0
2026-03-24T16:52:18.750845+00:00,device-16,router,datacenter-central,94.08,63.54,2383.97,23.4327,65.79,0.19709,59.7,bgp_flapping,4,1
2026-03-14T18:41:18.750845+00:00,device-25,switch,branch-newyork,8.35,46.37,16.66,0.2496,35.32,0.00307,38.3,healthy,0,0
2026-03-19T06:09:18.750845+00:00,device-03,firewall,datacenter-east,55.0,25.57,32.5,0.1788,41.13,0.00196,36.9,healthy,0,0
2026-03-15T06:47:18.750845+00:00,device-24,server,branch-chicago,31.72,33.2,13.21,0.1624,48.36,0.00335,38.8,healthy,0,0
2026-03-19T18:13:18.750845+00:00,device-36,switch,branch-chicago,26.44,45.43,28.45,0.0247,5.3,0.00032,45.2,healthy,0,0
2026-03-13T22:35:18.750845+00:00,device-47,switch,branch-losangeles,57.06,42.13,12.05,0.0086,21.69,0.00381,46.0,healthy,0,0
2026-03-18T10:30:18.750845+00:00,device-19,server,branch-losangeles,88.85,81.34,237.42,0.7289,75.04,0.03687,60.4,high_cpu,1,1
2026-03-19T07:51:18.750845+00:00,device-26,firewall,datacenter-central,22.9,46.86,15.12,0.0626,17.55,0.00427,39.7,healthy,0,0
2026-03-13T06:19:18.750845+00:00,device-34,server,branch-losangeles,42.11,45.32,9.17,0.0919,63.76,0.00092,34.7,healthy,0,0
2026-03-14T22:23:18.750845+00:00,device-44,switch,datacenter-east,51.61,65.66,28.71,0.2085,50.95,0.00377,30.1,healthy,0,0
2026-03-12T11:59:18.750845+00:00,device-33,router,branch-losangeles,64.38,41.96,28.29,0.1351,13.65,0.00201,40.1,healthy,0,0
2026-03-20T14:05:18.750845+00:00,device-39,firewall,datacenter-central,46.0,21.16,33.96,0.2298,7.03,0.0014,48.4,healthy,0,0
2026-03-23T20:06:18.750845+00:00,device-30,firewall,branch-losangeles,92.93,98.01,1193.21,37.992,97.89,0.78358,81.7,ddos_attack,5,1
2026-03-21T17:23:18.750845+00:00,device-24,router,branch-losangeles,53.91,44.09,1268.05,34.8493,42.86,0.11681,39.1,packet_loss,3,1
2026-03-21T22:56:18.750845+00:00,device-01,router,datacenter-central,97.87,73.56,269.08,2.396,80.74,0.04105,67.3,high_cpu,1,1
2026-03-22T23:55:18.750845+00:00,device-37,switch,datacenter-west,35.44,62.85,39.15,0.1209,51.68,0.00285,33.3,healthy,0,0
2026-03-18T04:35:18.750845+00:00,device-29,router,datacenter-west,23.73,11.31,34.0,0.2335,16.38,0.00011,48.9,healthy,0,0
2026-03-12T16:45:18.750845+00:00,device-16,load_balancer,datacenter-central,61.58,31.78,34.76,0.1431,44.44,0.00419,47.9,healthy,0,0
2026-03-13T22:47:18.750845+00:00,device-21,switch,branch-losangeles,63.57,64.25,33.43,0.2063,28.85,0.00347,33.7,healthy,0,0
2026-03-13T07:57:18.750845+00:00,device-32,firewall,branch-newyork,8.7,40.86,27.9,0.2665,48.29,0.00182,46.4,healthy,0,0
2026-03-21T21:35:18.750845+00:00,device-47,load_balancer,datacenter-central,97.81,95.63,1417.25,51.9624,97.96,0.37522,71.7,ddos_attack,5,1
2026-03-21T02:47:18.750845+00:00,device-50,switch,datacenter-east,21.57,64.78,14.15,0.2154,31.22,0.00276,48.7,healthy,0,0
2026-03-19T00:31:18.750845+00:00,device-12,server,datacenter-west,20.17,25.48,4.98,0.0123,29.7,0.00173,30.1,healthy,0,0
2026-03-22T18:53:18.750845+00:00,device-11,switch,datacenter-central,31.85,54.18,13.86,0.1447,62.45,0.00136,37.5,healthy,0,0
2026-03-23T18:28:18.750845+00:00,device-02,router,branch-newyork,73.88,77.61,2709.26,18.5222,68.77,0.32695,71.3,bgp_flapping,4,1
2026-03-13T21:39:18.750845+00:00,device-09,server,datacenter-east,95.55,75.84,246.95,1.78,71.89,0.04723,74.3,high_cpu,1,1
2026-03-18T13:14:18.750845+00:00,device-18,router,datacenter-west,20.08,38.02,1703.14,15.5451,50.34,0.28222,46.3,packet_loss,3,1
2026-03-17T11:27:18.750845+00:00,device-50,firewall,branch-newyork,17.01,62.27,10.6,0.0658,23.18,0.00217,44.2,healthy,0,0
2026-03-17T03:59:18.750845+00:00,device-03,switch,datacenter-west,45.61,35.49,7.12,0.1514,14.03,0.0025,42.2,healthy,0,0
2026-03-22T19:37:18.750845+00:00,device-39,firewall,branch-newyork,60.05,56.73,31.0,0.0215,17.16,0.00332,40.1,healthy,0,0
2026-03-12T06:17:18.750845+00:00,device-09,switch,branch-chicago,39.92,55.36,7.14,0.1608,56.34,0.00164,47.7,healthy,0,0
2026-03-12T13:05:18.750845+00:00,device-47,firewall,branch-losangeles,44.28,62.95,11.34,0.1221,53.96,0.00398,37.6,healthy,0,0
2026-03-18T14:00:18.750845+00:00,device-05,router,datacenter-west,97.6,66.28,130.25,1.8565,80.5,0.04603,78.9,high_cpu,1,1
2026-03-21T19:03:18.750845+00:00,device-42,server,datacenter-west,90.67,77.95,188.06,1.9675,80.6,0.04106,61.8,high_cpu,1,1
2026-03-14T11:46:18.750845+00:00,device-22,router,datacenter-central,88.41,72.22,1601.05,33.5373,75.24,0.37761,73.2,bgp_flapping,4,1
2026-03-23T02:03:18.750845+00:00,device-39,load_balancer,branch-chicago,8.86,14.27,10.81,0.1609,42.11,0.00391,43.8,healthy,0,0
2026-03-12T16:13:18.750845+00:00,device-29,server,datacenter-west,34.4,23.97,35.85,0.0986,27.85,0.00403,42.6,healthy,0,0
2026-03-18T11:59:18.750845+00:00,device-09,router,datacenter-east,73.08,80.1,756.02,34.3491,94.67,0.46427,67.8,bgp_flapping,4,1
2026-03-21T02:29:18.750845+00:00,device-37,server,datacenter-central,46.63,26.29,3.99,0.0447,43.33,0.00472,40.0,healthy,0,0
2026-03-14T22:43:18.750845+00:00,device-02,server,datacenter-west,29.84,60.4,7.68,0.2718,29.85,0.00303,48.7,healthy,0,0
2026-03-22T20:47:18.750845+00:00,device-33,switch,branch-newyork,53.77,16.52,32.04,0.2082,9.14,0.00254,45.9,healthy,0,0
2026-03-13T13:32:18.750845+00:00,device-10,server,datacenter-central,88.07,66.49,166.33,0.6592,89.71,0.02308,62.3,high_cpu,1,1
2026-03-16T11:37:18.750845+00:00,device-09,firewall,branch-losangeles,98.46,81.27,1950.41,26.3206,95.28,0.27158,81.5,ddos_attack,5,1
2026-03-12T02:03:18.750845+00:00,device-09,server,datacenter-west,57.86,20.63,44.28,0.2676,54.14,0.00345,47.6,healthy,0,0
2026-03-17T02:27:18.750845+00:00,device-31,load_balancer,datacenter-west,21.61,23.87,11.95,0.236,58.0,0.00299,31.2,healthy,0,0
2026-03-21T07:13:18.750845+00:00,device-14,router,branch-newyork,30.99,16.0,5.7,0.1633,61.15,0.00242,37.6,healthy,0,0
2026-03-14T17:59:18.750845+00:00,device-49,firewall,branch-chicago,18.97,67.68,1.97,0.164,46.32,0.00373,48.8,healthy,0,0
2026-03-13T01:55:18.750845+00:00,device-30,server,branch-losangeles,13.6,40.22,26.34,0.2213,57.11,0.00483,32.8,healthy,0,0
2026-03-21T06:45:18.750845+00:00,device-21,switch,datacenter-west,25.39,37.47,40.39,0.1965,22.06,0.00305,41.3,healthy,0,0
2026-03-18T10:35:18.750845+00:00,device-13,firewall,datacenter-west,21.36,15.34,38.59,0.2528,21.83,0.00014,33.6,healthy,0,0
2026-03-21T09:18:18.750845+00:00,device-31,router,datacenter-east,84.76,72.8,2425.39,20.9574,66.65,0.15973,73.0,bgp_flapping,4,1
2026-03-14T09:43:18.750845+00:00,device-39,router,datacenter-west,19.85,32.37,15.36,0.0272,16.66,0.00314,49.1,healthy,0,0
2026-03-12T15:13:18.750845+00:00,device-25,router,datacenter-west,51.42,66.14,30.05,0.2482,25.22,0.00061,35.6,healthy,0,0
2026-03-14T06:41:18.750845+00:00,device-13,server,branch-chicago,58.41,90.6,402.14,7.6112,68.7,0.09895,62.5,memory_exhaustion,2,1
2026-03-20T15:03:18.750845+00:00,device-29,switch,datacenter-central,31.94,31.3,43.68,0.0114,34.23,0.00413,43.7,healthy,0,0
2026-03-21T20:01:18.750845+00:00,device-06,router,datacenter-west,92.5,74.63,171.47,2.2438,87.22,0.02604,76.5,high_cpu,1,1
2026-03-18T16:31:18.750845+00:00,device-01,load_balancer,datacenter-central,33.55,22.16,43.01,0.002,49.42,0.00437,36.7,healthy,0,0
2026-03-13T19:49:18.750845+00:00,device-11,load_balancer,branch-losangeles,48.95,38.71,13.18,0.2853,29.65,0.00265,38.6,healthy,0,0
2026-03-13T23:43:18.750845+00:00,device-48,switch,datacenter-west,54.84,44.14,8.34,0.1214,18.37,0.00141,47.0,healthy,0,0
2026-03-13T01:21:18.750845+00:00,device-49,router,datacenter-east,19.14,43.22,35.45,0.0476,27.5,0.00479,45.2,healthy,0,0
2026-03-20T05:58:18.750845+00:00,device-22,load_balancer,branch-losangeles,98.81,84.22,4207.67,37.7204,98.3,0.60729,74.6,ddos_attack,5,1
2026-03-22T12:51:18.750845+00:00,device-38,server,datacenter-west,54.72,55.48,22.04,0.2165,53.97,0.00408,45.9,healthy,0,0
2026-03-16T01:03:18.750845+00:00,device-05,switch,datacenter-central,19.24,67.27,23.41,0.1109,45.73,0.0038,47.2,healthy,0,0
2026-03-14T16:00:18.750845+00:00,device-33,router,branch-newyork,40.72,21.96,1878.53,22.8184,60.32,0.24597,42.9,packet_loss,3,1
2026-03-14T11:33:18.750845+00:00,device-50,firewall,datacenter-west,20.96,25.85,37.83,0.0592,40.65,0.00499,33.2,healthy,0,0
2026-03-22T14:07:18.750845+00:00,device-40,router,datacenter-east,47.19,28.73,43.79,0.2628,45.12,0.00138,33.4,healthy,0,0
2026-03-21T09:05:18.750845+00:00,device-23,load_balancer,branch-chicago,50.79,46.12,29.05,0.1097,56.86,0.00107,32.4,healthy,0,0
2026-03-15T19:47:18.750845+00:00,device-20,server,branch-newyork,63.31,14.5,11.76,0.1188,36.78,0.00062,32.8,healthy,0,0
2026-03-22T04:09:18.750845+00:00,device-02,switch,branch-losangeles,34.26,24.8,1322.42,31.9074,32.53,0.10724,53.7,packet_loss,3,1
2026-03-17T21:50:18.750845+00:00,device-42,router,branch-chicago,46.12,43.13,1505.3,34.8568,46.8,0.25149,46.8,packet_loss,3,1
2026-03-22T21:31:18.750845+00:00,device-07,server,datacenter-central,48.99,53.99,9.14,0.0441,28.51,0.0003,38.1,healthy,0,0
2026-03-19T21:39:18.750845+00:00,device-38,server,branch-losangeles,11.67,59.16,17.75,0.1532,41.73,0.00462,47.1,healthy,0,0
2026-03-14T01:05:18.750845+00:00,device-50,switch,datacenter-west,31.21,58.98,19.05,0.0371,28.58,0.00282,36.2,healthy,0,0
2026-03-22T23:49:18.750845+00:00,device-16,router,branch-losangeles,12.11,18.92,1.98,0.1183,42.48,0.0046,47.9,healthy,0,0
2026-03-15T01:51:18.750845+00:00,device-22,firewall,branch-losangeles,54.87,49.38,39.47,0.2152,56.12,0.00288,47.3,healthy,0,0
2026-03-16T01:59:18.750845+00:00,device-23,switch,branch-newyork,11.41,53.92,17.5,0.2215,64.1,0.00477,44.7,healthy,0,0
2026-03-21T15:49:18.750845+00:00,device-12,switch,branch-newyork,28.55,35.42,21.7,0.1623,10.05,0.001,33.5,healthy,0,0
2026-03-22T02:59:18.750845+00:00,device-19,server,branch-chicago,13.12,48.17,9.72,0.1368,43.35,0.00488,48.1,healthy,0,0
2026-03-19T05:55:18.750845+00:00,device-49,switch,datacenter-east,13.07,31.17,1.49,0.0639,17.8,0.00246,43.4,healthy,0,0
2026-03-20T17:01:18.750845+00:00,device-17,firewall,branch-chicago,10.4,26.26,9.82,0.0617,50.85,0.0046,30.5,healthy,0,0
2026-03-17T21:25:18.750845+00:00,device-47,firewall,branch-losangeles,29.38,53.06,13.96,0.1229,61.17,0.00072,44.3,healthy,0,0
2026-03-23T05:12:18.750845+00:00,device-47,server,branch-losangeles,64.67,89.2,175.47,4.1344,59.28,0.02167,56.9,memory_exhaustion,2,1
2026-03-12T17:24:18.750845+00:00,device-31,switch,datacenter-east,64.67,89.83,432.6,2.1699,79.24,0.04553,68.9,memory_exhaustion,2,1
2026-03-13T16:31:18.750845+00:00,device-43,switch,branch-losangeles,25.13,19.11,20.92,0.2795,32.52,0.0044,46.0,healthy,0,0
2026-03-22T17:15:18.750845+00:00,device-14,server,branch-newyork,21.27,13.19,12.69,0.0138,50.71,0.00232,33.6,healthy,0,0
2026-03-20T05:25:18.750845+00:00,device-11,router,branch-chicago,43.55,20.8,17.21,0.0208,51.98,0.00419,35.0,healthy,0,0
2026-03-13T18:55:18.750845+00:00,device-14,firewall,datacenter-central,42.71,21.12,9.32,0.0394,19.88,0.00149,48.2,healthy,0,0
2026-03-20T01:07:18.750845+00:00,device-38,load_balancer,datacenter-central,40.51,20.96,13.51,0.1899,58.22,0.00074,31.3,healthy,0,0
2026-03-14T08:35:18.750845+00:00,device-02,load_balancer,datacenter-east,32.14,56.56,12.3,0.0122,26.53,0.00493,31.3,healthy,0,0
2026-03-14T04:27:18.750845+00:00,device-20,server,datacenter-central,30.68,37.0,18.07,0.0856,56.63,0.00026,36.8,healthy,0,0
2026-03-14T20:37:18.750845+00:00,device-28,switch,datacenter-central,54.65,13.0,16.14,0.2858,38.1,0.00198,45.4,healthy,0,0
2026-03-16T15:49:18.750845+00:00,device-45,switch,branch-chicago,36.0,23.41,23.05,0.0012,25.53,0.00459,49.7,healthy,0,0
2026-03-17T07:31:18.750845+00:00,device-20,switch,datacenter-west,23.68,68.55,33.24,0.2255,33.91,0.00176,40.5,healthy,0,0
2026-03-20T06:03:18.750845+00:00,device-17,switch,branch-losangeles,53.24,25.55,35.67,0.0302,54.38,0.00012,30.2,healthy,0,0
2026-03-21T17:09:18.750845+00:00,device-14,load_balancer,datacenter-east,32.69,51.75,7.5,0.1813,45.83,0.00338,45.4,healthy,0,0
2026-03-12T18:09:18.750845+00:00,device-01,firewall,branch-losangeles,50.05,47.57,39.53,0.1431,55.38,0.00404,40.5,healthy,0,0
2026-03-25T14:36:18.750845+00:00,device-26,router,datacenter-east,29.55,46.39,416.21,28.8544,53.75,0.13825,46.1,packet_loss,3,1
2026-03-20T11:05:18.750845+00:00,device-45,firewall,branch-losangeles,20.48,61.38,6.46,0.0232,14.53,0.00362,43.6,healthy,0,0
2026-03-15T05:43:18.750845+00:00,device-09,server,datacenter-east,7.55,34.83,41.18,0.1334,47.59,0.0029,33.0,healthy,0,0
2026-03-18T05:17:18.750845+00:00,device-46,router,datacenter-east,6.08,39.99,19.11,0.1439,30.84,0.00352,41.4,healthy,0,0
2026-03-16T09:03:18.750845+00:00,device-26,router,branch-newyork,24.98,39.33,9.38,0.0837,19.92,0.0049,40.8,healthy,0,0
2026-03-21T00:53:18.750845+00:00,device-19,firewall,datacenter-east,22.59,67.66,23.87,0.1977,25.79,0.00399,32.8,healthy,0,0
2026-03-16T23:57:18.750845+00:00,device-46,server,datacenter-central,26.09,64.06,24.1,0.2773,53.43,0.00058,41.2,healthy,0,0
2026-03-20T04:09:18.750845+00:00,device-32,server,datacenter-central,62.0,42.05,29.19,0.143,51.46,0.00238,37.9,healthy,0,0
2026-03-19T23:16:18.750845+00:00,device-41,firewall,branch-newyork,92.07,86.2,4555.13,33.9951,98.4,0.52567,72.6,ddos_attack,5,1
2026-03-13T11:05:18.750845+00:00,device-38,switch,datacenter-central,57.93,47.79,30.04,0.1763,62.0,0.00303,49.5,healthy,0,0
2026-03-21T03:01:18.750845+00:00,device-17,firewall,datacenter-east,6.09,36.76,32.97,0.2877,13.54,0.00277,48.9,healthy,0,0
2026-03-21T20:43:18.750845+00:00,device-21,router,datacenter-central,51.21,56.34,751.27,33.4216,67.51,0.25687,40.6,packet_loss,3,1
2026-03-14T02:07:18.750845+00:00,device-23,load_balancer,branch-losangeles,50.2,42.4,6.83,0.2904,37.91,0.00484,31.3,healthy,0,0
2026-03-18T15:59:18.750845+00:00,device-07,router,branch-losangeles,31.69,48.01,31.96,0.2031,48.15,0.00395,34.2,healthy,0,0
2026-03-16T11:15:18.750845+00:00,device-16,load_balancer,datacenter-central,41.18,17.23,17.02,0.127,62.84,0.00086,34.6,healthy,0,0
2026-03-14T22:57:18.750845+00:00,device-01,router,datacenter-east,14.28,31.44,25.14,0.1706,12.63,0.00021,36.4,healthy,0,0
2026-03-22T08:35:18.750845+00:00,device-14,firewall,branch-losangeles,30.43,24.45,31.22,0.2479,34.52,0.00353,34.6,healthy,0,0
2026-03-21T09:39:18.750845+00:00,device-18,server,datacenter-east,25.47,68.05,33.46,0.1201,34.73,0.00492,35.4,healthy,0,0
2026-03-23T04:17:18.750845+00:00,device-14,router,branch-losangeles,14.24,58.3,16.9,0.1115,46.0,0.00135,48.0,healthy,0,0
2026-03-24T14:30:18.750845+00:00,device-15,router,datacenter-central,73.54,72.16,2924.32,31.8787,61.56,0.24928,71.5,bgp_flapping,4,1
2026-03-20T15:35:18.750845+00:00,device-20,server,datacenter-east,18.88,69.89,34.79,0.2049,51.59,0.00208,43.8,healthy,0,0
2026-03-12T10:09:18.750845+00:00,device-18,load_balancer,datacenter-west,26.17,59.29,16.1,0.1916,47.79,0.00464,38.5,healthy,0,0
2026-03-24T09:38:18.750845+00:00,device-31,router,branch-losangeles,90.12,85.44,1816.24,33.3071,85.99,0.27846,63.2,bgp_flapping,4,1
2026-03-21T00:09:18.750845+00:00,device-49,server,branch-newyork,57.24,55.14,21.74,0.2993,40.01,0.00024,34.4,healthy,0,0
2026-03-16T20:39:18.750845+00:00,device-30,firewall,branch-newyork,14.97,28.82,31.85,0.2414,63.97,0.00405,39.9,healthy,0,0
2026-03-12T17:20:18.750845+00:00,device-27,server,datacenter-east,58.25,92.38,345.96,1.0227,63.63,0.09052,70.6,memory_exhaustion,2,1
2026-03-16T18:49:18.750845+00:00,device-30,server,datacenter-east,42.96,34.35,39.15,0.1183,45.71,0.00018,45.6,healthy,0,0
2026-03-15T09:01:18.750845+00:00,device-23,router,branch-losangeles,32.31,53.07,16.29,0.1523,60.85,0.00222,45.4,healthy,0,0
2026-03-17T12:21:18.750845+00:00,device-47,server,datacenter-east,43.82,69.27,22.11,0.0521,13.27,0.00165,32.1,healthy,0,0
2026-03-19T17:17:18.750845+00:00,device-08,router,datacenter-east,20.26,61.41,20.8,0.0345,31.95,0.00344,30.5,healthy,0,0
2026-03-22T22:11:18.750845+00:00,device-34,server,branch-newyork,61.9,50.4,25.81,0.2622,59.11,0.00262,48.1,healthy,0,0
2026-03-21T18:09:18.750845+00:00,device-13,server,datacenter-central,86.78,76.62,244.41,1.64,75.61,0.03596,72.5,high_cpu,1,1
2026-03-21T18:33:18.750845+00:00,device-10,firewall,branch-newyork,5.76,65.35,7.48,0.1956,28.56,0.00178,40.3,healthy,0,0
2026-03-12T08:09:18.750845+00:00,device-29,router,branch-chicago,51.46,44.09,14.34,0.208,18.71,0.00026,34.1,healthy,0,0
2026-03-13T23:37:18.750845+00:00,device-39,server,branch-chicago,6.6,42.05,38.47,0.1843,25.01,0.00257,36.8,healthy,0,0
2026-03-16T04:07:18.750845+00:00,device-26,router,datacenter-west,64.21,45.96,31.07,0.1365,33.51,0.00167,31.6,healthy,0,0
2026-03-14T12:37:18.750845+00:00,device-45,switch,datacenter-east,55.9,66.69,15.46,0.0796,36.44,0.00139,44.9,healthy,0,0
2026-03-12T17:33:18.750845+00:00,device-47,router,branch-chicago,49.57,21.54,35.33,0.1549,33.94,0.00029,48.7,healthy,0,0
2026-03-20T19:17:18.750845+00:00,device-31,switch,branch-newyork,38.67,26.41,41.9,0.2171,18.65,0.00108,30.6,healthy,0,0
2026-03-14T06:25:18.750845+00:00,device-04,load_balancer,datacenter-west,17.33,43.24,17.72,0.2075,31.88,0.0,35.0,healthy,0,0
2026-03-14T18:15:18.750845+00:00,device-42,server,branch-newyork,63.12,49.07,9.43,0.2551,44.67,0.00325,30.8,healthy,0,0
2026-03-13T00:10:18.750845+00:00,device-13,server,datacenter-east,50.9,97.29,369.88,3.2175,73.03,0.05846,71.4,memory_exhaustion,2,1
2026-03-22T13:53:18.750845+00:00,device-08,router,datacenter-east,37.41,41.2,43.67,0.0153,53.04,0.00409,36.5,healthy,0,0
2026-03-13T05:11:18.750845+00:00,device-23,server,datacenter-west,88.82,68.67,275.01,2.268,76.94,0.03908,65.5,high_cpu,1,1
2026-03-20T09:19:18.750845+00:00,device-13,load_balancer,branch-losangeles,40.82,46.75,8.21,0.004,34.93,0.00309,42.8,healthy,0,0
2026-03-13T03:29:18.750845+00:00,device-25,server,datacenter-east,52.45,41.36,25.54,0.0234,29.15,0.00496,44.8,healthy,0,0
2026-03-14T20:42:18.750845+00:00,device-12,load_balancer,branch-chicago,91.2,86.58,3636.77,22.967,95.89,0.35042,76.7,ddos_attack,5,1
2026-03-20T00:53:18.750845+00:00,device-40,load_balancer,datacenter-west,24.62,17.5,41.6,0.2732,20.59,0.00482,37.6,healthy,0,0
2026-03-22T19:47:18.750845+00:00,device-28,load_balancer,branch-newyork,48.71,68.15,39.76,0.1331,16.06,0.00399,47.0,healthy,0,0
2026-03-15T12:01:18.750845+00:00,device-31,firewall,branch-newyork,41.6,60.52,2.09,0.2072,24.86,0.00223,47.4,healthy,0,0
2026-03-22T00:37:18.750845+00:00,device-06,switch,branch-losangeles,46.71,10.98,15.41,0.1594,32.46,0.00133,46.6,healthy,0,0
2026-03-19T21:17:18.750845+00:00,device-45,switch,datacenter-east,34.86,55.4,20.94,0.197,51.46,0.00449,38.3,healthy,0,0
2026-03-22T05:07:18.750845+00:00,device-04,switch,branch-chicago,36.73,43.67,40.4,0.188,43.23,0.00285,35.8,healthy,0,0
2026-03-13T04:27:18.750845+00:00,device-09,switch,datacenter-central,34.38,49.6,12.39,0.0664,29.91,0.00416,44.0,healthy,0,0
2026-03-21T05:39:18.750845+00:00,device-41,router,branch-losangeles,39.42,29.37,24.01,0.0205,41.45,0.00484,31.3,healthy,0,0
2026-03-18T18:35:18.750845+00:00,device-36,load_balancer,datacenter-central,42.69,56.01,18.61,0.0268,12.85,0.00138,42.2,healthy,0,0
2026-03-17T16:35:18.750845+00:00,device-19,switch,branch-newyork,64.55,14.57,38.54,0.1069,51.18,0.00099,45.5,healthy,0,0
2026-03-13T22:19:18.750845+00:00,device-23,switch,datacenter-central,28.21,58.9,17.72,0.05,22.99,0.00292,45.0,healthy,0,0
2026-03-21T08:43:18.750845+00:00,device-29,firewall,datacenter-central,18.92,49.79,29.53,0.1102,58.75,0.0021,35.2,healthy,0,0
2026-03-21T02:23:18.750845+00:00,device-46,server,branch-newyork,87.97,71.31,262.58,2.4645,87.78,0.02782,76.9,high_cpu,1,1
2026-03-19T19:45:18.750845+00:00,device-42,router,branch-chicago,44.62,12.59,21.33,0.0805,59.8,0.00382,33.3,healthy,0,0
2026-03-21T07:11:18.750845+00:00,device-33,load_balancer,datacenter-east,18.51,37.21,6.02,0.1943,14.79,0.00236,38.8,healthy,0,0
2026-03-14T00:47:18.750845+00:00,device-36,router,datacenter-west,49.07,28.97,6.57,0.1276,43.62,0.00217,38.4,healthy,0,0
2026-03-16T15:47:18.750845+00:00,device-07,server,branch-chicago,32.35,49.49,37.89,0.2587,8.5,0.00341,31.5,healthy,0,0
2026-03-22T08:05:18.750845+00:00,device-20,switch,branch-newyork,42.51,12.79,37.4,0.122,55.95,0.00401,48.1,healthy,0,0
2026-03-17T09:47:18.750845+00:00,device-25,load_balancer,datacenter-west,55.26,18.33,34.63,0.0295,35.87,0.00278,37.2,healthy,0,0
2026-03-21T13:22:18.750845+00:00,device-31,server,branch-newyork,88.24,66.45,277.5,1.6724,77.79,0.04434,74.6,high_cpu,1,1
2026-03-13T21:19:18.750845+00:00,device-23,firewall,branch-newyork,17.69,23.98,37.68,0.0088,24.16,0.00285,37.0,healthy,0,0
2026-03-16T15:41:18.750845+00:00,device-35,switch,datacenter-east,28.35,47.04,2.28,0.2964,14.5,0.00123,32.2,healthy,0,0
2026-03-20T19:07:18.750845+00:00,device-34,firewall,datacenter-west,58.58,55.65,7.44,0.0364,55.83,0.00075,40.7,healthy,0,0
2026-03-13T10:47:18.750845+00:00,device-03,load_balancer,datacenter-west,45.16,49.48,37.87,0.0154,15.15,0.00456,46.2,healthy,0,0
2026-03-16T09:21:18.750845+00:00,device-46,switch,branch-chicago,59.54,16.0,11.31,0.2944,29.02,0.00352,40.2,healthy,0,0
2026-03-22T04:21:18.750845+00:00,device-36,server,branch-chicago,21.05,67.89,19.06,0.031,47.16,0.00056,41.9,healthy,0,0
2026-03-14T23:11:18.750845+00:00,device-19,switch,datacenter-east,29.43,36.41,44.85,0.1335,64.74,0.00333,39.4,healthy,0,0
2026-03-15T02:08:18.750845+00:00,device-12,server,branch-chicago,86.71,60.05,162.43,0.918,88.85,0.01109,78.2,high_cpu,1,1
2026-03-14T17:49:18.750845+00:00,device-05,server,branch-losangeles,12.88,16.02,43.38,0.2172,11.5,0.00369,38.7,healthy,0,0
2026-03-16T09:11:18.750845+00:00,device-24,switch,branch-chicago,62.68,90.52,487.91,4.4267,57.97,0.03941,72.7,memory_exhaustion,2,1
2026-03-19T02:29:18.750845+00:00,device-04,router,branch-chicago,28.05,30.27,34.08,0.2873,48.96,0.00175,41.1,healthy,0,0
2026-03-21T17:11:18.750845+00:00,device-17,load_balancer,datacenter-west,63.35,41.98,13.7,0.0362,35.9,0.00147,34.8,healthy,0,0
2026-03-17T22:15:18.750845+00:00,device-09,router,branch-chicago,62.7,52.8,6.54,0.1793,12.29,0.00362,36.7,healthy,0,0
2026-03-14T21:41:18.750845+00:00,device-43,load_balancer,branch-newyork,13.34,24.93,1.83,0.1812,53.58,0.00135,47.0,healthy,0,0
2026-03-18T12:07:18.750845+00:00,device-48,server,datacenter-central,24.05,58.17,17.23,0.0603,33.49,0.00127,49.0,healthy,0,0
2026-03-21T00:51:18.750845+00:00,device-47,router,datacenter-west,39.53,31.41,22.8,0.1854,62.47,0.00335,36.1,healthy,0,0
2026-03-22T18:19:18.750845+00:00,device-15,server,datacenter-east,22.66,53.42,38.32,0.296,41.82,0.00334,43.7,healthy,0,0
2026-03-14T13:15:18.750845+00:00,device-05,switch,datacenter-east,18.53,62.77,22.53,0.0851,45.04,0.00496,41.1,healthy,0,0
2026-03-13T14:17:18.750845+00:00,device-35,switch,datacenter-east,9.32,43.45,17.97,0.0234,51.42,0.00249,36.7,healthy,0,0
2026-03-17T07:51:18.750845+00:00,device-44,server,datacenter-central,37.98,12.29,32.69,0.0737,15.61,0.0012,48.4,healthy,0,0
2026-03-16T22:39:18.750845+00:00,device-15,firewall,branch-chicago,17.11,50.85,37.69,0.268,51.32,4e-05,36.8,healthy,0,0
2026-03-17T22:47:18.750845+00:00,device-01,switch,branch-losangeles,53.47,67.24,11.59,0.1823,64.13,0.00347,32.5,healthy,0,0
2026-03-17T22:59:18.750845+00:00,device-20,load_balancer,branch-chicago,19.22,48.54,43.95,0.2032,37.49,0.00114,44.0,healthy,0,0
2026-03-21T17:47:18.750845+00:00,device-27,server,branch-chicago,12.14,29.53,7.74,0.1641,45.02,0.0028,40.2,healthy,0,0
2026-03-21T09:35:18.750845+00:00,device-24,server,branch-chicago,22.41,27.28,8.2,0.2298,21.74,0.00325,43.9,healthy,0,0
2026-03-16T07:01:18.750845+00:00,device-18,server,branch-chicago,20.14,19.85,20.52,0.0454,12.15,0.00363,38.2,healthy,0,0
2026-03-12T09:53:18.750845+00:00,device-19,router,datacenter-east,37.02,21.46,6.89,0.2105,16.63,0.00252,48.3,healthy,0,0
2026-03-15T23:05:18.750845+00:00,device-03,server,datacenter-west,56.3,41.92,15.09,0.0738,39.54,3e-05,48.6,healthy,0,0
2026-03-20T09:17:18.750845+00:00,device-02,load_balancer,datacenter-east,5.28,39.81,27.87,0.1916,38.22,0.00043,34.2,healthy,0,0
2026-03-21T12:49:18.750845+00:00,device-12,router,datacenter-central,57.17,68.04,4.16,0.2345,62.01,0.00482,38.4,healthy,0,0
2026-03-14T19:47:18.750845+00:00,device-27,firewall,datacenter-central,27.62,18.97,16.33,0.0069,34.32,0.00433,47.9,healthy,0,0
2026-03-16T21:09:18.750845+00:00,device-33,server,branch-newyork,47.44,25.07,4.55,0.1648,8.43,0.00033,39.5,healthy,0,0
2026-03-14T03:29:18.750845+00:00,device-26,firewall,datacenter-west,58.3,55.11,17.86,0.2345,57.51,0.00392,48.6,healthy,0,0
2026-03-13T21:51:18.750845+00:00,device-36,router,branch-losangeles,27.58,34.26,34.34,0.2795,57.5,0.00153,38.3,healthy,0,0
2026-03-17T10:49:18.750845+00:00,device-18,load_balancer,datacenter-west,41.29,52.53,3.75,0.186,5.28,0.00363,39.4,healthy,0,0
2026-03-15T12:09:18.750845+00:00,device-30,firewall,branch-newyork,37.21,31.14,37.44,0.0848,32.31,0.0022,34.3,healthy,0,0
2026-03-13T07:25:18.750845+00:00,device-40,firewall,branch-chicago,48.83,28.99,30.09,0.1181,5.66,0.00194,42.0,healthy,0,0
2026-03-18T10:29:18.750845+00:00,device-49,firewall,datacenter-central,14.88,22.81,11.89,0.2701,7.73,0.00186,31.4,healthy,0,0
2026-03-19T04:27:18.750845+00:00,device-07,firewall,branch-chicago,8.13,23.02,10.35,0.2536,37.3,0.00207,37.8,healthy,0,0
2026-03-15T09:17:18.750845+00:00,device-11,switch,branch-losangeles,26.79,51.0,38.03,0.2214,31.37,0.00174,39.9,healthy,0,0
2026-03-23T03:07:18.750845+00:00,device-39,switch,branch-losangeles,43.08,13.29,10.99,0.2712,5.24,0.00199,30.7,healthy,0,0
2026-03-25T19:33:18.750845+00:00,device-07,load_balancer,datacenter-east,98.61,88.28,2370.18,48.0904,99.15,0.62751,74.6,ddos_attack,5,1
2026-03-24T06:16:18.750845+00:00,device-01,firewall,branch-newyork,97.61,98.58,4161.05,45.5163,95.98,0.27392,77.6,ddos_attack,5,1
2026-03-24T06:32:18.750845+00:00,device-26,server,datacenter-east,40.47,93.36,361.97,7.2969,68.44,0.09408,64.9,memory_exhaustion,2,1
2026-03-20T06:19:18.750845+00:00,device-17,router,branch-chicago,46.5,14.69,31.61,0.1466,18.93,0.00421,48.9,healthy,0,0
2026-03-12T14:25:18.750845+00:00,device-34,router,datacenter-west,85.04,62.27,80.52,1.7843,85.18,0.01002,71.1,high_cpu,1,1
2026-03-14T12:55:18.750845+00:00,device-46,router,datacenter-west,21.82,50.43,33.99,0.1964,21.97,0.00491,49.6,healthy,0,0
2026-03-21T15:27:18.750845+00:00,device-03,server,branch-newyork,42.77,10.02,42.7,0.2612,46.93,0.00374,45.0,healthy,0,0
2026-03-16T12:11:18.750845+00:00,device-37,load_balancer,branch-newyork,39.79,11.16,16.09,0.0026,36.97,0.00069,49.3,healthy,0,0
2026-03-12T14:21:18.750845+00:00,device-12,load_balancer,branch-chicago,64.62,49.05,6.43,0.1714,55.25,0.0036,33.5,healthy,0,0
2026-03-13T00:09:18.750845+00:00,device-06,router,branch-newyork,6.78,15.54,33.88,0.1021,38.48,0.00109,40.8,healthy,0,0
2026-03-21T02:33:18.750845+00:00,device-39,router,branch-newyork,10.27,10.96,33.58,0.1517,36.06,0.0011,30.2,healthy,0,0
2026-03-13T20:43:18.750845+00:00,device-50,server,datacenter-east,20.99,16.7,1.74,0.2483,16.93,0.00076,30.4,healthy,0,0
2026-03-20T19:05:18.750845+00:00,device-29,server,datacenter-east,13.05,35.94,34.65,0.1792,54.37,0.0007,32.9,healthy,0,0
2026-03-22T09:45:18.750845+00:00,device-37,firewall,datacenter-central,24.48,62.97,5.07,0.1987,19.72,0.00382,37.9,healthy,0,0
2026-03-21T00:11:18.750845+00:00,device-25,server,branch-losangeles,85.1,67.58,117.36,1.0291,76.61,0.03078,62.8,high_cpu,1,1
2026-03-20T22:07:18.750845+00:00,device-40,server,datacenter-east,63.78,44.61,3.73,0.1872,38.87,0.00071,39.3,healthy,0,0
2026-03-22T16:41:18.750845+00:00,device-36,firewall,datacenter-central,34.25,21.91,3.19,0.0932,16.97,0.00159,40.4,healthy,0,0
2026-03-24T17:06:18.750845+00:00,device-18,router,datacenter-east,40.62,59.54,1678.73,21.2607,59.21,0.17849,49.3,packet_loss,3,1
2026-03-20T11:51:18.750845+00:00,device-09,router,branch-chicago,9.67,11.84,6.8,0.1216,15.24,0.00154,32.5,healthy,0,0
2026-03-21T04:05:18.750845+00:00,device-09,switch,datacenter-west,18.7,61.43,26.09,0.1293,41.71,0.00253,45.3,healthy,0,0
2026-03-23T00:55:18.750845+00:00,device-28,router,datacenter-west,11.07,37.9,28.92,0.0986,27.04,0.00157,48.7,healthy,0,0
2026-03-21T10:59:18.750845+00:00,device-06,switch,branch-losangeles,61.25,92.92,140.69,1.7557,71.23,0.02706,57.6,memory_exhaustion,2,1
2026-03-19T15:27:18.750845+00:00,device-06,firewall,branch-losangeles,40.62,19.66,16.86,0.1958,29.37,0.00137,34.1,healthy,0,0
2026-03-22T05:37:18.750845+00:00,device-41,load_balancer,datacenter-central,31.85,22.09,44.27,0.136,12.93,0.00482,32.8,healthy,0,0
2026-03-22T12:32:18.750845+00:00,device-50,router,datacenter-east,94.64,65.63,781.66,17.8305,82.25,0.46661,66.3,bgp_flapping,4,1
2026-03-16T17:44:18.750845+00:00,device-12,router,datacenter-east,77.13,79.47,903.91,34.0372,84.64,0.23813,57.3,bgp_flapping,4,1
2026-03-19T15:13:18.750845+00:00,device-11,switch,branch-chicago,59.7,66.59,40.79,0.282,19.35,0.00153,36.1,healthy,0,0
2026-03-16T12:27:18.750845+00:00,device-45,router,datacenter-east,13.69,60.23,35.76,0.0798,61.42,0.00127,31.5,healthy,0,0
2026-03-20T05:35:18.750845+00:00,device-25,switch,branch-newyork,20.63,23.09,786.08,27.7365,41.14,0.23416,45.3,packet_loss,3,1
2026-03-16T01:53:18.750845+00:00,device-50,router,branch-newyork,71.87,60.24,928.26,33.2485,61.54,0.2748,70.4,bgp_flapping,4,1
2026-03-25T05:49:18.750845+00:00,device-34,load_balancer,branch-newyork,91.53,84.41,3315.56,31.8024,97.43,0.55383,82.1,ddos_attack,5,1
2026-03-18T10:49:18.750845+00:00,device-41,router,branch-newyork,54.36,63.47,1.25,0.0681,46.92,0.00323,46.4,healthy,0,0
2026-03-22T00:29:18.750845+00:00,device-40,firewall,branch-chicago,18.75,67.87,44.1,0.0656,31.74,0.00092,46.4,healthy,0,0
2026-03-17T04:35:18.750845+00:00,device-46,switch,branch-newyork,8.47,15.6,24.76,0.2552,38.92,0.00243,48.0,healthy,0,0
2026-03-22T01:57:18.750845+00:00,device-43,firewall,branch-chicago,22.98,28.93,10.79,0.2643,38.8,0.00189,31.5,healthy,0,0
2026-03-16T00:47:18.750845+00:00,device-20,firewall,datacenter-central,42.67,33.6,16.71,0.1419,5.19,0.00334,41.1,healthy,0,0
2026-03-20T05:28:18.750845+00:00,device-23,load_balancer,datacenter-east,98.43,84.47,3671.8,51.9037,99.78,0.44167,77.7,ddos_attack,5,1
2026-03-14T19:43:18.750845+00:00,device-21,server,branch-newyork,60.27,66.66,21.73,0.1145,50.21,0.00324,48.6,healthy,0,0
2026-03-13T10:53:18.750845+00:00,device-32,router,datacenter-west,50.51,47.9,29.18,0.2951,26.32,0.00222,33.0,healthy,0,0
2026-03-19T15:31:18.750845+00:00,device-47,switch,branch-newyork,11.77,28.68,37.16,0.0549,53.93,0.00028,33.8,healthy,0,0
2026-03-13T10:07:18.750845+00:00,device-07,switch,branch-losangeles,36.06,27.04,16.36,0.009,27.63,0.00164,46.3,healthy,0,0
2026-03-15T19:17:18.750845+00:00,device-06,server,datacenter-west,44.03,30.68,23.8,0.0028,17.09,0.00286,43.3,healthy,0,0
2026-03-15T19:39:18.750845+00:00,device-25,server,datacenter-west,22.04,64.85,41.99,0.0309,50.88,0.0044,48.6,healthy,0,0
2026-03-13T00:37:18.750845+00:00,device-03,switch,datacenter-east,46.35,34.91,6.17,0.0185,14.58,0.00271,38.5,healthy,0,0
2026-03-19T14:45:18.750845+00:00,device-41,router,branch-losangeles,16.39,23.73,9.12,0.0626,15.35,0.00162,38.2,healthy,0,0
2026-03-25T15:22:18.750845+00:00,device-41,router,branch-losangeles,42.92,55.28,1590.12,30.5072,67.08,0.18877,39.1,packet_loss,3,1
2026-03-21T23:09:18.750845+00:00,device-43,server,datacenter-west,10.87,34.52,4.87,0.1254,38.2,0.00243,41.8,healthy,0,0
2026-03-13T20:15:18.750845+00:00,device-24,router,datacenter-central,41.04,52.81,16.43,0.1334,35.13,0.00277,39.9,healthy,0,0
2026-03-22T21:05:18.750845+00:00,device-01,switch,branch-newyork,30.13,35.39,39.47,0.1577,40.01,0.00222,32.9,healthy,0,0
2026-03-21T06:59:18.750845+00:00,device-25,server,datacenter-central,37.52,53.69,22.15,0.0104,41.35,0.00173,48.1,healthy,0,0
2026-03-14T16:46:18.750845+00:00,device-41,server,datacenter-west,91.81,84.87,125.65,2.5489,83.18,0.02347,77.2,high_cpu,1,1
2026-03-20T08:37:18.750845+00:00,device-12,switch,branch-losangeles,45.39,45.25,19.21,0.0118,54.25,0.00298,35.3,healthy,0,0
2026-03-22T00:51:18.750845+00:00,device-02,load_balancer,branch-losangeles,11.92,48.31,17.27,0.1524,40.17,0.00255,46.0,healthy,0,0
2026-03-20T18:07:18.750845+00:00,device-48,load_balancer,datacenter-west,49.52,26.82,29.84,0.1515,31.07,0.00346,48.5,healthy,0,0
2026-03-19T08:43:18.750845+00:00,device-36,switch,datacenter-east,6.82,37.4,4.79,0.2397,17.69,0.0045,34.6,healthy,0,0
2026-03-14T10:24:18.750845+00:00,device-05,firewall,datacenter-west,97.3,88.94,1215.97,45.8226,96.23,0.52939,77.4,ddos_attack,5,1
2026-03-21T21:01:18.750845+00:00,device-48,server,branch-newyork,51.16,55.25,31.54,0.247,53.38,0.00125,34.9,healthy,0,0
2026-03-20T22:14:18.750845+00:00,device-37,switch,branch-chicago,24.87,21.47,563.81,39.875,44.06,0.14117,41.6,packet_loss,3,1
2026-03-22T12:23:18.750845+00:00,device-26,server,branch-chicago,27.03,14.07,25.78,0.0145,10.85,0.00482,46.3,healthy,0,0
2026-03-15T17:37:18.750845+00:00,device-47,switch,branch-losangeles,31.29,36.01,35.56,0.1901,62.18,7e-05,48.5,healthy,0,0
2026-03-21T11:31:18.750845+00:00,device-21,load_balancer,branch-losangeles,11.75,29.28,38.36,0.0873,50.06,0.00496,32.1,healthy,0,0
2026-03-24T06:39:18.750845+00:00,device-15,router,branch-losangeles,89.42,82.27,256.18,1.0155,89.64,0.01755,63.0,high_cpu,1,1
2026-03-21T05:48:18.750845+00:00,device-07,load_balancer,branch-chicago,90.51,86.27,2757.93,54.7553,99.62,0.39217,70.8,ddos_attack,5,1
2026-03-14T11:01:18.750845+00:00,device-40,router,datacenter-east,58.87,13.65,21.59,0.0534,63.38,0.00101,31.6,healthy,0,0
2026-03-22T06:55:18.750845+00:00,device-29,load_balancer,branch-chicago,53.88,22.27,1.08,0.2667,7.67,0.0038,47.6,healthy,0,0
2026-03-15T09:55:18.750845+00:00,device-33,load_balancer,datacenter-west,55.47,31.89,10.77,0.143,20.58,0.0003,30.0,healthy,0,0
2026-03-13T14:23:18.750845+00:00,device-11,firewall,datacenter-central,24.13,31.25,13.15,0.0877,42.55,0.00437,42.4,healthy,0,0
2026-03-13T00:47:18.750845+00:00,device-46,switch,datacenter-west,12.1,61.02,10.99,0.1894,61.97,0.00282,38.3,healthy,0,0
2026-03-15T19:11:18.750845+00:00,device-12,firewall,datacenter-west,40.08,43.2,2.76,0.0972,28.87,0.00499,34.9,healthy,0,0
2026-03-21T16:01:18.750845+00:00,device-36,firewall,datacenter-west,9.31,10.45,17.61,0.0911,38.75,0.00054,44.7,healthy,0,0
2026-03-21T17:45:18.750845+00:00,device-32,firewall,datacenter-central,24.39,38.99,9.09,0.2367,29.01,0.00173,34.9,healthy,0,0
2026-03-18T01:21:18.750845+00:00,device-43,firewall,branch-losangeles,53.0,66.35,6.32,0.1264,46.25,0.00322,33.9,healthy,0,0
2026-03-16T22:05:18.750845+00:00,device-03,router,datacenter-west,24.79,39.75,1459.08,19.5919,45.7,0.16825,40.6,packet_loss,3,1
2026-03-21T05:07:18.750845+00:00,device-18,router,branch-chicago,8.71,21.55,9.75,0.2602,16.34,0.00067,47.6,healthy,0,0
2026-03-21T13:37:18.750845+00:00,device-09,load_balancer,datacenter-central,11.39,59.06,35.66,0.2758,50.24,0.0025,44.6,healthy,0,0
2026-03-15T00:57:18.750845+00:00,device-43,switch,branch-chicago,31.94,57.35,30.54,0.1827,10.02,0.00082,42.3,healthy,0,0
2026-03-16T11:27:18.750845+00:00,device-31,firewall,branch-newyork,13.47,23.2,10.2,0.2975,37.59,0.00014,30.2,healthy,0,0
2026-03-17T01:55:18.750845+00:00,device-20,switch,datacenter-central,29.6,68.49,18.42,0.1168,23.84,0.00362,47.1,healthy,0,0
2026-03-15T04:41:18.750845+00:00,device-28,router,datacenter-west,32.4,64.79,13.34,0.1751,59.58,0.00074,47.1,healthy,0,0
2026-03-16T15:55:18.750845+00:00,device-41,firewall,branch-losangeles,32.08,22.35,9.26,0.0803,37.95,0.00216,37.8,healthy,0,0
2026-03-15T04:19:18.750845+00:00,device-24,server,datacenter-central,20.16,13.01,27.91,0.1225,54.88,0.00208,35.4,healthy,0,0
2026-03-14T19:07:18.750845+00:00,device-30,router,branch-losangeles,10.28,28.81,26.43,0.041,18.66,0.0018,37.6,healthy,0,0
2026-03-19T06:45:18.750845+00:00,device-41,switch,branch-chicago,58.51,28.8,23.38,0.0608,55.72,0.00019,46.5,healthy,0,0
2026-03-16T03:13:18.750845+00:00,device-46,router,datacenter-central,44.53,39.24,43.92,0.0811,43.45,0.00464,33.7,healthy,0,0
2026-03-19T09:37:18.750845+00:00,device-21,server,datacenter-central,64.97,61.97,13.19,0.0291,35.02,0.00288,30.0,healthy,0,0
2026-03-16T10:25:18.750845+00:00,device-22,load_balancer,datacenter-central,16.06,32.52,38.11,0.1168,41.85,0.00311,34.8,healthy,0,0
2026-03-21T06:15:18.750845+00:00,device-30,firewall,datacenter-central,21.95,69.57,9.49,0.1675,61.39,0.00283,42.6,healthy,0,0
2026-03-12T05:35:18.750845+00:00,device-23,load_balancer,branch-newyork,64.5,59.32,29.43,0.2066,11.03,0.00081,32.2,healthy,0,0
2026-03-14T13:51:18.750845+00:00,device-17,server,branch-losangeles,54.66,38.88,2.03,0.2921,28.94,0.00292,42.6,healthy,0,0
2026-03-13T23:05:18.750845+00:00,device-28,router,datacenter-west,56.1,67.61,20.31,0.164,33.08,0.00243,45.1,healthy,0,0
2026-03-22T23:03:18.750845+00:00,device-08,router,branch-chicago,12.96,24.24,35.54,0.2737,60.92,0.00277,45.2,healthy,0,0
2026-03-20T03:57:18.750845+00:00,device-07,switch,branch-losangeles,60.95,46.65,2.01,0.2713,58.2,0.00267,46.3,healthy,0,0
2026-03-20T08:31:18.750845+00:00,device-09,load_balancer,datacenter-west,15.31,65.9,29.25,0.1848,47.21,0.00119,38.7,healthy,0,0
2026-03-24T02:29:18.750845+00:00,device-31,load_balancer,datacenter-central,96.02,92.72,4853.38,34.6169,97.95,0.35424,83.1,ddos_attack,5,1
2026-03-12T16:07:18.750845+00:00,device-04,load_balancer,branch-chicago,91.6,89.98,1391.14,49.8813,98.49,0.69151,83.4,ddos_attack,5,1
2026-03-21T02:25:18.750845+00:00,device-33,server,branch-losangeles,55.98,23.81,23.93,0.2951,10.41,0.00254,37.4,healthy,0,0
2026-03-13T08:15:18.750845+00:00,device-26,router,datacenter-central,85.26,72.77,2132.29,18.9252,88.78,0.39199,69.0,bgp_flapping,4,1
2026-03-23T16:15:18.750845+00:00,device-07,router,datacenter-west,85.23,64.35,576.74,23.2683,69.1,0.15524,60.2,bgp_flapping,4,1
2026-03-17T12:33:18.750845+00:00,device-27,switch,datacenter-central,56.83,93.88,450.54,2.4768,63.49,0.0791,57.0,memory_exhaustion,2,1
2026-03-18T19:47:18.750845+00:00,device-32,load_balancer,branch-newyork,30.04,55.69,11.0,0.0972,13.35,0.00188,46.2,healthy,0,0
2026-03-15T03:15:18.750845+00:00,device-30,load_balancer,branch-chicago,42.35,39.67,26.05,0.1324,12.35,0.0033,31.7,healthy,0,0
2026-03-19T07:33:18.750845+00:00,device-13,firewall,datacenter-central,95.74,96.84,3045.09,45.8503,97.3,0.53326,76.3,ddos_attack,5,1
2026-03-18T10:37:18.750845+00:00,device-11,server,datacenter-west,25.5,12.62,27.88,0.2484,48.54,0.00072,45.6,healthy,0,0
2026-03-24T21:22:18.750845+00:00,device-05,switch,datacenter-east,48.07,98.08,433.11,1.6429,79.5,0.08154,74.6,memory_exhaustion,2,1
2026-03-13T08:45:18.750845+00:00,device-07,load_balancer,branch-chicago,19.33,47.62,29.07,0.1576,6.31,0.00318,35.8,healthy,0,0
2026-03-15T10:21:18.750845+00:00,device-04,load_balancer,datacenter-central,92.07,91.33,2688.28,57.1948,97.48,0.37093,75.4,ddos_attack,5,1
2026-03-19T01:19:18.750845+00:00,device-27,switch,branch-losangeles,24.5,27.76,36.39,0.0169,31.59,0.00051,48.8,healthy,0,0
2026-03-21T18:09:18.750845+00:00,device-15,load_balancer,datacenter-east,46.94,18.14,22.12,0.086,58.49,0.00202,30.1,healthy,0,0
2026-03-12T15:01:18.750845+00:00,device-28,switch,datacenter-central,28.64,68.23,22.25,0.2292,16.92,0.0034,41.9,healthy,0,0
2026-03-15T14:09:18.750845+00:00,device-43,load_balancer,datacenter-central,15.27,19.96,34.57,0.1081,33.03,0.00415,36.8,healthy,0,0
2026-03-25T16:53:18.750845+00:00,device-17,firewall,branch-newyork,91.9,83.31,4856.91,47.7099,96.91,0.64592,72.8,ddos_attack,5,1
2026-03-21T19:27:18.750845+00:00,device-37,load_balancer,branch-chicago,37.61,56.72,27.54,0.2009,19.21,0.00492,39.0,healthy,0,0
2026-03-14T08:03:18.750845+00:00,device-11,server,branch-chicago,48.7,13.96,1.56,0.2503,21.86,0.00342,34.2,healthy,0,0
2026-03-15T09:31:18.750845+00:00,device-12,load_balancer,datacenter-east,47.1,28.46,31.29,0.2378,24.36,0.00397,36.8,healthy,0,0
2026-03-21T18:21:18.750845+00:00,device-41,switch,datacenter-east,29.17,35.84,20.6,0.014,11.79,0.00115,44.9,healthy,0,0
2026-03-14T07:21:18.750845+00:00,device-42,firewall,branch-newyork,60.38,43.53,19.56,0.0054,60.45,0.00248,49.3,healthy,0,0
2026-03-22T05:13:18.750845+00:00,device-10,load_balancer,datacenter-central,8.81,59.36,10.16,0.2191,31.17,0.00407,41.9,healthy,0,0
2026-03-20T16:53:18.750845+00:00,device-25,load_balancer,datacenter-central,12.26,34.62,21.99,0.1774,57.12,0.00122,35.6,healthy,0,0
2026-03-17T05:59:18.750845+00:00,device-14,load_balancer,datacenter-west,5.25,28.87,34.73,0.191,59.51,0.00186,38.5,healthy,0,0
2026-03-12T02:15:18.750845+00:00,device-33,switch,branch-losangeles,11.61,32.05,25.17,0.2069,15.9,0.0023,38.1,healthy,0,0
2026-03-20T21:33:18.750845+00:00,device-16,firewall,datacenter-west,64.0,60.22,25.37,0.2923,10.32,0.00252,30.4,healthy,0,0
2026-03-15T11:19:18.750845+00:00,device-10,server,datacenter-central,40.33,23.39,41.94,0.1906,24.22,0.00094,34.0,healthy,0,0
2026-03-22T15:53:18.750845+00:00,device-44,server,branch-newyork,56.79,46.84,28.79,0.2736,57.89,0.00466,31.2,healthy,0,0
2026-03-19T04:03:18.750845+00:00,device-12,load_balancer,branch-newyork,63.61,30.34,5.82,0.2701,54.17,0.00498,50.0,healthy,0,0
2026-03-14T18:57:18.750845+00:00,device-21,firewall,branch-chicago,15.3,49.88,39.69,0.2955,14.43,0.003,41.8,healthy,0,0
2026-03-16T14:43:18.750845+00:00,device-36,switch,branch-losangeles,18.23,41.69,38.07,0.16,27.96,0.00113,46.7,healthy,0,0
2026-03-16T18:07:18.750845+00:00,device-07,firewall,datacenter-west,11.5,59.98,27.43,0.0687,19.78,0.00035,34.8,healthy,0,0
2026-03-18T19:41:18.750845+00:00,device-02,router,branch-losangeles,15.03,46.2,8.1,0.0894,6.44,0.00182,49.8,healthy,0,0
2026-03-21T15:52:18.750845+00:00,device-09,load_balancer,datacenter-central,98.85,83.81,2224.14,23.657,95.73,0.59416,84.4,ddos_attack,5,1
2026-03-15T13:33:18.750845+00:00,device-39,load_balancer,datacenter-east,31.06,12.26,30.56,0.004,33.89,0.0004,30.6,healthy,0,0
2026-03-18T04:49:18.750845+00:00,device-11,server,branch-losangeles,33.67,66.74,9.38,0.11,25.37,0.00319,37.7,healthy,0,0
2026-03-19T21:19:18.750845+00:00,device-04,server,branch-newyork,31.61,60.86,3.06,0.2936,63.24,0.00182,35.9,healthy,0,0
2026-03-14T02:51:18.750845+00:00,device-36,switch,branch-chicago,9.49,36.81,27.01,0.1405,39.63,0.00049,42.5,healthy,0,0
2026-03-14T00:38:18.750845+00:00,device-30,load_balancer,branch-chicago,94.36,88.12,1251.08,35.4372,99.24,0.49884,68.8,ddos_attack,5,1
2026-03-17T16:33:18.750845+00:00,device-07,router,datacenter-central,34.22,69.18,1.44,0.2634,60.82,0.00362,36.4,healthy,0,0
2026-03-15T00:59:18.750845+00:00,device-48,server,datacenter-east,15.16,24.04,3.55,0.0053,51.8,0.00232,33.7,healthy,0,0
2026-03-25T21:49:18.750845+00:00,device-36,firewall,branch-losangeles,93.31,85.02,2519.55,46.7436,99.34,0.42292,80.7,ddos_attack,5,1
2026-03-15T10:09:18.750845+00:00,device-45,firewall,branch-chicago,63.79,20.64,13.74,0.0559,29.74,0.00139,32.4,healthy,0,0
2026-03-21T15:09:18.750845+00:00,device-24,firewall,branch-losangeles,32.78,57.95,32.91,0.2492,60.05,0.00253,30.6,healthy,0,0
2026-03-15T02:15:18.750845+00:00,device-40,server,branch-newyork,58.92,88.81,396.91,6.2441,66.55,0.09859,72.7,memory_exhaustion,2,1
2026-03-18T19:23:18.750845+00:00,device-33,router,branch-losangeles,51.39,32.88,16.31,0.1589,45.07,0.00173,39.6,healthy,0,0
2026-03-12T05:51:18.750845+00:00,device-12,server,datacenter-east,8.65,37.58,34.04,0.2638,18.12,0.00462,37.5,healthy,0,0
2026-03-16T14:01:18.750845+00:00,device-03,load_balancer,branch-newyork,60.41,26.74,43.13,0.0671,11.66,0.00094,30.5,healthy,0,0
2026-03-20T06:49:18.750845+00:00,device-47,firewall,datacenter-east,54.29,26.29,31.64,0.2916,47.24,0.00179,47.9,healthy,0,0
2026-03-14T00:52:18.750845+00:00,device-46,router,branch-losangeles,43.37,39.63,329.57,38.5114,60.24,0.21949,50.1,packet_loss,3,1
2026-03-15T06:21:18.750845+00:00,device-07,firewall,datacenter-west,60.38,65.46,1.61,0.0904,19.7,0.00014,47.3,healthy,0,0
2026-03-20T19:43:18.750845+00:00,device-20,firewall,datacenter-west,34.87,32.25,40.62,0.2715,28.15,0.00071,33.1,healthy,0,0
2026-03-13T08:01:18.750845+00:00,device-32,firewall,datacenter-west,28.9,52.1,38.27,0.1649,25.4,0.00116,44.3,healthy,0,0
2026-03-13T12:45:18.750845+00:00,device-13,server,datacenter-west,49.85,37.99,26.28,0.0535,40.78,0.00209,43.1,healthy,0,0
2026-03-13T07:15:18.750845+00:00,device-03,switch,branch-chicago,57.34,39.57,22.8,0.1235,51.47,0.00251,48.3,healthy,0,0
2026-03-14T20:17:18.750845+00:00,device-38,switch,datacenter-central,63.99,88.46,262.6,1.6561,56.9,0.0819,64.8,memory_exhaustion,2,1
2026-03-23T02:35:18.750845+00:00,device-02,load_balancer,datacenter-central,48.3,46.03,32.26,0.2049,6.07,0.00081,35.9,healthy,0,0
2026-03-15T04:01:18.750845+00:00,device-32,firewall,datacenter-west,35.83,13.01,36.22,0.2172,52.36,0.0023,30.1,healthy,0,0
2026-03-14T01:41:18.750845+00:00,device-30,firewall,datacenter-west,51.81,46.44,43.68,0.0117,64.7,0.00262,36.4,healthy,0,0
2026-03-19T00:01:18.750845+00:00,device-17,router,datacenter-east,9.97,22.77,13.58,0.1325,18.74,0.00344,30.9,healthy,0,0
2026-03-25T05:39:18.750845+00:00,device-39,router,branch-losangeles,96.96,72.35,226.15,1.798,84.1,0.01101,70.9,high_cpu,1,1
2026-03-21T23:17:18.750845+00:00,device-10,load_balancer,branch-chicago,47.02,31.91,35.56,0.1062,40.57,0.00111,48.4,healthy,0,0
2026-03-19T22:33:18.750845+00:00,device-43,server,branch-losangeles,47.01,45.11,17.97,0.2353,58.18,0.00064,42.8,healthy,0,0
2026-03-21T22:59:18.750845+00:00,device-26,load_balancer,branch-chicago,61.63,40.52,36.78,0.0937,56.06,0.00155,35.3,healthy,0,0
2026-03-16T16:39:18.750845+00:00,device-32,router,branch-chicago,53.38,43.12,4.05,0.2403,15.56,0.00478,36.5,healthy,0,0
2026-03-17T19:13:18.750845+00:00,device-03,router,branch-losangeles,91.84,89.09,2811.03,24.674,93.99,0.12663,71.0,bgp_flapping,4,1
2026-03-18T12:13:18.750845+00:00,device-33,switch,datacenter-central,35.8,56.43,22.67,0.0037,40.32,0.00345,39.1,healthy,0,0
2026-03-16T18:51:18.750845+00:00,device-43,router,branch-chicago,5.55,46.45,8.74,0.218,19.98,0.00409,42.1,healthy,0,0
2026-03-16T04:53:18.750845+00:00,device-37,load_balancer,datacenter-west,64.81,20.97,13.24,0.1793,45.96,0.00276,30.7,healthy,0,0
2026-03-20T13:25:18.750845+00:00,device-26,load_balancer,branch-newyork,93.7,84.82,3230.88,21.0006,96.3,0.61703,81.3,ddos_attack,5,1
2026-03-15T14:55:18.750845+00:00,device-16,firewall,datacenter-west,55.45,51.14,16.37,0.2747,63.4,0.0007,30.8,healthy,0,0
2026-03-16T17:10:18.750845+00:00,device-06,firewall,branch-losangeles,97.77,81.39,4677.57,50.0263,97.99,0.54273,80.9,ddos_attack,5,1
2026-03-21T06:43:18.750845+00:00,device-06,server,branch-losangeles,56.34,20.41,24.03,0.2887,49.48,0.0049,37.1,healthy,0,0
2026-03-16T20:15:18.750845+00:00,device-24,load_balancer,branch-chicago,39.04,57.79,36.84,0.1546,24.47,0.00014,41.3,healthy,0,0
2026-03-14T14:17:18.750845+00:00,device-02,firewall,datacenter-east,49.17,60.58,2.49,0.2491,59.45,0.0012,32.3,healthy,0,0
2026-03-21T14:11:18.750845+00:00,device-27,switch,branch-chicago,30.52,10.14,31.74,0.2983,10.44,0.00023,44.9,healthy,0,0
2026-03-15T06:45:18.750845+00:00,device-05,server,branch-newyork,19.73,16.12,5.75,0.1605,49.74,0.00235,43.5,healthy,0,0
2026-03-20T18:23:18.750845+00:00,device-44,firewall,branch-chicago,8.15,55.82,1.81,0.1067,34.28,0.00225,49.9,healthy,0,0
2026-03-22T11:26:18.750845+00:00,device-20,router,branch-newyork,92.39,79.37,1577.71,21.1585,83.75,0.26832,71.2,bgp_flapping,4,1
2026-03-20T00:05:18.750845+00:00,device-13,firewall,branch-losangeles,51.42,15.27,43.44,0.0525,22.88,0.00372,32.3,healthy,0,0
2026-03-12T11:05:18.750845+00:00,device-04,switch,datacenter-west,50.05,29.18,276.53,38.8963,46.61,0.29826,53.7,packet_loss,3,1
2026-03-14T00:27:18.750845+00:00,device-37,firewall,branch-newyork,54.68,20.4,33.51,0.0368,46.53,0.00258,38.4,healthy,0,0
2026-03-20T06:15:18.750845+00:00,device-45,load_balancer,branch-chicago,40.81,60.66,38.25,0.0846,25.45,0.00243,36.6,healthy,0,0
2026-03-21T16:33:18.750845+00:00,device-18,server,branch-newyork,24.84,51.11,38.22,0.032,22.97,0.00077,42.5,healthy,0,0
2026-03-19T14:37:18.750845+00:00,device-06,server,branch-losangeles,41.77,64.89,11.11,0.0005,18.92,0.00325,39.8,healthy,0,0
2026-03-12T02:39:18.750845+00:00,device-13,router,branch-newyork,60.58,67.74,21.93,0.0212,26.52,0.00242,45.9,healthy,0,0
2026-03-18T05:43:18.750845+00:00,device-23,router,branch-newyork,18.91,66.71,28.35,0.2876,21.54,0.00446,42.9,healthy,0,0
2026-03-15T19:29:18.750845+00:00,device-44,server,branch-losangeles,37.42,11.26,30.28,0.0997,52.81,0.00094,32.1,healthy,0,0
2026-03-25T03:20:18.750845+00:00,device-43,switch,datacenter-east,67.24,91.55,214.16,7.9138,50.46,0.0792,66.3,memory_exhaustion,2,1
2026-03-21T13:39:18.750845+00:00,device-24,load_balancer,branch-losangeles,35.61,69.7,13.92,0.1497,39.69,0.00365,30.4,healthy,0,0
2026-03-22T00:45:18.750845+00:00,device-50,server,branch-newyork,12.81,55.62,5.04,0.2299,41.53,0.0006,46.7,healthy,0,0
2026-03-13T22:43:18.750845+00:00,device-40,switch,datacenter-west,14.8,68.51,30.03,0.0689,27.77,0.00026,35.9,healthy,0,0
2026-03-19T06:39:18.750845+00:00,device-41,router,datacenter-east,5.96,10.4,18.67,0.0294,41.52,0.00382,37.8,healthy,0,0
2026-03-22T23:59:18.750845+00:00,device-36,firewall,datacenter-central,53.52,36.35,9.54,0.1329,34.85,0.00455,35.1,healthy,0,0
2026-03-22T19:07:18.750845+00:00,device-23,load_balancer,datacenter-east,92.62,93.89,1297.12,34.9359,99.84,0.64313,80.1,ddos_attack,5,1
2026-03-15T07:27:18.750845+00:00,device-45,load_balancer,datacenter-east,19.47,44.65,19.52,0.1484,40.1,0.00186,49.8,healthy,0,0
2026-03-13T03:41:18.750845+00:00,device-17,router,branch-losangeles,96.89,80.61,163.04,1.8848,78.6,0.01265,74.4,high_cpu,1,1
2026-03-16T02:39:18.750845+00:00,device-18,switch,branch-chicago,25.76,24.36,42.66,0.1385,52.09,0.00167,32.9,healthy,0,0
2026-03-18T19:53:18.750845+00:00,device-17,router,datacenter-west,30.68,69.64,9.77,0.0823,12.24,0.00494,37.0,healthy,0,0
2026-03-18T12:05:18.750845+00:00,device-01,switch,branch-losangeles,17.41,32.57,37.51,0.2332,9.06,0.00217,42.5,healthy,0,0
2026-03-16T23:13:18.750845+00:00,device-43,router,datacenter-west,18.5,60.94,18.3,0.1539,37.11,0.0021,39.1,healthy,0,0
2026-03-13T19:01:18.750845+00:00,device-18,router,branch-newyork,71.69,85.95,884.35,16.4293,87.56,0.12221,64.0,bgp_flapping,4,1
2026-03-13T09:43:18.750845+00:00,device-38,firewall,branch-chicago,28.82,67.46,33.35,0.0731,39.01,0.00145,31.4,healthy,0,0
2026-03-18T00:33:18.750845+00:00,device-48,server,datacenter-west,43.64,61.61,43.72,0.0243,13.24,0.00438,49.9,healthy,0,0
2026-03-19T16:33:18.750845+00:00,device-20,router,datacenter-east,24.55,14.27,44.71,0.2841,41.36,0.00329,48.7,healthy,0,0
2026-03-17T05:27:18.750845+00:00,device-40,load_balancer,datacenter-east,10.03,25.12,42.19,0.1804,18.83,0.00369,36.0,healthy,0,0
2026-03-14T08:45:18.750845+00:00,device-15,load_balancer,branch-chicago,29.26,26.2,34.99,0.2328,46.43,0.00243,32.6,healthy,0,0
2026-03-18T16:57:18.750845+00:00,device-49,router,datacenter-west,32.51,50.18,6.99,0.063,11.44,0.00409,36.1,healthy,0,0
2026-03-14T12:47:18.750845+00:00,device-46,router,datacenter-west,40.54,41.27,16.56,0.2595,49.0,0.00046,38.1,healthy,0,0
2026-03-13T03:05:18.750845+00:00,device-15,firewall,branch-newyork,39.84,10.9,29.66,0.2806,12.83,0.00157,30.6,healthy,0,0
2026-03-12T18:57:18.750845+00:00,device-27,load_balancer,branch-newyork,46.79,23.62,39.28,0.1045,12.32,0.00281,35.4,healthy,0,0
2026-03-22T22:49:18.750845+00:00,device-45,router,datacenter-central,22.96,11.04,4.25,0.0096,18.59,0.00337,46.2,healthy,0,0
2026-03-18T13:11:18.750845+00:00,device-44,server,datacenter-west,61.47,22.83,29.64,0.2009,25.78,0.00287,43.5,healthy,0,0
2026-03-20T15:49:18.750845+00:00,device-12,load_balancer,datacenter-central,13.49,15.46,24.71,0.1833,54.18,0.00459,38.5,healthy,0,0
2026-03-20T04:19:18.750845+00:00,device-47,router,datacenter-central,11.41,49.79,1.4,0.1295,61.38,0.00254,48.5,healthy,0,0
2026-03-13T23:33:18.750845+00:00,device-33,router,branch-newyork,52.26,28.47,44.97,0.1939,44.71,0.00357,47.1,healthy,0,0
2026-03-22T09:55:18.750845+00:00,device-17,server,branch-chicago,85.27,74.13,217.7,2.4187,72.12,0.02739,67.5,high_cpu,1,1
2026-03-14T19:51:18.750845+00:00,device-22,server,datacenter-west,5.8,39.95,31.07,0.0168,30.14,0.00049,33.3,healthy,0,0
2026-03-13T04:53:18.750845+00:00,device-05,server,branch-chicago,62.86,69.34,28.87,0.2506,64.68,0.00234,33.0,healthy,0,0
2026-03-17T10:17:18.750845+00:00,device-23,router,datacenter-east,28.24,65.15,19.14,0.0259,42.55,0.0007,40.7,healthy,0,0
2026-03-16T11:40:18.750845+00:00,device-35,server,branch-newyork,98.88,78.25,127.29,1.6823,79.9,0.02635,74.1,high_cpu,1,1
2026-03-12T13:03:18.750845+00:00,device-46,router,datacenter-west,8.73,38.31,6.33,0.1741,27.71,0.00476,32.0,healthy,0,0
2026-03-17T23:21:18.750845+00:00,device-37,firewall,branch-losangeles,40.92,47.8,8.14,0.208,42.5,0.00381,31.6,healthy,0,0
2026-03-17T08:25:18.750845+00:00,device-28,firewall,datacenter-east,47.92,38.14,39.3,0.0806,33.09,0.00451,48.9,healthy,0,0
2026-03-13T19:39:18.750845+00:00,device-50,load_balancer,datacenter-central,13.05,38.92,43.47,0.1947,6.09,0.00032,49.3,healthy,0,0
2026-03-14T23:47:18.750845+00:00,device-31,server,datacenter-west,45.43,40.84,27.75,0.2122,29.51,0.00052,39.6,healthy,0,0
2026-03-17T21:47:18.750845+00:00,device-10,switch,branch-chicago,56.34,10.36,23.46,0.2961,13.58,0.00212,41.3,healthy,0,0
2026-03-21T14:25:18.750845+00:00,device-40,server,datacenter-west,56.08,58.63,18.18,0.2556,52.57,0.00451,45.2,healthy,0,0
2026-03-12T14:50:18.750845+00:00,device-04,router,branch-losangeles,93.82,82.73,2912.71,27.7513,84.56,0.44189,60.0,bgp_flapping,4,1
2026-03-14T12:35:18.750845+00:00,device-20,load_balancer,datacenter-west,98.23,96.9,4418.64,36.9629,96.78,0.28332,80.1,ddos_attack,5,1
2026-03-18T05:35:18.750845+00:00,device-44,router,datacenter-west,34.49,59.27,14.18,0.2064,41.79,0.00442,49.6,healthy,0,0
2026-03-22T10:41:18.750845+00:00,device-08,server,branch-chicago,31.69,18.94,2.61,0.0014,44.17,0.00226,42.8,healthy,0,0
2026-03-16T19:37:18.750845+00:00,device-02,server,branch-newyork,50.53,47.24,11.94,0.2292,64.52,0.00234,42.3,healthy,0,0
2026-03-13T05:31:18.750845+00:00,device-19,switch,branch-losangeles,11.65,60.67,31.85,0.1455,31.7,0.00368,39.3,healthy,0,0
2026-03-20T01:33:18.750845+00:00,device-33,load_balancer,branch-chicago,37.69,50.42,2.18,0.0415,49.45,0.00192,48.4,healthy,0,0
2026-03-17T11:13:18.750845+00:00,device-09,server,datacenter-central,22.68,30.2,17.76,0.2714,17.75,0.00239,32.4,healthy,0,0
2026-03-12T15:55:18.750845+00:00,device-47,load_balancer,datacenter-central,94.24,86.34,1514.64,27.8497,96.96,0.22504,79.7,ddos_attack,5,1
2026-03-17T06:50:18.750845+00:00,device-36,server,datacenter-central,89.56,60.93,127.63,2.3103,84.8,0.01564,65.6,high_cpu,1,1
2026-03-13T15:33:18.750845+00:00,device-02,switch,datacenter-west,52.61,93.94,311.71,3.4337,59.11,0.06889,56.9,memory_exhaustion,2,1
2026-03-14T05:05:18.750845+00:00,device-36,router,branch-newyork,20.15,21.53,27.89,0.2096,63.55,0.00075,38.2,healthy,0,0
2026-03-18T21:09:18.750845+00:00,device-39,load_balancer,datacenter-west,20.8,60.05,34.82,0.2413,29.79,0.00084,33.3,healthy,0,0
2026-03-25T02:00:18.750845+00:00,device-40,router,branch-newyork,87.23,67.91,1221.02,33.3568,84.8,0.49185,61.2,bgp_flapping,4,1
2026-03-14T22:13:18.750845+00:00,device-30,server,datacenter-west,40.52,59.75,18.77,0.2117,9.69,0.00318,34.0,healthy,0,0
2026-03-19T15:59:18.750845+00:00,device-43,firewall,datacenter-east,25.06,24.5,8.0,0.077,37.25,0.0036,38.0,healthy,0,0
2026-03-13T15:53:18.750845+00:00,device-17,load_balancer,datacenter-central,16.77,62.6,6.77,0.2286,49.3,4e-05,48.7,healthy,0,0
2026-03-23T19:13:18.750845+00:00,device-46,router,branch-newyork,30.1,54.31,809.93,24.1699,46.4,0.21012,39.2,packet_loss,3,1
2026-03-19T09:09:18.750845+00:00,device-28,load_balancer,datacenter-central,25.82,46.09,32.24,0.0672,19.86,0.00128,38.4,healthy,0,0
2026-03-13T02:01:18.750845+00:00,device-12,server,branch-newyork,34.86,26.58,24.84,0.2419,15.86,0.0015,41.7,healthy,0,0
2026-03-20T07:35:18.750845+00:00,device-46,server,branch-chicago,30.1,68.34,33.51,0.2259,12.41,0.00386,37.5,healthy,0,0
2026-03-17T11:17:18.750845+00:00,device-20,firewall,branch-chicago,7.91,46.87,14.77,0.026,31.1,0.0007,41.7,healthy,0,0
2026-03-12T22:35:18.750845+00:00,device-11,router,branch-losangeles,85.27,89.13,2320.22,27.6175,72.38,0.32564,72.0,bgp_flapping,4,1
2026-03-15T05:55:18.750845+00:00,device-01,load_balancer,datacenter-west,31.14,61.06,30.13,0.1084,36.21,0.00128,45.8,healthy,0,0
2026-03-22T05:05:18.750845+00:00,device-29,router,branch-chicago,57.76,36.53,3.75,0.2256,28.01,0.00391,46.7,healthy,0,0
2026-03-16T09:19:18.750845+00:00,device-49,router,branch-newyork,20.49,50.7,40.53,0.0032,7.19,0.0023,44.2,healthy,0,0
2026-03-18T12:43:18.750845+00:00,device-38,server,branch-losangeles,49.87,49.67,14.19,0.0628,27.62,0.0018,40.7,healthy,0,0
2026-03-19T08:32:18.750845+00:00,device-24,router,branch-newyork,91.28,75.08,1355.28,23.4238,70.74,0.44328,70.0,bgp_flapping,4,1
2026-03-15T05:29:18.750845+00:00,device-08,load_balancer,branch-losangeles,25.24,16.69,17.89,0.1677,33.11,0.00456,48.0,healthy,0,0
2026-03-18T18:00:18.750845+00:00,device-38,server,branch-newyork,71.31,90.63,461.94,4.8688,50.38,0.08777,72.8,memory_exhaustion,2,1
2026-03-17T07:25:18.750845+00:00,device-47,switch,branch-losangeles,27.63,57.55,27.81,0.2718,46.66,0.00045,41.8,healthy,0,0
2026-03-22T13:35:18.750845+00:00,device-13,firewall,branch-newyork,90.1,86.7,1153.23,20.3202,99.16,0.23634,75.8,ddos_attack,5,1
2026-03-13T09:33:18.750845+00:00,device-23,server,datacenter-east,30.12,38.78,31.46,0.1905,16.6,0.00481,47.4,healthy,0,0
2026-03-13T09:53:18.750845+00:00,device-35,firewall,branch-losangeles,93.19,88.8,2155.13,51.6776,96.06,0.47806,73.5,ddos_attack,5,1
2026-03-15T07:03:18.750845+00:00,device-09,firewall,datacenter-central,11.1,17.18,8.34,0.2494,11.72,0.00181,38.6,healthy,0,0
2026-03-13T19:37:18.750845+00:00,device-29,server,datacenter-east,15.25,67.0,43.35,0.1366,15.73,0.00404,32.8,healthy,0,0
2026-03-22T13:38:18.750845+00:00,device-41,switch,datacenter-west,47.03,92.33,222.4,6.7198,74.76,0.0834,59.8,memory_exhaustion,2,1
2026-03-20T03:15:18.750845+00:00,device-29,load_balancer,datacenter-central,39.39,43.94,21.6,0.2844,25.41,0.00317,45.3,healthy,0,0
2026-03-20T03:29:18.750845+00:00,device-42,server,datacenter-west,64.93,40.67,21.52,0.2174,5.05,0.00373,31.6,healthy,0,0
2026-03-19T20:39:18.750845+00:00,device-19,switch,datacenter-central,31.66,33.83,41.31,0.0461,5.29,2e-05,40.4,healthy,0,0
2026-03-25T08:16:18.750845+00:00,device-20,router,datacenter-east,44.59,40.37,1309.58,29.0199,38.4,0.15862,50.6,packet_loss,3,1
2026-03-15T21:57:18.750845+00:00,device-05,switch,datacenter-west,7.41,27.49,19.65,0.0735,43.58,0.00106,44.1,healthy,0,0
2026-03-17T21:45:18.750845+00:00,device-45,switch,datacenter-west,70.72,94.49,337.93,7.4359,57.68,0.08192,69.2,memory_exhaustion,2,1
2026-03-19T02:07:18.750845+00:00,device-21,router,datacenter-east,45.14,62.07,34.26,0.2974,13.51,0.00409,30.8,healthy,0,0
2026-03-15T21:19:18.750845+00:00,device-13,switch,branch-chicago,51.33,25.65,16.14,0.2809,40.13,0.00075,30.4,healthy,0,0
2026-03-20T20:31:18.750845+00:00,device-35,load_balancer,branch-newyork,27.53,45.82,38.16,0.1049,50.92,0.0021,44.0,healthy,0,0
2026-03-23T01:27:18.750845+00:00,device-30,switch,datacenter-west,51.22,49.69,25.16,0.051,55.87,0.0043,37.3,healthy,0,0
2026-03-21T16:04:18.750845+00:00,device-03,server,datacenter-east,67.37,93.86,113.96,4.4568,63.39,0.09912,69.5,memory_exhaustion,2,1
2026-03-25T09:24:18.750845+00:00,device-47,router,branch-chicago,30.79,55.41,1083.72,21.8957,45.51,0.27063,41.8,packet_loss,3,1
2026-03-16T15:59:18.750845+00:00,device-13,router,datacenter-central,5.11,25.93,22.25,0.091,42.02,0.00493,34.3,healthy,0,0
2026-03-19T13:36:18.750845+00:00,device-15,router,datacenter-west,83.35,74.59,579.66,30.7956,93.62,0.27965,57.7,bgp_flapping,4,1
2026-03-22T09:08:18.750845+00:00,device-19,switch,branch-newyork,26.42,30.5,686.13,36.1853,35.8,0.24356,42.5,packet_loss,3,1
2026-03-19T20:47:18.750845+00:00,device-04,switch,datacenter-central,59.11,63.38,43.0,0.1303,8.68,0.0034,46.9,healthy,0,0
2026-03-22T14:01:18.750845+00:00,device-22,router,branch-chicago,26.07,41.89,17.78,0.274,21.69,0.00469,42.5,healthy,0,0
2026-03-13T21:31:18.750845+00:00,device-45,switch,branch-newyork,59.39,39.6,40.48,0.1716,60.42,0.00028,34.6,healthy,0,0
2026-03-14T15:13:18.750845+00:00,device-06,server,branch-losangeles,9.33,37.0,9.58,0.2263,38.17,0.00209,44.4,healthy,0,0
2026-03-18T03:31:18.750845+00:00,device-43,firewall,datacenter-central,30.04,36.18,41.73,0.0469,19.53,0.00426,43.4,healthy,0,0
2026-03-12T17:23:18.750845+00:00,device-39,router,datacenter-central,14.09,33.48,25.33,0.0684,64.49,0.00324,33.8,healthy,0,0
2026-03-20T01:03:18.750845+00:00,device-35,server,branch-losangeles,58.37,64.52,27.7,0.2485,6.38,0.00357,35.6,healthy,0,0
2026-03-17T18:59:18.750845+00:00,device-18,firewall,datacenter-central,12.69,53.19,31.35,0.2387,47.36,0.00248,33.1,healthy,0,0
2026-03-14T22:05:18.750845+00:00,device-06,router,datacenter-central,62.83,35.07,30.41,0.1692,44.95,0.00034,30.2,healthy,0,0
2026-03-16T04:41:18.750845+00:00,device-05,switch,branch-chicago,56.48,90.07,456.03,2.5439,62.78,0.06528,65.9,memory_exhaustion,2,1
2026-03-13T16:05:18.750845+00:00,device-05,router,branch-chicago,12.95,31.39,36.06,0.0852,32.26,0.00441,33.4,healthy,0,0
2026-03-16T04:37:18.750845+00:00,device-24,router,datacenter-east,25.06,28.97,20.88,0.1971,53.19,0.00035,32.5,healthy,0,0
2026-03-21T22:01:18.750845+00:00,device-24,server,datacenter-east,53.65,16.4,18.3,0.0064,58.42,0.00374,47.1,healthy,0,0
2026-03-12T18:35:18.750845+00:00,device-39,switch,datacenter-west,8.78,31.25,8.14,0.211,52.87,0.00045,43.2,healthy,0,0
2026-03-12T13:21:18.750845+00:00,device-02,switch,branch-losangeles,60.58,22.7,37.77,0.2788,62.47,0.00037,43.4,healthy,0,0
2026-03-20T05:39:18.750845+00:00,device-02,switch,branch-newyork,39.74,68.22,9.78,0.0927,19.52,0.0037,32.8,healthy,0,0
2026-03-15T15:53:18.750845+00:00,device-16,firewall,branch-chicago,39.84,68.91,2.6,0.1766,56.56,0.00411,43.9,healthy,0,0
2026-03-13T18:31:18.750845+00:00,device-20,switch,datacenter-west,31.0,16.21,27.44,0.028,54.35,0.00195,36.3,healthy,0,0
2026-03-18T05:21:18.750845+00:00,device-37,firewall,branch-newyork,24.14,16.47,23.79,0.1562,11.63,0.00198,36.7,healthy,0,0
2026-03-13T11:59:18.750845+00:00,device-16,firewall,branch-chicago,57.2,33.36,40.64,0.0282,9.74,0.0021,48.6,healthy,0,0
2026-03-17T23:35:18.750845+00:00,device-03,firewall,branch-newyork,18.21,42.91,34.34,0.0537,57.86,0.00241,37.3,healthy,0,0
2026-03-13T06:59:18.750845+00:00,device-47,firewall,branch-newyork,15.24,20.35,37.79,0.1793,60.47,0.00127,40.2,healthy,0,0
2026-03-18T20:19:18.750845+00:00,device-18,load_balancer,branch-losangeles,47.9,29.31,21.34,0.0687,8.13,0.00125,30.5,healthy,0,0
2026-03-17T04:37:18.750845+00:00,device-42,switch,branch-newyork,18.19,32.0,17.17,0.0109,39.14,0.0048,42.9,healthy,0,0
2026-03-13T15:02:18.750845+00:00,device-16,switch,datacenter-central,45.98,92.21,202.44,7.4063,56.53,0.06233,62.5,memory_exhaustion,2,1
2026-03-16T20:11:18.750845+00:00,device-42,switch,datacenter-east,30.67,25.21,1342.9,13.39,49.09,0.13629,42.6,packet_loss,3,1
2026-03-17T17:41:18.750845+00:00,device-22,switch,branch-losangeles,32.15,27.92,43.24,0.0608,51.56,0.00196,43.2,healthy,0,0
2026-03-16T17:43:18.750845+00:00,device-21,router,datacenter-central,17.41,25.14,31.36,0.1633,30.57,0.00194,33.1,healthy,0,0
2026-03-21T09:59:18.750845+00:00,device-31,router,branch-newyork,85.82,63.54,283.33,1.9972,88.3,0.01426,78.2,high_cpu,1,1
2026-03-16T21:32:18.750845+00:00,device-19,router,datacenter-central,72.3,83.76,1711.32,33.431,60.3,0.49074,57.5,bgp_flapping,4,1
2026-03-20T19:49:18.750845+00:00,device-33,server,datacenter-east,25.3,30.55,35.2,0.1427,53.07,0.00136,38.4,healthy,0,0
2026-03-13T22:35:18.750845+00:00,device-28,server,datacenter-east,61.35,95.85,341.47,6.9471,71.62,0.0559,57.2,memory_exhaustion,2,1
2026-03-16T03:39:18.750845+00:00,device-12,firewall,datacenter-east,32.78,18.93,36.91,0.2104,48.23,0.00301,48.4,healthy,0,0
2026-03-13T16:57:18.750845+00:00,device-39,switch,branch-chicago,63.61,56.47,14.32,0.2872,15.81,0.00203,31.7,healthy,0,0
2026-03-18T14:42:18.750845+00:00,device-38,router,datacenter-east,77.64,82.15,1836.58,29.7446,74.95,0.17454,67.5,bgp_flapping,4,1
2026-03-13T14:23:18.750845+00:00,device-05,router,datacenter-west,87.04,62.57,236.35,1.0151,82.71,0.02134,66.6,high_cpu,1,1
2026-03-19T21:01:18.750845+00:00,device-04,load_balancer,branch-chicago,44.5,30.7,42.67,0.2501,10.77,0.00201,30.6,healthy,0,0
2026-03-16T07:51:18.750845+00:00,device-28,switch,branch-chicago,30.61,17.87,40.26,0.1087,18.0,0.00458,36.2,healthy,0,0
2026-03-15T14:43:18.750845+00:00,device-18,load_balancer,datacenter-east,49.32,15.86,23.26,0.1838,42.12,0.0006,45.0,healthy,0,0
2026-03-19T22:25:18.750845+00:00,device-28,router,branch-chicago,18.04,36.69,2.18,0.1903,42.42,0.004,34.7,healthy,0,0
2026-03-18T02:47:18.750845+00:00,device-10,load_balancer,branch-chicago,64.02,58.09,27.64,0.2339,25.15,0.00341,32.5,healthy,0,0
2026-03-21T17:03:18.750845+00:00,device-45,switch,datacenter-west,29.96,23.32,2.59,0.2504,62.75,0.00307,30.1,healthy,0,0
2026-03-15T01:05:18.750845+00:00,device-23,server,datacenter-east,33.04,39.98,17.05,0.1923,7.28,0.00331,32.4,healthy,0,0
2026-03-13T23:45:18.750845+00:00,device-18,switch,branch-losangeles,7.45,27.1,29.02,0.0876,10.44,0.00104,42.4,healthy,0,0
2026-03-19T07:22:18.750845+00:00,device-02,router,branch-chicago,78.11,81.62,964.36,24.19,76.38,0.40125,64.8,bgp_flapping,4,1
2026-03-14T21:27:18.750845+00:00,device-19,router,datacenter-central,37.41,13.64,28.04,0.2695,31.2,0.0039,42.0,healthy,0,0
2026-03-16T00:19:18.750845+00:00,device-14,firewall,branch-losangeles,51.45,47.12,40.68,0.0466,64.8,0.00015,41.0,healthy,0,0
2026-03-13T05:49:18.750845+00:00,device-48,server,branch-chicago,30.28,62.54,5.21,0.0959,34.36,0.00493,45.2,healthy,0,0
2026-03-16T02:19:18.750845+00:00,device-18,router,datacenter-east,56.19,40.52,1.29,0.291,59.99,0.00019,41.4,healthy,0,0
2026-03-18T04:45:18.750845+00:00,device-42,router,datacenter-east,24.09,45.73,11.06,0.1943,6.15,0.001,32.9,healthy,0,0
2026-03-21T13:27:18.750845+00:00,device-31,router,branch-newyork,30.77,25.03,13.81,0.0429,10.82,0.00272,33.8,healthy,0,0
2026-03-19T13:59:18.750845+00:00,device-17,router,branch-newyork,18.36,63.89,44.54,0.2705,11.38,0.00159,35.2,healthy,0,0
2026-03-15T23:27:18.750845+00:00,device-25,load_balancer,branch-losangeles,45.84,57.94,38.85,0.0487,52.66,0.00013,42.2,healthy,0,0
2026-03-22T06:11:18.750845+00:00,device-08,load_balancer,datacenter-central,48.03,31.24,28.63,0.1592,51.57,0.00441,39.4,healthy,0,0
2026-03-12T21:49:18.750845+00:00,device-20,router,branch-chicago,21.87,13.55,6.72,0.2165,40.92,0.00375,35.7,healthy,0,0
2026-03-14T02:53:18.750845+00:00,device-30,firewall,branch-newyork,50.15,43.47,39.86,0.056,49.8,0.00453,46.0,healthy,0,0
2026-03-21T09:16:18.750845+00:00,device-38,switch,branch-newyork,60.13,89.79,462.43,1.2572,57.22,0.09274,72.4,memory_exhaustion,2,1
2026-03-22T20:15:18.750845+00:00,device-26,firewall,datacenter-east,26.26,38.38,8.22,0.1687,58.81,0.00101,39.7,healthy,0,0
2026-03-22T05:23:18.750845+00:00,device-44,server,branch-losangeles,55.15,26.28,23.33,0.204,40.03,0.00246,39.0,healthy,0,0
2026-03-14T12:09:18.750845+00:00,device-22,switch,datacenter-west,36.24,20.52,29.35,0.176,21.26,0.00115,49.8,healthy,0,0
2026-03-15T12:23:18.750845+00:00,device-18,server,datacenter-east,44.85,10.34,11.45,0.0772,57.92,0.00234,31.3,healthy,0,0
2026-03-16T15:43:18.750845+00:00,device-50,firewall,branch-chicago,54.78,11.37,10.72,0.0247,45.09,0.00415,34.4,healthy,0,0
2026-03-17T07:17:18.750845+00:00,device-12,firewall,branch-newyork,18.37,19.18,31.35,0.1805,7.05,0.00158,44.8,healthy,0,0
2026-03-16T08:33:18.750845+00:00,device-28,switch,branch-losangeles,64.35,10.24,5.63,0.2097,55.29,0.00134,37.9,healthy,0,0
2026-03-12T22:35:18.750845+00:00,device-24,firewall,datacenter-central,64.73,44.81,5.37,0.1623,34.72,0.00498,31.3,healthy,0,0
2026-03-15T22:19:18.750845+00:00,device-11,switch,branch-newyork,38.13,31.59,43.66,0.0485,40.17,0.00021,39.3,healthy,0,0
2026-03-20T22:45:18.750845+00:00,device-13,switch,branch-losangeles,49.64,32.76,303.84,34.5571,65.12,0.1695,39.5,packet_loss,3,1
2026-03-17T05:05:18.750845+00:00,device-06,load_balancer,branch-chicago,39.07,36.62,25.49,0.2716,41.11,0.0021,36.8,healthy,0,0
2026-03-15T04:43:18.750845+00:00,device-22,router,branch-newyork,26.16,49.02,39.12,0.2148,36.0,0.00161,40.4,healthy,0,0
2026-03-12T10:27:18.750845+00:00,device-50,server,branch-chicago,36.67,56.65,7.25,0.0769,28.34,0.00432,34.0,healthy,0,0
2026-03-23T01:09:18.750845+00:00,device-18,load_balancer,branch-newyork,51.14,57.93,16.79,0.0313,55.98,0.00388,37.4,healthy,0,0
2026-03-18T19:35:18.750845+00:00,device-15,switch,datacenter-west,57.1,68.32,25.33,0.2183,64.09,0.00427,33.5,healthy,0,0
2026-03-15T03:43:18.750845+00:00,device-26,load_balancer,datacenter-east,64.38,17.43,17.26,0.042,34.65,0.00154,30.9,healthy,0,0
2026-03-18T13:06:18.750845+00:00,device-05,switch,branch-chicago,36.88,53.96,375.74,23.5794,48.57,0.28959,36.1,packet_loss,3,1
2026-03-13T18:05:18.750845+00:00,device-17,router,branch-chicago,44.36,15.4,2.52,0.2767,45.86,0.00328,44.0,healthy,0,0
2026-03-12T11:29:18.750845+00:00,device-24,router,branch-newyork,42.25,24.37,20.7,0.0954,57.13,0.00253,34.3,healthy,0,0
2026-03-25T22:19:18.750845+00:00,device-11,router,branch-chicago,49.28,42.01,1620.6,17.3783,32.07,0.26818,41.0,packet_loss,3,1
2026-03-20T12:31:18.750845+00:00,device-06,firewall,datacenter-east,56.19,25.56,10.28,0.0692,62.61,0.00372,38.5,healthy,0,0
2026-03-19T15:17:18.750845+00:00,device-05,router,branch-newyork,64.5,51.74,7.27,0.2245,10.32,0.00031,41.2,healthy,0,0
2026-03-21T18:31:18.750845+00:00,device-07,switch,datacenter-west,44.5,13.08,37.95,0.1188,43.43,0.00411,48.3,healthy,0,0
2026-03-12T06:53:18.750845+00:00,device-18,firewall,branch-newyork,32.88,67.22,2.11,0.2553,11.55,0.00294,36.8,healthy,0,0
2026-03-20T02:30:18.750845+00:00,device-37,router,datacenter-west,77.76,78.5,2759.8,27.746,70.13,0.22128,60.4,bgp_flapping,4,1
2026-03-17T18:11:18.750845+00:00,device-07,switch,branch-newyork,34.05,65.27,27.22,0.1596,63.17,0.00459,37.5,healthy,0,0
2026-03-16T23:58:18.750845+00:00,device-12,firewall,datacenter-central,93.85,90.99,4068.06,31.8017,95.42,0.36879,82.8,ddos_attack,5,1
2026-03-16T08:57:18.750845+00:00,device-28,server,branch-newyork,48.43,23.08,14.1,0.2233,51.46,0.00318,42.6,healthy,0,0
2026-03-17T00:11:18.750845+00:00,device-25,load_balancer,datacenter-west,91.21,85.51,1898.86,50.8473,98.05,0.54755,75.2,ddos_attack,5,1
2026-03-19T23:09:18.750845+00:00,device-41,router,datacenter-central,41.02,58.09,8.41,0.0397,16.98,0.00271,49.6,healthy,0,0
2026-03-17T10:15:18.750845+00:00,device-36,server,branch-chicago,54.71,10.39,20.55,0.0919,51.65,0.00477,47.3,healthy,0,0
2026-03-16T01:37:18.750845+00:00,device-33,load_balancer,branch-losangeles,17.3,32.64,21.05,0.0365,28.85,0.00375,37.6,healthy,0,0
2026-03-21T13:31:18.750845+00:00,device-06,firewall,branch-chicago,64.62,34.57,6.47,0.1541,44.55,0.00126,34.1,healthy,0,0
2026-03-22T18:12:18.750845+00:00,device-04,load_balancer,datacenter-central,97.16,84.02,3349.47,39.3019,99.67,0.38737,71.7,ddos_attack,5,1
2026-03-16T17:49:18.750845+00:00,device-22,router,datacenter-central,40.28,39.21,40.29,0.018,18.45,0.0001,49.9,healthy,0,0
2026-03-21T22:35:18.750845+00:00,device-13,firewall,datacenter-central,54.66,37.77,10.15,0.0895,31.98,0.00122,47.1,healthy,0,0
2026-03-14T09:57:18.750845+00:00,device-07,load_balancer,datacenter-west,62.45,34.28,26.32,0.1469,54.84,0.00108,41.6,healthy,0,0
2026-03-21T03:55:18.750845+00:00,device-04,switch,branch-chicago,38.4,15.12,32.29,0.2659,38.11,0.00487,37.8,healthy,0,0
2026-03-14T12:31:18.750845+00:00,device-15,server,datacenter-east,13.5,26.69,20.2,0.2368,62.12,0.00094,37.1,healthy,0,0
2026-03-14T21:45:18.750845+00:00,device-33,server,branch-losangeles,6.77,12.98,4.91,0.1459,35.47,0.00143,39.2,healthy,0,0
2026-03-17T02:11:18.750845+00:00,device-33,server,branch-newyork,13.81,57.44,7.38,0.2326,14.0,0.00334,35.8,healthy,0,0
2026-03-22T04:27:18.750845+00:00,device-49,firewall,branch-newyork,17.72,14.21,15.58,0.1443,34.86,0.00238,47.7,healthy,0,0
2026-03-22T20:45:18.750845+00:00,device-42,server,branch-losangeles,23.58,65.59,14.03,0.1775,60.27,0.00473,45.5,healthy,0,0
2026-03-17T20:59:18.750845+00:00,device-20,router,datacenter-east,30.55,12.04,9.25,0.0848,54.16,0.00149,41.4,healthy,0,0
2026-03-17T18:47:18.750845+00:00,device-23,switch,branch-chicago,37.89,19.22,31.18,0.2126,38.35,0.00186,50.0,healthy,0,0
2026-03-13T23:13:18.750845+00:00,device-27,server,datacenter-central,20.53,45.06,16.43,0.2417,8.65,0.00328,37.9,healthy,0,0
2026-03-15T13:43:18.750845+00:00,device-12,router,datacenter-central,12.17,64.22,39.54,0.0116,19.52,0.00385,35.0,healthy,0,0
2026-03-21T04:25:18.750845+00:00,device-49,firewall,branch-chicago,49.97,53.91,9.72,0.0418,64.74,0.00112,41.3,healthy,0,0
2026-03-14T17:17:18.750845+00:00,device-37,server,branch-losangeles,8.7,39.13,10.74,0.0745,30.69,0.00433,49.0,healthy,0,0
2026-03-13T14:27:18.750845+00:00,device-15,server,datacenter-east,55.88,14.1,27.23,0.1427,47.31,0.00463,41.2,healthy,0,0
2026-03-14T13:21:18.750845+00:00,device-20,firewall,branch-losangeles,44.48,46.35,28.15,0.2598,58.89,0.00316,46.1,healthy,0,0
2026-03-15T13:51:18.750845+00:00,device-28,load_balancer,branch-losangeles,40.12,30.53,25.38,0.0155,15.21,0.00075,40.9,healthy,0,0
2026-03-17T02:37:18.750845+00:00,device-15,server,branch-losangeles,8.27,19.63,10.58,0.1334,24.49,0.00458,44.2,healthy,0,0
2026-03-14T19:27:18.750845+00:00,device-37,load_balancer,datacenter-west,27.81,42.38,8.06,0.2384,39.23,0.00121,41.5,healthy,0,0
2026-03-20T09:39:18.750845+00:00,device-38,load_balancer,branch-chicago,55.26,14.94,2.21,0.1637,21.15,0.00014,43.5,healthy,0,0
2026-03-22T18:05:18.750845+00:00,device-43,switch,branch-losangeles,65.36,90.01,282.64,1.597,54.39,0.03208,74.1,memory_exhaustion,2,1
2026-03-21T19:39:18.750845+00:00,device-33,server,branch-chicago,7.78,15.5,35.51,0.0012,15.62,0.00018,31.9,healthy,0,0
2026-03-18T11:59:18.750845+00:00,device-11,router,branch-newyork,32.49,24.81,4.48,0.0279,23.51,0.00164,44.3,healthy,0,0
2026-03-21T16:49:18.750845+00:00,device-14,firewall,datacenter-east,35.76,39.37,4.46,0.2144,37.46,0.00253,39.2,healthy,0,0
2026-03-17T00:25:18.750845+00:00,device-10,router,datacenter-central,34.55,39.79,29.93,0.087,32.52,0.00427,46.9,healthy,0,0
2026-03-21T18:11:18.750845+00:00,device-03,switch,branch-chicago,9.31,67.28,35.91,0.0858,7.88,0.00485,35.7,healthy,0,0
2026-03-20T18:33:18.750845+00:00,device-33,load_balancer,branch-newyork,23.53,49.29,32.16,0.2001,15.74,0.00023,47.2,healthy,0,0
2026-03-19T12:51:18.750845+00:00,device-25,load_balancer,branch-chicago,56.53,40.76,28.46,0.1681,25.57,0.00034,45.8,healthy,0,0
2026-03-19T01:49:18.750845+00:00,device-42,switch,datacenter-central,29.33,11.51,24.04,0.2641,19.52,0.0019,49.4,healthy,0,0
2026-03-14T14:27:18.750845+00:00,device-35,firewall,branch-losangeles,16.8,51.3,43.67,0.2932,19.26,0.00365,31.6,healthy,0,0
2026-03-18T19:32:18.750845+00:00,device-45,router,datacenter-west,92.66,80.82,2833.44,27.5604,60.97,0.10556,56.3,bgp_flapping,4,1
2026-03-13T12:31:18.750845+00:00,device-12,firewall,datacenter-west,37.89,23.59,24.04,0.2265,16.95,0.00327,47.9,healthy,0,0
2026-03-13T03:39:18.750845+00:00,device-36,load_balancer,datacenter-west,44.86,63.96,28.44,0.2041,48.77,0.00338,35.6,healthy,0,0
2026-03-16T00:53:18.750845+00:00,device-02,server,datacenter-west,11.47,69.4,5.73,0.1025,27.01,0.00491,47.5,healthy,0,0
2026-03-21T20:09:18.750845+00:00,device-09,router,branch-newyork,42.72,33.51,29.96,0.2583,6.77,0.00066,40.5,healthy,0,0
2026-03-15T22:31:18.750845+00:00,device-43,router,datacenter-west,37.46,54.72,24.6,0.0321,20.84,0.00128,43.1,healthy,0,0
2026-03-14T20:53:18.750845+00:00,device-38,firewall,branch-chicago,45.28,35.24,28.14,0.1421,56.61,0.00392,43.4,healthy,0,0
2026-03-19T01:45:18.750845+00:00,device-15,switch,branch-newyork,44.63,31.67,36.8,0.1887,54.19,0.00155,44.7,healthy,0,0
2026-03-23T02:23:18.750845+00:00,device-48,router,datacenter-east,40.9,29.25,17.06,0.2463,29.94,0.0019,44.3,healthy,0,0
2026-03-17T02:49:18.750845+00:00,device-19,server,branch-newyork,7.48,43.3,13.33,0.09,10.64,0.00086,34.2,healthy,0,0
2026-03-23T11:34:18.750845+00:00,device-31,switch,branch-chicago,49.37,51.17,884.78,26.407,43.22,0.21553,43.4,packet_loss,3,1
2026-03-14T10:47:18.750845+00:00,device-26,server,branch-losangeles,45.89,12.77,8.98,0.0214,37.26,0.00192,46.9,healthy,0,0
2026-03-20T02:17:18.750845+00:00,device-30,switch,datacenter-central,29.7,32.67,27.32,0.1468,25.06,0.00249,49.4,healthy,0,0
2026-03-17T01:35:18.750845+00:00,device-39,server,branch-losangeles,22.16,52.57,44.39,0.0481,6.18,0.0041,43.2,healthy,0,0
2026-03-22T16:35:18.750845+00:00,device-31,switch,datacenter-west,63.53,61.15,28.4,0.2572,13.22,0.00226,36.6,healthy,0,0
2026-03-19T20:33:18.750845+00:00,device-27,router,datacenter-west,63.83,24.26,21.75,0.1342,51.53,0.004,39.1,healthy,0,0
2026-03-16T08:17:18.750845+00:00,device-28,load_balancer,datacenter-east,37.4,20.86,20.02,0.009,5.51,0.0047,45.2,healthy,0,0
2026-03-18T06:31:18.750845+00:00,device-03,server,branch-newyork,28.76,65.31,18.2,0.2365,8.89,0.00032,39.7,healthy,0,0
2026-03-19T17:51:18.750845+00:00,device-50,server,branch-newyork,56.6,51.44,13.98,0.0504,50.25,0.00348,48.1,healthy,0,0
2026-03-20T18:37:18.750845+00:00,device-39,firewall,datacenter-central,35.09,63.9,40.36,0.2458,55.4,0.00087,32.6,healthy,0,0
2026-03-20T12:43:18.750845+00:00,device-25,load_balancer,datacenter-central,5.64,18.17,40.57,0.2871,42.7,0.00384,31.6,healthy,0,0
2026-03-21T14:03:18.750845+00:00,device-32,router,branch-newyork,44.49,30.55,12.36,0.282,40.26,0.00152,42.0,healthy,0,0
2026-03-15T03:55:18.750845+00:00,device-11,router,branch-chicago,93.04,83.83,2561.32,24.7873,65.61,0.30087,71.9,bgp_flapping,4,1
2026-03-13T12:27:18.750845+00:00,device-10,load_balancer,branch-losangeles,12.1,51.77,26.8,0.0324,49.03,0.00434,32.7,healthy,0,0
2026-03-20T10:07:18.750845+00:00,device-22,switch,branch-chicago,26.81,44.64,16.61,0.2496,11.72,0.00126,41.0,healthy,0,0
2026-03-15T20:45:18.750845+00:00,device-28,router,datacenter-central,44.67,39.66,37.63,0.1122,6.75,2e-05,39.9,healthy,0,0
2026-03-18T06:55:18.750845+00:00,device-31,switch,branch-losangeles,31.73,24.47,4.17,0.0674,22.1,0.00355,45.3,healthy,0,0
2026-03-18T05:07:18.750845+00:00,device-48,router,datacenter-east,10.24,17.93,35.42,0.1568,47.29,0.00401,32.2,healthy,0,0
2026-03-21T04:07:18.750845+00:00,device-48,firewall,branch-chicago,51.45,16.08,8.28,0.2209,30.54,0.0018,49.3,healthy,0,0
2026-03-21T08:45:18.750845+00:00,device-41,server,branch-chicago,5.33,21.23,42.56,0.0546,15.06,0.00059,37.8,healthy,0,0
2026-03-22T04:47:18.750845+00:00,device-10,load_balancer,datacenter-central,43.16,36.5,36.89,0.1409,5.67,0.00392,32.5,healthy,0,0
2026-03-22T09:53:18.750845+00:00,device-47,switch,branch-newyork,62.07,89.43,275.59,4.9971,58.78,0.04966,63.9,memory_exhaustion,2,1
2026-03-19T05:01:18.750845+00:00,device-40,router,branch-newyork,14.84,59.45,23.76,0.1546,9.19,0.00439,37.1,healthy,0,0
2026-03-23T04:25:18.750845+00:00,device-46,server,datacenter-central,30.39,11.81,4.12,0.0019,11.52,0.00324,33.6,healthy,0,0
2026-03-20T18:11:18.750845+00:00,device-49,switch,branch-losangeles,13.91,20.61,32.16,0.0953,12.64,0.00139,31.6,healthy,0,0
2026-03-22T08:57:18.750845+00:00,device-08,firewall,branch-newyork,52.57,28.33,9.44,0.0526,22.68,0.00486,37.3,healthy,0,0
2026-03-13T17:05:18.750845+00:00,device-21,firewall,datacenter-central,35.24,15.42,18.91,0.0169,53.37,0.00263,37.8,healthy,0,0
2026-03-12T13:29:18.750845+00:00,device-29,load_balancer,branch-newyork,11.74,41.37,10.61,0.0857,45.08,0.00145,35.3,healthy,0,0
2026-03-12T18:03:18.750845+00:00,device-23,switch,datacenter-west,29.94,12.77,40.29,0.1296,19.28,0.00369,37.6,healthy,0,0
2026-03-15T16:27:18.750845+00:00,device-32,router,branch-losangeles,16.9,18.34,7.61,0.1305,40.02,0.00454,45.8,healthy,0,0
2026-03-16T10:53:18.750845+00:00,device-43,server,branch-newyork,57.61,31.41,2.53,0.0228,58.55,0.00472,31.4,healthy,0,0
2026-03-16T04:15:18.750845+00:00,device-50,firewall,datacenter-central,20.67,43.4,34.53,0.1801,22.18,0.00411,36.2,healthy,0,0
2026-03-14T16:39:18.750845+00:00,device-06,router,branch-losangeles,38.78,63.98,32.12,0.0218,51.26,0.00057,49.7,healthy,0,0
2026-03-20T11:29:18.750845+00:00,device-34,load_balancer,branch-losangeles,55.0,39.74,7.25,0.0053,26.85,0.00317,37.9,healthy,0,0
2026-03-22T04:25:18.750845+00:00,device-25,router,datacenter-central,11.99,13.95,3.09,0.0305,11.81,0.001,32.4,healthy,0,0
2026-03-18T13:29:18.750845+00:00,device-03,server,branch-losangeles,19.27,69.64,12.42,0.1849,7.99,0.00227,37.6,healthy,0,0
2026-03-14T11:09:18.750845+00:00,device-05,router,branch-chicago,92.48,65.95,1761.42,24.9482,88.27,0.16416,71.7,bgp_flapping,4,1
2026-03-15T15:31:18.750845+00:00,device-13,load_balancer,datacenter-central,40.38,41.78,20.34,0.0396,61.4,3e-05,45.2,healthy,0,0
2026-03-17T00:15:18.750845+00:00,device-14,switch,branch-newyork,54.36,39.74,27.45,0.2462,17.13,0.00158,30.5,healthy,0,0
2026-03-17T09:53:18.750845+00:00,device-33,switch,datacenter-central,64.2,32.54,4.7,0.2155,37.63,0.00225,39.0,healthy,0,0
2026-03-18T17:38:18.750845+00:00,device-45,load_balancer,branch-losangeles,90.45,89.16,1777.21,55.6326,97.19,0.43575,70.2,ddos_attack,5,1
2026-03-16T08:29:18.750845+00:00,device-49,load_balancer,datacenter-east,46.26,12.73,16.93,0.2549,13.62,0.00222,39.5,healthy,0,0
2026-03-13T06:39:18.750845+00:00,device-05,switch,branch-chicago,35.55,42.75,23.06,0.0081,49.85,0.00385,48.2,healthy,0,0
2026-03-13T09:19:18.750845+00:00,device-40,load_balancer,datacenter-west,9.79,61.26,7.04,0.1435,50.88,0.00092,33.9,healthy,0,0
2026-03-13T23:31:18.750845+00:00,device-04,router,branch-losangeles,64.79,52.98,36.74,0.1153,56.11,0.0038,36.2,healthy,0,0
2026-03-15T01:40:18.750845+00:00,device-45,server,branch-chicago,90.25,71.13,203.08,2.7846,79.72,0.03988,63.3,high_cpu,1,1
2026-03-16T12:09:18.750845+00:00,device-40,switch,branch-newyork,17.23,28.63,31.39,0.2211,23.98,0.00494,45.9,healthy,0,0
2026-03-13T05:01:18.750845+00:00,device-13,server,datacenter-west,44.34,40.48,12.6,0.2991,21.67,0.00023,42.7,healthy,0,0
2026-03-16T05:48:18.750845+00:00,device-17,switch,datacenter-central,42.12,89.3,180.35,4.0131,68.42,0.05714,74.9,memory_exhaustion,2,1
2026-03-14T11:55:18.750845+00:00,device-50,router,datacenter-west,62.32,49.91,33.21,0.2845,52.69,0.00241,31.5,healthy,0,0
2026-03-16T20:09:18.750845+00:00,device-16,router,branch-newyork,21.19,40.68,1015.13,35.3004,40.63,0.06324,51.1,packet_loss,3,1
2026-03-14T20:30:18.750845+00:00,device-34,server,branch-chicago,71.89,97.9,221.06,2.9945,60.28,0.07742,72.1,memory_exhaustion,2,1
2026-03-14T15:03:18.750845+00:00,device-02,router,branch-newyork,56.46,34.1,2.91,0.1878,63.27,0.00416,41.9,healthy,0,0
2026-03-17T19:36:18.750845+00:00,device-14,server,branch-losangeles,88.03,74.73,136.6,1.4807,83.77,0.01203,60.5,high_cpu,1,1
2026-03-24T17:21:18.750845+00:00,device-42,server,branch-chicago,91.51,73.42,137.95,1.7069,71.09,0.03094,77.3,high_cpu,1,1
2026-03-23T14:18:18.750845+00:00,device-07,load_balancer,datacenter-east,98.4,94.33,2857.87,26.3065,98.93,0.37631,70.0,ddos_attack,5,1
2026-03-16T19:57:18.750845+00:00,device-09,load_balancer,datacenter-east,40.55,37.98,16.33,0.2566,29.14,0.0002,41.6,healthy,0,0
2026-03-14T15:39:18.750845+00:00,device-49,firewall,datacenter-west,54.69,18.67,13.18,0.0728,7.2,0.00246,43.5,healthy,0,0
2026-03-23T19:39:18.750845+00:00,device-39,server,datacenter-central,95.66,62.92,225.45,1.8003,86.41,0.0106,72.4,high_cpu,1,1
2026-03-17T14:33:18.750845+00:00,device-39,firewall,branch-chicago,46.44,37.54,36.47,0.0554,48.74,0.00483,40.7,healthy,0,0
2026-03-15T13:35:18.750845+00:00,device-33,server,branch-chicago,38.0,29.43,34.37,0.2461,42.77,0.0017,38.8,healthy,0,0
2026-03-20T00:59:18.750845+00:00,device-08,firewall,datacenter-west,43.72,20.23,7.14,0.273,58.68,0.00445,38.9,healthy,0,0
2026-03-25T07:51:18.750845+00:00,device-30,switch,branch-losangeles,50.53,88.39,222.11,1.6703,67.38,0.0798,64.2,memory_exhaustion,2,1
2026-03-12T02:05:18.750845+00:00,device-45,load_balancer,datacenter-east,61.21,37.06,13.94,0.1645,16.61,0.0023,47.9,healthy,0,0
2026-03-14T05:55:18.750845+00:00,device-49,switch,datacenter-east,56.85,27.83,20.53,0.0437,31.58,0.00402,39.7,healthy,0,0
2026-03-12T13:53:18.750845+00:00,device-35,firewall,branch-chicago,55.04,62.34,9.8,0.2438,38.54,0.00364,48.4,healthy,0,0
2026-03-17T05:40:18.750845+00:00,device-42,server,datacenter-central,51.25,90.12,196.55,4.5363,69.49,0.05235,72.0,memory_exhaustion,2,1
2026-03-20T07:07:18.750845+00:00,device-24,switch,datacenter-central,46.23,96.99,326.83,4.1521,53.74,0.04757,63.4,memory_exhaustion,2,1
2026-03-12T20:49:18.750845+00:00,device-13,router,datacenter-west,44.84,67.77,29.25,0.1846,16.88,0.00103,43.2,healthy,0,0
2026-03-20T22:04:18.750845+00:00,device-22,router,datacenter-east,91.51,67.23,260.37,2.2431,70.82,0.03444,79.5,high_cpu,1,1
2026-03-14T22:19:18.750845+00:00,device-15,load_balancer,branch-chicago,41.87,28.47,9.52,0.2552,53.63,0.00366,44.5,healthy,0,0
2026-03-16T11:49:18.750845+00:00,device-41,firewall,branch-newyork,92.21,81.05,2940.64,37.3637,97.43,0.55173,76.2,ddos_attack,5,1
2026-03-19T12:57:18.750845+00:00,device-17,switch,datacenter-central,50.1,66.27,10.74,0.2501,33.9,0.00457,32.7,healthy,0,0
2026-03-16T08:05:18.750845+00:00,device-22,server,branch-losangeles,30.94,37.94,23.74,0.2916,46.49,0.00269,40.1,healthy,0,0
2026-03-22T15:02:18.750845+00:00,device-27,router,datacenter-central,86.88,67.59,123.36,2.0186,85.11,0.02318,76.8,high_cpu,1,1
2026-03-18T02:34:18.750845+00:00,device-17,firewall,datacenter-east,94.73,86.94,1831.79,44.7717,96.85,0.69196,80.3,ddos_attack,5,1
2026-03-12T04:13:18.750845+00:00,device-18,switch,branch-chicago,51.96,64.8,38.23,0.1334,6.14,0.00037,49.2,healthy,0,0
2026-03-13T16:15:18.750845+00:00,device-39,load_balancer,branch-losangeles,58.08,32.86,13.67,0.2311,35.2,0.00227,30.5,healthy,0,0
2026-03-17T21:15:18.750845+00:00,device-24,router,datacenter-west,49.41,56.52,20.15,0.1778,43.91,0.00077,33.6,healthy,0,0
2026-03-14T09:33:18.750845+00:00,device-03,switch,branch-newyork,16.04,61.68,25.9,0.1292,11.35,0.00262,40.1,healthy,0,0
2026-03-18T09:43:18.750845+00:00,device-09,router,datacenter-east,85.36,79.42,2967.39,21.6251,84.92,0.43455,69.0,bgp_flapping,4,1
2026-03-16T14:23:18.750845+00:00,device-12,load_balancer,branch-chicago,27.27,29.88,5.31,0.1323,48.54,0.00494,35.8,healthy,0,0
2026-03-19T03:55:18.750845+00:00,device-48,router,datacenter-central,16.06,32.3,13.64,0.1447,59.12,0.00378,40.6,healthy,0,0
2026-03-13T19:21:18.750845+00:00,device-37,load_balancer,branch-newyork,14.65,33.87,4.62,0.1838,25.28,0.00133,35.8,healthy,0,0
2026-03-14T19:37:18.750845+00:00,device-07,firewall,branch-losangeles,43.32,50.03,31.91,0.1341,53.73,0.00441,44.7,healthy,0,0
2026-03-16T02:18:18.750845+00:00,device-28,router,datacenter-west,91.11,76.64,1606.32,15.8512,66.09,0.28019,65.0,bgp_flapping,4,1
2026-03-13T13:57:18.750845+00:00,device-25,switch,branch-newyork,32.92,51.75,34.53,0.0258,50.46,0.00101,36.3,healthy,0,0
2026-03-16T22:13:18.750845+00:00,device-21,load_balancer,datacenter-east,11.36,48.99,25.32,0.1495,61.2,0.0028,47.4,healthy,0,0
2026-03-15T06:01:18.750845+00:00,device-04,router,datacenter-east,30.74,38.22,6.88,0.1754,40.42,0.0031,41.6,healthy,0,0
2026-03-12T22:29:18.750845+00:00,device-16,server,datacenter-west,61.2,28.5,27.12,0.1511,43.54,0.00489,36.9,healthy,0,0
2026-03-18T13:33:18.750845+00:00,device-34,load_balancer,branch-losangeles,97.37,84.61,2086.69,22.5461,97.25,0.30627,70.7,ddos_attack,5,1
2026-03-15T23:13:18.750845+00:00,device-14,server,datacenter-central,60.65,54.4,3.93,0.1574,33.3,0.00398,41.1,healthy,0,0
2026-03-17T20:30:18.750845+00:00,device-17,router,datacenter-east,89.61,77.49,277.86,0.7114,83.48,0.02664,75.4,high_cpu,1,1
2026-03-16T09:35:18.750845+00:00,device-31,switch,branch-chicago,21.36,50.09,40.32,0.0083,58.99,0.00078,41.1,healthy,0,0
2026-03-22T05:27:18.750845+00:00,device-46,firewall,branch-newyork,31.64,48.65,12.54,0.1964,18.01,0.00432,48.2,healthy,0,0
2026-03-12T01:49:18.750845+00:00,device-33,switch,branch-chicago,56.6,10.05,17.75,0.0806,38.26,0.00107,41.3,healthy,0,0
2026-03-21T09:43:18.750845+00:00,device-02,load_balancer,datacenter-central,64.22,67.49,34.83,0.247,6.8,0.00422,46.1,healthy,0,0
2026-03-14T13:25:18.750845+00:00,device-08,load_balancer,branch-newyork,21.36,52.46,15.14,0.1703,49.41,0.00421,32.4,healthy,0,0
2026-03-19T18:51:18.750845+00:00,device-18,firewall,branch-newyork,32.99,64.93,15.02,0.299,48.5,0.00272,36.0,healthy,0,0
2026-03-13T21:37:18.750845+00:00,device-48,server,branch-newyork,29.86,58.93,20.89,0.2714,51.77,0.00155,42.0,healthy,0,0
2026-03-19T04:16:18.750845+00:00,device-30,router,datacenter-west,96.88,71.03,153.55,1.03,80.61,0.03786,68.4,high_cpu,1,1
2026-03-18T08:25:18.750845+00:00,device-43,router,branch-losangeles,88.85,75.12,128.51,1.3973,70.97,0.03987,72.4,high_cpu,1,1
2026-03-17T07:55:18.750845+00:00,device-15,firewall,branch-newyork,48.39,64.98,27.49,0.0208,24.27,0.00058,33.4,healthy,0,0
2026-03-18T16:05:18.750845+00:00,device-43,switch,datacenter-east,63.1,38.37,15.98,0.1074,15.48,0.00439,49.9,healthy,0,0
2026-03-13T22:41:18.750845+00:00,device-30,firewall,branch-newyork,41.45,66.81,2.83,0.1433,26.01,0.00217,32.1,healthy,0,0
2026-03-16T15:25:18.750845+00:00,device-42,firewall,branch-newyork,12.5,17.62,9.03,0.1879,43.83,0.00488,35.6,healthy,0,0
2026-03-14T10:37:18.750845+00:00,device-04,router,branch-newyork,17.01,52.72,33.88,0.0363,30.11,0.00193,43.6,healthy,0,0
2026-03-15T00:29:18.750845+00:00,device-31,server,branch-losangeles,39.66,50.9,19.97,0.0477,27.12,0.00109,36.1,healthy,0,0
2026-03-12T11:55:18.750845+00:00,device-04,switch,datacenter-central,41.04,19.06,2.92,0.2566,48.07,0.0016,39.5,healthy,0,0
2026-03-13T08:29:18.750845+00:00,device-34,server,branch-losangeles,27.53,48.39,17.31,0.0228,6.15,0.00042,47.3,healthy,0,0
2026-03-15T03:53:18.750845+00:00,device-43,switch,branch-newyork,15.97,22.05,18.41,0.2954,64.88,0.0016,46.7,healthy,0,0
2026-03-16T13:59:18.750845+00:00,device-25,switch,datacenter-central,39.5,25.14,29.05,0.1283,11.04,0.00153,35.6,healthy,0,0
2026-03-22T21:09:18.750845+00:00,device-05,router,datacenter-central,15.26,53.91,33.44,0.22,8.17,0.00067,45.7,healthy,0,0
2026-03-18T14:39:18.750845+00:00,device-12,server,branch-losangeles,39.32,39.36,28.79,0.1216,39.17,0.001,46.2,healthy,0,0
2026-03-18T15:53:18.750845+00:00,device-32,router,branch-chicago,50.68,30.48,19.5,0.1171,40.84,0.00203,40.9,healthy,0,0
2026-03-16T08:21:18.750845+00:00,device-23,load_balancer,datacenter-central,49.2,37.34,35.52,0.0168,26.62,0.00153,40.0,healthy,0,0
2026-03-17T01:41:18.750845+00:00,device-47,firewall,branch-chicago,13.66,49.99,34.14,0.16,35.54,0.00473,30.7,healthy,0,0
2026-03-18T03:17:18.750845+00:00,device-29,router,branch-chicago,30.18,43.82,28.31,0.2604,32.26,0.00278,39.7,healthy,0,0
2026-03-21T14:27:18.750845+00:00,device-09,server,branch-newyork,23.77,15.98,22.24,0.0478,49.52,0.00383,39.4,healthy,0,0
2026-03-17T15:09:18.750845+00:00,device-02,router,datacenter-west,39.58,40.38,371.88,32.873,50.41,0.24389,36.5,packet_loss,3,1
2026-03-15T18:09:18.750845+00:00,device-31,load_balancer,branch-chicago,28.63,59.36,12.72,0.1047,48.81,0.00395,44.4,healthy,0,0
2026-03-20T05:19:18.750845+00:00,device-46,switch,datacenter-west,50.0,37.35,14.51,0.0159,38.98,0.00077,31.4,healthy,0,0
2026-03-18T23:22:18.750845+00:00,device-19,server,branch-newyork,59.01,94.21,202.01,2.3215,54.5,0.03594,61.8,memory_exhaustion,2,1
2026-03-18T12:49:18.750845+00:00,device-30,load_balancer,datacenter-east,36.63,26.4,37.21,0.1538,17.42,0.00349,43.2,healthy,0,0
2026-03-14T04:02:18.750845+00:00,device-28,switch,branch-losangeles,32.8,36.32,1864.18,12.034,65.84,0.09145,41.1,packet_loss,3,1
2026-03-13T10:11:18.750845+00:00,device-16,firewall,branch-chicago,45.24,51.8,4.6,0.1742,62.45,0.00186,46.3,healthy,0,0
2026-03-19T14:39:18.750845+00:00,device-03,server,datacenter-central,60.44,69.33,16.3,0.2694,20.39,0.00285,47.2,healthy,0,0
2026-03-22T00:17:18.750845+00:00,device-18,server,datacenter-central,25.52,46.83,11.65,0.0345,48.55,0.00453,45.5,healthy,0,0
2026-03-20T17:23:18.750845+00:00,device-28,firewall,branch-newyork,60.26,29.81,34.98,0.2882,36.3,0.00475,49.6,healthy,0,0
2026-03-21T19:05:18.750845+00:00,device-26,load_balancer,datacenter-west,16.68,50.59,31.73,0.2024,49.76,0.00404,41.0,healthy,0,0
2026-03-21T18:45:18.750845+00:00,device-03,switch,branch-newyork,26.8,20.85,12.81,0.251,23.87,0.00363,41.6,healthy,0,0
2026-03-15T00:28:18.750845+00:00,device-34,router,branch-chicago,92.46,82.22,91.17,1.768,70.2,0.02012,74.1,high_cpu,1,1
2026-03-14T17:00:18.750845+00:00,device-15,switch,datacenter-east,36.07,21.34,233.47,24.1192,30.68,0.08297,38.6,packet_loss,3,1
2026-03-23T04:27:18.750845+00:00,device-49,firewall,branch-losangeles,11.68,40.29,32.95,0.1443,59.89,0.00248,42.7,healthy,0,0
2026-03-16T00:44:18.750845+00:00,device-12,router,datacenter-west,74.76,74.59,536.82,30.8591,94.21,0.2602,63.3,bgp_flapping,4,1
2026-03-16T07:47:18.750845+00:00,device-49,switch,datacenter-central,38.12,61.26,26.68,0.0802,25.78,0.00467,42.2,healthy,0,0
2026-03-12T09:09:18.750845+00:00,device-16,switch,datacenter-east,45.99,26.61,29.37,0.1818,25.1,0.00456,33.1,healthy,0,0
2026-03-16T20:33:18.750845+00:00,device-22,firewall,datacenter-central,58.42,15.06,43.14,0.2525,55.06,0.00191,39.1,healthy,0,0
2026-03-13T08:11:18.750845+00:00,device-03,load_balancer,branch-losangeles,63.33,67.07,14.85,0.2807,64.16,0.00024,44.8,healthy,0,0
2026-03-18T02:51:18.750845+00:00,device-31,router,branch-newyork,93.77,63.72,1462.8,26.0725,83.63,0.29293,59.8,bgp_flapping,4,1
2026-03-16T00:23:18.750845+00:00,device-49,server,branch-chicago,37.7,14.67,22.12,0.0056,26.67,0.0001,45.6,healthy,0,0
2026-03-14T00:43:18.750845+00:00,device-26,router,datacenter-east,25.75,30.25,5.5,0.195,34.53,0.00409,31.7,healthy,0,0
2026-03-18T01:35:18.750845+00:00,device-18,router,branch-losangeles,54.66,24.07,1616.82,20.0085,53.99,0.2124,45.6,packet_loss,3,1
2026-03-19T19:11:18.750845+00:00,device-28,server,datacenter-east,21.49,29.38,14.6,0.018,52.94,0.0043,37.6,healthy,0,0
2026-03-13T23:15:18.750845+00:00,device-10,router,datacenter-central,15.72,30.93,42.62,0.1981,34.64,0.00395,35.3,healthy,0,0
2026-03-17T00:07:18.750845+00:00,device-21,switch,branch-newyork,56.14,27.45,7.86,0.0073,7.14,0.00211,47.6,healthy,0,0
2026-03-12T17:45:18.750845+00:00,device-31,router,branch-newyork,62.12,26.15,41.09,0.0489,5.3,0.00059,38.6,healthy,0,0
2026-03-22T09:51:18.750845+00:00,device-44,switch,branch-chicago,34.78,26.41,888.98,14.0552,44.32,0.19553,42.5,packet_loss,3,1
2026-03-19T13:47:18.750845+00:00,device-12,switch,datacenter-central,52.42,40.7,30.89,0.098,18.08,0.00295,34.6,healthy,0,0
2026-03-18T23:29:18.750845+00:00,device-38,switch,branch-losangeles,39.36,40.07,5.29,0.1738,8.79,0.00096,41.9,healthy,0,0
2026-03-13T07:01:18.750845+00:00,device-29,router,branch-chicago,81.31,66.99,1501.83,32.3465,61.94,0.13032,62.2,bgp_flapping,4,1
2026-03-20T05:27:18.750845+00:00,device-34,firewall,branch-newyork,37.63,47.14,37.45,0.0599,8.07,0.00075,41.1,healthy,0,0
2026-03-18T11:51:18.750845+00:00,device-13,router,branch-chicago,48.47,34.99,1984.88,22.3202,33.97,0.26737,46.5,packet_loss,3,1
2026-03-13T04:51:18.750845+00:00,device-35,firewall,branch-chicago,54.86,66.89,39.59,0.0645,58.7,0.00442,47.5,healthy,0,0
2026-03-22T05:21:18.750845+00:00,device-48,switch,datacenter-central,16.13,31.67,38.28,0.0317,48.4,0.00369,39.6,healthy,0,0
2026-03-13T03:01:18.750845+00:00,device-41,server,datacenter-east,57.52,23.99,19.3,0.0952,63.53,0.00233,32.6,healthy,0,0
2026-03-16T12:35:18.750845+00:00,device-42,switch,branch-losangeles,64.35,44.52,42.44,0.1588,16.98,0.00238,34.8,healthy,0,0
2026-03-15T17:21:18.750845+00:00,device-21,server,branch-chicago,45.07,95.94,294.5,2.3845,55.12,0.03393,60.1,memory_exhaustion,2,1
2026-03-22T12:01:18.750845+00:00,device-32,switch,datacenter-west,18.78,45.04,28.04,0.0697,40.01,0.0023,40.9,healthy,0,0
2026-03-24T04:27:18.750845+00:00,device-24,firewall,datacenter-central,92.31,85.47,1616.25,48.6128,99.78,0.65867,84.2,ddos_attack,5,1
2026-03-16T17:25:18.750845+00:00,device-43,firewall,branch-newyork,22.76,54.84,21.43,0.1901,14.49,0.00253,43.3,healthy,0,0
2026-03-22T13:01:18.750845+00:00,device-31,load_balancer,branch-newyork,53.17,16.21,15.64,0.083,60.78,0.00388,34.6,healthy,0,0
2026-03-19T17:21:18.750845+00:00,device-39,router,datacenter-east,14.24,51.72,26.89,0.2699,51.03,0.00419,48.7,healthy,0,0
2026-03-20T10:57:18.750845+00:00,device-25,load_balancer,datacenter-west,36.68,31.31,30.17,0.026,19.57,0.00286,30.9,healthy,0,0
2026-03-19T09:13:18.750845+00:00,device-22,load_balancer,datacenter-west,6.92,50.89,18.92,0.0087,55.69,0.00217,32.1,healthy,0,0
2026-03-25T10:20:18.750845+00:00,device-05,server,datacenter-east,70.71,94.14,119.32,2.4111,72.9,0.02391,58.2,memory_exhaustion,2,1
2026-03-14T09:35:18.750845+00:00,device-08,firewall,branch-chicago,62.87,47.17,20.35,0.2845,20.08,0.00048,49.5,healthy,0,0
2026-03-15T01:01:18.750845+00:00,device-28,firewall,branch-newyork,9.95,20.8,18.17,0.2936,11.95,0.00159,40.0,healthy,0,0
2026-03-20T00:33:18.750845+00:00,device-16,load_balancer,branch-chicago,28.68,40.41,29.83,0.0098,8.86,0.00144,34.2,healthy,0,0
2026-03-21T21:33:18.750845+00:00,device-25,switch,branch-chicago,21.8,10.39,21.07,0.2516,27.4,0.0029,39.6,healthy,0,0
2026-03-17T10:52:18.750845+00:00,device-43,router,branch-losangeles,91.06,87.44,609.43,28.3859,64.27,0.15499,67.9,bgp_flapping,4,1
2026-03-12T06:41:18.750845+00:00,device-13,firewall,datacenter-central,48.81,50.82,33.49,0.0256,38.3,0.00178,39.4,healthy,0,0
2026-03-14T02:13:18.750845+00:00,device-34,router,datacenter-central,16.57,15.49,28.8,0.2157,17.53,0.00443,33.3,healthy,0,0
2026-03-18T01:45:18.750845+00:00,device-11,server,datacenter-central,53.81,64.11,11.83,0.1407,32.16,0.00018,34.1,healthy,0,0
2026-03-19T01:31:18.750845+00:00,device-44,load_balancer,branch-newyork,45.63,64.48,9.46,0.0735,20.95,0.00408,33.0,healthy,0,0
2026-03-14T00:25:18.750845+00:00,device-21,firewall,branch-chicago,53.84,46.0,11.26,0.2353,48.85,0.00099,48.2,healthy,0,0
2026-03-18T07:47:18.750845+00:00,device-24,server,branch-newyork,50.53,69.69,28.16,0.2529,52.13,0.00486,49.1,healthy,0,0
2026-03-16T00:45:18.750845+00:00,device-06,router,datacenter-central,25.87,66.22,19.75,0.0898,5.14,0.00161,33.6,healthy,0,0
2026-03-21T09:27:18.750845+00:00,device-23,switch,datacenter-west,34.99,14.79,35.7,0.0033,50.29,0.00443,43.0,healthy,0,0
2026-03-20T23:29:18.750845+00:00,device-28,load_balancer,datacenter-west,57.34,41.08,16.58,0.179,21.86,0.00179,30.6,healthy,0,0
2026-03-15T20:17:18.750845+00:00,device-29,server,datacenter-west,22.26,69.5,44.66,0.2433,29.17,0.00321,39.3,healthy,0,0
2026-03-15T09:18:18.750845+00:00,device-29,switch,branch-losangeles,33.57,54.53,354.79,38.3418,56.85,0.14867,49.6,packet_loss,3,1
2026-03-15T13:55:18.750845+00:00,device-38,router,datacenter-central,35.81,18.84,34.98,0.2141,45.03,0.00026,35.7,healthy,0,0
2026-03-22T18:31:18.750845+00:00,device-49,firewall,datacenter-central,19.51,52.78,20.76,0.0673,7.35,0.00379,46.3,healthy,0,0
2026-03-22T16:15:18.750845+00:00,device-50,server,datacenter-central,51.8,50.57,28.42,0.2723,57.54,0.00091,41.3,healthy,0,0
2026-03-15T00:07:18.750845+00:00,device-40,router,datacenter-central,35.81,51.59,41.37,0.2753,23.5,0.00373,30.6,healthy,0,0
2026-03-15T13:03:18.750845+00:00,device-33,firewall,datacenter-east,15.96,41.14,30.99,0.0649,17.43,0.00023,36.6,healthy,0,0
2026-03-18T03:55:18.750845+00:00,device-23,load_balancer,branch-losangeles,91.59,88.36,3144.61,53.2688,99.28,0.38016,72.2,ddos_attack,5,1
2026-03-24T21:35:18.750845+00:00,device-04,router,branch-losangeles,38.1,48.62,1390.81,24.5336,69.43,0.07363,37.0,packet_loss,3,1
2026-03-13T15:29:18.750845+00:00,device-29,load_balancer,datacenter-east,32.0,57.65,2.19,0.1149,43.37,0.00328,31.6,healthy,0,0
2026-03-16T01:25:18.750845+00:00,device-04,router,branch-losangeles,28.68,64.92,41.5,0.2194,20.82,0.00158,30.7,healthy,0,0
2026-03-19T04:17:18.750845+00:00,device-48,firewall,branch-losangeles,21.08,57.58,3.06,0.2767,15.22,0.00058,39.8,healthy,0,0
2026-03-21T01:29:18.750845+00:00,device-46,server,datacenter-west,25.87,41.56,11.58,0.2826,63.8,0.00343,38.3,healthy,0,0
2026-03-14T18:33:18.750845+00:00,device-47,router,branch-newyork,30.87,30.36,1.31,0.2411,63.5,0.00071,47.1,healthy,0,0
2026-03-22T10:09:18.750845+00:00,device-35,server,datacenter-west,40.01,33.56,42.31,0.0253,39.87,0.00228,32.1,healthy,0,0
2026-03-13T23:57:18.750845+00:00,device-20,load_balancer,branch-chicago,58.97,10.73,25.58,0.1013,20.98,0.00029,33.5,healthy,0,0
2026-03-14T20:57:18.750845+00:00,device-21,firewall,datacenter-west,47.14,47.03,2.35,0.0889,41.39,0.00224,49.3,healthy,0,0
2026-03-22T19:05:18.750845+00:00,device-02,server,datacenter-east,40.22,58.21,11.38,0.207,52.36,0.00361,32.8,healthy,0,0
2026-03-19T15:51:18.750845+00:00,device-08,router,branch-newyork,79.41,72.67,1708.77,17.0111,85.88,0.32083,66.7,bgp_flapping,4,1
2026-03-24T16:14:18.750845+00:00,device-15,server,datacenter-west,69.29,90.6,443.67,6.8909,57.18,0.09645,67.2,memory_exhaustion,2,1
2026-03-22T14:05:18.750845+00:00,device-27,switch,datacenter-central,62.21,14.25,20.92,0.0431,12.28,0.00011,48.7,healthy,0,0
2026-03-13T06:57:18.750845+00:00,device-20,router,datacenter-west,18.19,14.29,6.69,0.2768,7.07,0.00338,44.8,healthy,0,0
2026-03-17T18:35:18.750845+00:00,device-33,router,datacenter-west,34.76,12.67,18.71,0.0451,39.56,0.00464,36.1,healthy,0,0
2026-03-19T14:03:18.750845+00:00,device-25,load_balancer,datacenter-central,64.28,26.95,16.79,0.2681,22.09,0.00023,33.8,healthy,0,0
2026-03-17T10:05:18.750845+00:00,device-49,firewall,datacenter-west,58.55,13.95,1.11,0.1114,58.21,0.00356,31.0,healthy,0,0
2026-03-12T09:17:18.750845+00:00,device-22,switch,datacenter-east,61.87,69.96,15.53,0.2579,55.48,0.00201,40.6,healthy,0,0
2026-03-14T03:11:18.750845+00:00,device-06,load_balancer,branch-chicago,10.95,17.96,10.87,0.2596,5.5,0.00313,39.0,healthy,0,0
2026-03-21T18:17:18.750845+00:00,device-40,server,branch-newyork,36.48,34.64,37.9,0.0623,56.82,0.00254,32.3,healthy,0,0
2026-03-16T20:09:18.750845+00:00,device-39,switch,datacenter-west,41.98,43.98,19.05,0.2611,18.39,0.00072,37.6,healthy,0,0
2026-03-23T01:15:18.750845+00:00,device-48,router,branch-newyork,96.27,77.84,112.5,1.9668,76.25,0.01625,64.8,high_cpu,1,1
2026-03-20T00:26:18.750845+00:00,device-04,server,branch-newyork,45.73,98.6,174.38,6.6733,73.96,0.05126,57.7,memory_exhaustion,2,1
2026-03-12T04:37:18.750845+00:00,device-16,firewall,branch-losangeles,7.1,12.55,35.97,0.2308,43.53,0.00085,41.1,healthy,0,0
2026-03-15T11:11:18.750845+00:00,device-39,router,branch-chicago,36.84,59.51,2.71,0.2902,16.38,0.00415,33.2,healthy,0,0
2026-03-21T08:17:18.750845+00:00,device-49,firewall,datacenter-central,90.79,81.07,1349.77,47.2864,96.89,0.52256,73.9,ddos_attack,5,1
2026-03-19T17:23:18.750845+00:00,device-49,server,datacenter-west,16.76,30.83,32.54,0.1742,60.83,0.00253,44.9,healthy,0,0
2026-03-13T15:53:18.750845+00:00,device-19,server,datacenter-east,95.65,65.58,143.27,2.0312,83.22,0.04957,73.0,high_cpu,1,1
2026-03-14T16:29:18.750845+00:00,device-39,router,datacenter-west,17.02,44.19,38.72,0.0602,18.23,0.00088,31.6,healthy,0,0
2026-03-18T16:23:18.750845+00:00,device-22,load_balancer,branch-chicago,41.47,12.56,8.65,0.2366,38.32,0.00156,48.2,healthy,0,0
2026-03-20T16:09:18.750845+00:00,device-05,server,datacenter-east,15.26,20.75,10.68,0.0865,47.55,0.00222,46.1,healthy,0,0
2026-03-19T18:41:18.750845+00:00,device-41,server,branch-newyork,49.25,24.65,24.66,0.1101,44.04,0.00306,36.7,healthy,0,0
2026-03-12T20:51:18.750845+00:00,device-21,router,branch-losangeles,38.26,41.59,26.2,0.1246,24.95,0.00403,31.1,healthy,0,0
2026-03-19T05:27:18.750845+00:00,device-47,server,branch-losangeles,18.7,15.18,33.62,0.1115,38.25,0.00313,38.7,healthy,0,0
2026-03-22T11:05:18.750845+00:00,device-30,server,branch-losangeles,31.65,64.4,24.82,0.0975,57.99,0.0043,32.8,healthy,0,0
2026-03-15T09:26:18.750845+00:00,device-33,switch,branch-chicago,50.79,57.41,1553.77,22.6667,49.29,0.17604,35.3,packet_loss,3,1
2026-03-12T18:15:18.750845+00:00,device-20,firewall,datacenter-east,25.64,23.65,15.47,0.1797,48.36,0.00253,45.9,healthy,0,0
2026-03-20T12:27:18.750845+00:00,device-26,router,datacenter-west,90.89,69.16,2215.05,23.3785,92.03,0.27647,73.1,bgp_flapping,4,1
2026-03-15T06:57:18.750845+00:00,device-05,switch,datacenter-central,58.5,60.14,34.89,0.2802,15.4,0.00402,34.7,healthy,0,0
2026-03-24T15:24:18.750845+00:00,device-02,server,branch-losangeles,86.32,68.43,109.15,0.571,74.0,0.03811,73.9,high_cpu,1,1
2026-03-12T03:59:18.750845+00:00,device-03,router,datacenter-east,6.7,40.65,30.41,0.0286,63.07,0.003,36.2,healthy,0,0
2026-03-21T10:22:18.750845+00:00,device-12,router,datacenter-east,43.9,29.21,1419.07,38.8152,33.3,0.26429,53.4,packet_loss,3,1
2026-03-16T00:37:18.750845+00:00,device-34,switch,datacenter-central,54.2,48.32,15.9,0.1724,46.15,0.00209,34.2,healthy,0,0
2026-03-18T14:04:18.750845+00:00,device-19,switch,branch-chicago,38.98,47.74,727.0,31.2297,56.06,0.05851,48.5,packet_loss,3,1
2026-03-13T23:27:18.750845+00:00,device-29,load_balancer,datacenter-east,49.4,67.58,42.38,0.0588,28.66,0.00307,45.8,healthy,0,0
2026-03-13T12:07:18.750845+00:00,device-04,switch,datacenter-west,56.36,46.92,10.07,0.237,25.1,0.00415,41.3,healthy,0,0
2026-03-13T01:33:18.750845+00:00,device-40,firewall,datacenter-west,18.83,64.6,38.62,0.2819,49.03,0.00136,39.2,healthy,0,0
2026-03-15T22:11:18.750845+00:00,device-22,firewall,datacenter-central,54.26,64.18,34.73,0.2445,60.81,0.00095,49.3,healthy,0,0
2026-03-13T05:05:18.750845+00:00,device-39,server,branch-losangeles,58.06,45.87,40.74,0.0309,16.67,0.00397,48.2,healthy,0,0
2026-03-22T00:21:18.750845+00:00,device-03,server,datacenter-central,64.15,50.38,31.88,0.0188,58.9,0.00223,32.2,healthy,0,0
2026-03-14T22:35:18.750845+00:00,device-14,firewall,datacenter-east,63.17,27.79,44.59,0.2414,36.73,0.0035,39.1,healthy,0,0
2026-03-23T01:39:18.750845+00:00,device-35,firewall,datacenter-east,15.51,12.1,20.98,0.0083,15.22,0.00081,38.7,healthy,0,0
2026-03-20T12:23:18.750845+00:00,device-43,load_balancer,datacenter-west,56.1,46.24,39.92,0.2187,7.65,0.00286,37.4,healthy,0,0
2026-03-19T10:41:18.750845+00:00,device-20,server,datacenter-west,17.14,49.86,15.81,0.1946,31.26,0.00226,49.4,healthy,0,0
2026-03-16T11:23:18.750845+00:00,device-39,router,branch-newyork,58.16,55.58,4.03,0.1668,50.61,0.00067,41.4,healthy,0,0
2026-03-15T22:51:18.750845+00:00,device-27,server,branch-losangeles,64.64,28.3,40.04,0.045,36.25,0.00289,47.9,healthy,0,0
2026-03-20T03:07:18.750845+00:00,device-13,router,datacenter-central,57.64,14.97,24.1,0.1264,15.74,0.00029,46.9,healthy,0,0
2026-03-21T07:21:18.750845+00:00,device-48,router,branch-losangeles,25.52,58.54,12.08,0.238,26.05,0.00319,46.0,healthy,0,0
2026-03-12T16:47:18.750845+00:00,device-36,server,datacenter-west,46.0,42.3,12.16,0.1088,53.88,0.00343,36.5,healthy,0,0
2026-03-14T05:25:18.750845+00:00,device-40,switch,branch-losangeles,13.18,64.6,25.74,0.2622,61.32,0.00188,32.0,healthy,0,0
2026-03-18T07:17:18.750845+00:00,device-03,router,datacenter-central,8.47,40.99,4.78,0.0166,41.59,0.00059,32.6,healthy,0,0
2026-03-15T14:25:18.750845+00:00,device-31,router,datacenter-west,60.69,14.95,28.35,0.0032,6.63,0.00071,35.7,healthy,0,0
2026-03-20T11:39:18.750845+00:00,device-23,load_balancer,datacenter-east,95.88,83.21,3187.24,29.6914,96.9,0.34559,65.7,ddos_attack,5,1
2026-03-13T10:51:18.750845+00:00,device-32,load_balancer,datacenter-east,36.26,49.49,38.66,0.2427,31.18,0.00027,36.3,healthy,0,0
2026-03-21T10:23:18.750845+00:00,device-33,router,datacenter-west,43.16,13.4,29.36,0.0417,55.94,0.00227,34.2,healthy,0,0
2026-03-21T19:22:18.750845+00:00,device-31,router,datacenter-west,97.28,62.86,119.83,1.9482,70.34,0.04746,69.6,high_cpu,1,1
2026-03-19T15:37:18.750845+00:00,device-43,router,datacenter-east,17.45,27.78,41.81,0.0832,12.48,0.00167,48.1,healthy,0,0
2026-03-20T16:39:18.750845+00:00,device-04,load_balancer,branch-newyork,23.83,28.34,17.83,0.2355,20.25,0.00482,36.8,healthy,0,0
2026-03-13T09:02:18.750845+00:00,device-02,router,branch-chicago,74.69,62.44,2078.27,34.1075,65.29,0.40923,64.8,bgp_flapping,4,1
2026-03-16T20:35:18.750845+00:00,device-19,load_balancer,branch-newyork,52.26,59.88,41.54,0.2861,6.15,0.001,48.9,healthy,0,0
2026-03-14T17:05:18.750845+00:00,device-29,switch,datacenter-east,52.27,14.68,24.62,0.2851,43.94,0.00135,44.9,healthy,0,0
2026-03-20T17:33:18.750845+00:00,device-30,router,branch-losangeles,31.27,43.36,6.66,0.0265,23.41,0.00091,36.3,healthy,0,0
2026-03-21T02:07:18.750845+00:00,device-29,load_balancer,datacenter-central,47.28,20.8,16.16,0.1348,38.65,0.00285,33.7,healthy,0,0
2026-03-22T03:45:18.750845+00:00,device-04,server,datacenter-east,32.42,30.8,21.12,0.1397,62.75,0.00094,43.6,healthy,0,0
2026-03-18T14:48:18.750845+00:00,device-35,server,branch-losangeles,96.19,80.47,106.54,1.7153,83.77,0.03022,70.5,high_cpu,1,1
2026-03-21T07:17:18.750845+00:00,device-09,firewall,branch-losangeles,56.43,53.66,24.81,0.2464,12.42,0.00136,46.9,healthy,0,0
2026-03-16T20:27:18.750845+00:00,device-49,firewall,datacenter-east,13.91,61.88,9.05,0.1188,37.98,0.0005,33.5,healthy,0,0
2026-03-12T13:51:18.750845+00:00,device-22,server,branch-losangeles,15.83,35.07,23.82,0.0403,57.46,0.00104,42.5,healthy,0,0
2026-03-19T21:35:18.750845+00:00,device-20,server,branch-losangeles,61.51,31.93,26.29,0.0023,8.86,0.00414,44.4,healthy,0,0
2026-03-18T15:28:18.750845+00:00,device-33,router,datacenter-west,31.43,42.15,1329.91,17.9471,50.37,0.08832,35.9,packet_loss,3,1
2026-03-16T03:43:18.750845+00:00,device-11,load_balancer,branch-losangeles,17.63,48.85,6.32,0.1551,23.06,0.00236,45.5,healthy,0,0
2026-03-18T08:41:18.750845+00:00,device-44,router,datacenter-west,11.29,58.83,23.58,0.2321,56.66,0.00213,34.7,healthy,0,0
2026-03-14T15:21:18.750845+00:00,device-13,router,branch-newyork,53.49,19.26,12.79,0.1345,21.44,0.00484,49.2,healthy,0,0
2026-03-15T03:07:18.750845+00:00,device-38,switch,branch-newyork,15.57,20.3,3.63,0.2046,47.53,0.00066,44.6,healthy,0,0
2026-03-15T17:23:18.750845+00:00,device-44,load_balancer,datacenter-east,63.58,28.37,34.85,0.0447,29.86,0.00036,32.8,healthy,0,0
2026-03-14T09:07:18.750845+00:00,device-05,server,branch-chicago,12.33,42.67,31.3,0.1522,51.11,0.00356,47.0,healthy,0,0
2026-03-18T22:55:18.750845+00:00,device-50,server,datacenter-east,53.05,56.84,43.57,0.0876,57.43,0.00099,33.6,healthy,0,0
2026-03-14T04:41:18.750845+00:00,device-23,router,datacenter-west,60.27,31.56,9.97,0.2717,6.23,0.00371,35.2,healthy,0,0
2026-03-19T05:47:18.750845+00:00,device-27,server,branch-losangeles,34.47,24.13,18.67,0.1081,7.86,0.00052,46.3,healthy,0,0
2026-03-18T22:59:18.750845+00:00,device-23,router,branch-newyork,27.1,11.76,41.42,0.2447,29.32,0.00414,43.4,healthy,0,0
2026-03-14T13:55:18.750845+00:00,device-23,router,branch-losangeles,23.22,53.35,4.47,0.0997,49.18,0.0046,45.4,healthy,0,0
2026-03-15T09:21:18.750845+00:00,device-26,switch,branch-losangeles,37.05,56.31,5.51,0.0329,59.9,0.0011,46.1,healthy,0,0
2026-03-22T13:55:18.750845+00:00,device-14,router,branch-losangeles,43.46,42.28,39.9,0.1493,15.02,0.00342,45.8,healthy,0,0
2026-03-21T04:46:18.750845+00:00,device-22,server,branch-newyork,92.49,68.51,113.38,1.4794,87.94,0.01975,65.0,high_cpu,1,1
2026-03-12T22:47:18.750845+00:00,device-03,switch,datacenter-west,36.45,37.47,5.44,0.1408,54.64,0.00177,43.2,healthy,0,0
2026-03-16T18:17:18.750845+00:00,device-38,server,datacenter-central,16.57,20.14,1.25,0.1886,53.92,0.0014,46.7,healthy,0,0
2026-03-16T15:07:18.750845+00:00,device-11,switch,datacenter-west,62.24,39.11,27.68,0.0125,36.36,0.00211,41.3,healthy,0,0
2026-03-15T21:18:18.750845+00:00,device-46,router,branch-losangeles,32.45,44.59,329.43,39.8454,51.35,0.24001,37.3,packet_loss,3,1
2026-03-17T08:57:18.750845+00:00,device-48,router,branch-chicago,50.35,64.81,15.13,0.2218,60.21,0.00195,32.3,healthy,0,0
2026-03-21T04:57:18.750845+00:00,device-40,firewall,datacenter-central,45.72,24.68,10.79,0.1163,64.21,0.00099,49.7,healthy,0,0
2026-03-21T12:25:18.750845+00:00,device-03,firewall,branch-chicago,5.73,31.16,31.39,0.1265,35.55,0.00184,30.4,healthy,0,0
2026-03-21T07:07:18.750845+00:00,device-17,server,branch-chicago,37.47,35.06,18.13,0.1455,39.31,0.0031,40.9,healthy,0,0
2026-03-22T00:09:18.750845+00:00,device-14,router,branch-chicago,23.21,50.19,1810.0,11.7452,51.58,0.11096,44.5,packet_loss,3,1
2026-03-15T11:21:18.750845+00:00,device-26,switch,branch-losangeles,37.29,25.1,1329.68,13.2601,52.29,0.20038,37.7,packet_loss,3,1
2026-03-20T22:45:18.750845+00:00,device-14,switch,branch-newyork,58.38,42.02,15.2,0.2184,10.49,0.00441,45.0,healthy,0,0
2026-03-14T04:20:18.750845+00:00,device-47,switch,datacenter-west,51.01,94.09,392.72,6.8834,67.93,0.04849,65.3,memory_exhaustion,2,1
2026-03-22T07:05:18.750845+00:00,device-08,server,branch-losangeles,54.0,18.18,44.82,0.0532,24.58,0.00403,31.2,healthy,0,0
2026-03-18T21:33:18.750845+00:00,device-10,router,datacenter-east,17.9,50.15,9.42,0.1585,52.87,0.00263,43.7,healthy,0,0
2026-03-17T18:17:18.750845+00:00,device-32,firewall,datacenter-east,24.3,10.16,23.48,0.2382,36.92,0.00027,43.1,healthy,0,0
2026-03-21T18:05:18.750845+00:00,device-06,router,datacenter-east,41.15,33.11,15.25,0.1287,52.12,0.00018,42.3,healthy,0,0
2026-03-17T13:31:18.750845+00:00,device-26,server,branch-chicago,62.82,67.81,30.52,0.2739,34.06,0.00315,47.6,healthy,0,0
2026-03-15T05:51:18.750845+00:00,device-26,switch,branch-newyork,39.34,67.24,32.46,0.0854,38.68,0.00211,46.7,healthy,0,0
2026-03-21T04:27:18.750845+00:00,device-37,switch,datacenter-east,57.11,12.19,10.8,0.2949,47.34,0.00389,41.2,healthy,0,0
2026-03-14T00:59:18.750845+00:00,device-19,router,datacenter-west,83.14,83.39,640.93,23.0639,63.45,0.48815,66.0,bgp_flapping,4,1
2026-03-22T03:31:18.750845+00:00,device-50,load_balancer,datacenter-central,58.07,35.48,4.22,0.0819,5.84,0.00498,39.8,healthy,0,0
2026-03-19T21:45:18.750845+00:00,device-48,load_balancer,branch-chicago,19.53,63.9,37.4,0.1551,52.43,0.00369,39.8,healthy,0,0
2026-03-17T16:23:18.750845+00:00,device-01,firewall,datacenter-central,5.81,27.89,23.51,0.1074,40.49,0.00036,45.0,healthy,0,0
2026-03-12T14:35:18.750845+00:00,device-04,switch,datacenter-west,23.42,43.26,2.06,0.064,33.69,0.00401,36.5,healthy,0,0
2026-03-15T00:09:18.750845+00:00,device-20,server,branch-newyork,9.13,35.63,5.6,0.0923,17.56,0.00356,34.0,healthy,0,0
2026-03-23T12:56:18.750845+00:00,device-25,server,branch-newyork,58.63,93.58,433.43,7.1334,77.31,0.03218,58.3,memory_exhaustion,2,1
2026-03-13T08:21:18.750845+00:00,device-13,load_balancer,datacenter-east,9.51,13.25,17.97,0.0973,58.95,0.00315,49.7,healthy,0,0
2026-03-18T10:53:18.750845+00:00,device-37,router,datacenter-east,8.94,11.16,36.42,0.0234,44.07,0.00045,40.1,healthy,0,0
2026-03-20T18:21:18.750845+00:00,device-43,switch,branch-chicago,36.74,48.85,21.35,0.0522,26.07,0.00442,44.8,healthy,0,0
2026-03-20T07:13:18.750845+00:00,device-11,switch,datacenter-east,43.25,31.37,19.42,0.1734,58.25,0.00469,30.3,healthy,0,0
2026-03-19T00:47:18.750845+00:00,device-23,switch,datacenter-central,25.84,46.59,44.86,0.1373,49.02,0.00129,47.2,healthy,0,0
2026-03-12T15:05:18.750845+00:00,device-43,server,datacenter-central,25.52,52.87,34.49,0.2857,60.97,0.0044,32.1,healthy,0,0
2026-03-15T08:19:18.750845+00:00,device-16,firewall,branch-chicago,22.72,46.31,28.75,0.1346,55.59,0.00328,34.7,healthy,0,0
2026-03-18T01:55:18.750845+00:00,device-32,firewall,datacenter-east,24.59,30.23,3.42,0.1404,17.67,0.00328,49.5,healthy,0,0
2026-03-20T23:31:18.750845+00:00,device-32,load_balancer,branch-losangeles,43.74,40.42,2.95,0.0427,51.1,0.00231,36.1,healthy,0,0
2026-03-12T10:11:18.750845+00:00,device-23,switch,datacenter-central,51.67,32.22,32.22,0.0128,55.43,0.00302,39.7,healthy,0,0
2026-03-13T11:11:18.750845+00:00,device-25,router,datacenter-central,18.46,16.39,40.33,0.0026,46.5,0.00366,30.5,healthy,0,0
2026-03-17T09:17:18.750845+00:00,device-18,load_balancer,datacenter-east,59.15,14.13,6.91,0.2452,31.54,0.00339,33.9,healthy,0,0
2026-03-19T17:53:18.750845+00:00,device-50,switch,branch-losangeles,8.55,44.71,23.01,0.149,25.34,0.00361,35.3,healthy,0,0
2026-03-15T08:03:18.750845+00:00,device-22,load_balancer,branch-losangeles,28.89,65.03,5.05,0.0449,8.75,0.00267,36.4,healthy,0,0
2026-03-18T21:49:18.750845+00:00,device-11,firewall,branch-chicago,6.56,45.32,15.45,0.1628,48.9,0.00163,40.1,healthy,0,0
2026-03-13T23:01:18.750845+00:00,device-38,switch,datacenter-west,64.59,21.94,39.29,0.0765,30.49,0.0029,40.8,healthy,0,0
2026-03-18T07:25:18.750845+00:00,device-45,switch,branch-losangeles,44.54,50.85,10.18,0.0845,19.95,0.00422,37.1,healthy,0,0
2026-03-13T13:51:18.750845+00:00,device-03,server,branch-losangeles,85.93,67.45,181.03,1.1783,77.41,0.04543,76.5,high_cpu,1,1
2026-03-12T12:51:18.750845+00:00,device-01,load_balancer,branch-losangeles,26.65,38.3,42.44,0.2989,18.47,0.00111,40.6,healthy,0,0
2026-03-17T15:09:18.750845+00:00,device-09,switch,datacenter-west,34.9,61.17,6.81,0.1965,52.83,0.00309,37.3,healthy,0,0
2026-03-12T22:51:18.750845+00:00,device-13,load_balancer,datacenter-west,52.14,58.63,26.92,0.0643,50.69,0.00052,44.7,healthy,0,0
2026-03-14T16:51:18.750845+00:00,device-16,load_balancer,datacenter-central,63.82,58.2,5.21,0.2524,24.6,0.00345,45.6,healthy,0,0
2026-03-19T18:47:18.750845+00:00,device-21,firewall,datacenter-central,50.84,43.39,19.61,0.2768,60.55,0.00364,49.0,healthy,0,0
2026-03-12T20:53:18.750845+00:00,device-21,router,branch-newyork,61.54,21.84,4.89,0.1734,40.21,0.00301,32.3,healthy,0,0
2026-03-15T20:43:18.750845+00:00,device-44,router,branch-newyork,32.95,59.26,26.25,0.1241,33.49,0.00092,32.6,healthy,0,0
2026-03-19T21:55:18.750845+00:00,device-40,firewall,branch-chicago,8.34,30.17,30.63,0.218,60.98,0.00282,46.8,healthy,0,0
2026-03-18T07:05:18.750845+00:00,device-37,router,datacenter-central,11.77,21.78,32.06,0.0801,64.61,0.00216,30.1,healthy,0,0
2026-03-13T22:57:18.750845+00:00,device-42,load_balancer,datacenter-east,22.76,16.52,17.42,0.1937,16.9,0.00417,41.5,healthy,0,0
2026-03-15T10:35:18.750845+00:00,device-34,server,datacenter-central,58.66,48.11,25.14,0.2393,5.24,0.00491,47.9,healthy,0,0
2026-03-21T16:37:18.750845+00:00,device-03,server,datacenter-west,48.39,23.9,19.19,0.1048,12.21,0.00127,35.3,healthy,0,0
2026-03-18T21:13:18.750845+00:00,device-40,firewall,branch-newyork,61.5,36.66,8.76,0.1177,58.35,0.0034,43.7,healthy,0,0
2026-03-20T13:55:18.750845+00:00,device-50,router,branch-losangeles,5.88,28.81,16.42,0.1142,57.69,0.00417,35.1,healthy,0,0
2026-03-17T04:05:18.750845+00:00,device-35,firewall,branch-chicago,45.57,15.5,23.8,0.0198,36.06,0.00401,38.8,healthy,0,0
2026-03-20T12:19:18.750845+00:00,device-33,switch,branch-newyork,25.37,32.1,9.0,0.268,40.12,0.00167,31.8,healthy,0,0
2026-03-13T01:45:18.750845+00:00,device-01,load_balancer,branch-newyork,57.94,17.0,17.85,0.2899,49.12,0.00423,34.7,healthy,0,0
2026-03-19T12:35:18.750845+00:00,device-36,router,datacenter-east,59.14,63.13,27.86,0.2605,55.33,0.00488,31.1,healthy,0,0
2026-03-12T06:19:18.750845+00:00,device-24,load_balancer,branch-losangeles,59.02,35.6,32.7,0.2544,17.57,0.0038,49.3,healthy,0,0
2026-03-19T12:01:18.750845+00:00,device-42,load_balancer,datacenter-central,60.27,40.93,4.7,0.0154,62.32,0.00142,42.7,healthy,0,0
2026-03-22T23:13:18.750845+00:00,device-20,load_balancer,branch-chicago,22.76,20.52,35.32,0.2643,23.71,0.00313,37.5,healthy,0,0
2026-03-22T00:56:18.750845+00:00,device-46,switch,datacenter-west,30.88,32.75,249.88,32.1368,66.92,0.25523,52.2,packet_loss,3,1
2026-03-19T05:55:18.750845+00:00,device-06,router,datacenter-west,34.23,40.0,1888.39,15.3285,53.93,0.1807,47.0,packet_loss,3,1
2026-03-19T05:57:18.750845+00:00,device-31,load_balancer,datacenter-west,31.25,19.13,44.55,0.2707,29.3,0.00315,41.4,healthy,0,0
2026-03-13T17:35:18.750845+00:00,device-08,router,branch-newyork,64.8,65.23,9.05,0.091,17.46,0.00172,37.0,healthy,0,0
2026-03-16T06:53:18.750845+00:00,device-34,firewall,branch-losangeles,7.96,44.96,6.82,0.1091,29.61,0.00403,35.5,healthy,0,0
2026-03-14T11:49:18.750845+00:00,device-10,router,datacenter-east,30.17,48.46,30.43,0.0548,6.26,0.00432,46.5,healthy,0,0
2026-03-16T02:43:18.750845+00:00,device-07,router,datacenter-east,30.94,27.53,27.9,0.1527,55.86,0.00477,41.1,healthy,0,0
2026-03-22T23:41:18.750845+00:00,device-21,router,datacenter-west,24.83,49.83,30.05,0.0234,17.4,0.00197,38.4,healthy,0,0
2026-03-16T04:03:18.750845+00:00,device-25,load_balancer,datacenter-east,9.57,48.04,20.99,0.2807,60.52,0.00011,34.8,healthy,0,0
2026-03-15T06:12:18.750845+00:00,device-47,router,datacenter-west,92.36,62.87,253.44,1.589,89.31,0.01764,70.1,high_cpu,1,1
2026-03-17T03:01:18.750845+00:00,device-41,router,branch-chicago,40.01,19.6,13.55,0.0808,29.67,0.00026,43.7,healthy,0,0
2026-03-23T09:17:18.750845+00:00,device-30,load_balancer,branch-chicago,93.88,89.69,2569.64,21.9186,98.09,0.24672,69.4,ddos_attack,5,1
2026-03-12T23:45:18.750845+00:00,device-40,switch,datacenter-central,53.92,30.14,44.49,0.0414,52.73,0.00412,32.2,healthy,0,0
2026-03-13T11:02:18.750845+00:00,device-47,server,datacenter-central,72.03,93.81,287.7,3.1843,74.13,0.06253,63.9,memory_exhaustion,2,1
2026-03-18T02:28:18.750845+00:00,device-01,router,branch-newyork,87.25,89.57,2961.65,22.1433,92.73,0.33941,63.3,bgp_flapping,4,1
2026-03-19T11:59:18.750845+00:00,device-16,server,branch-losangeles,44.82,94.2,471.8,7.4997,58.11,0.0586,59.0,memory_exhaustion,2,1
2026-03-16T13:05:18.750845+00:00,device-21,switch,datacenter-east,63.41,23.26,39.23,0.0435,47.32,0.00164,41.0,healthy,0,0
2026-03-12T14:13:18.750845+00:00,device-37,server,branch-losangeles,44.92,12.84,35.06,0.1657,40.13,0.00162,44.4,healthy,0,0
2026-03-22T08:43:18.750845+00:00,device-18,server,branch-chicago,38.4,57.68,15.47,0.0675,43.09,0.00259,30.6,healthy,0,0
2026-03-21T12:24:18.750845+00:00,device-15,server,branch-newyork,88.21,67.93,80.03,1.8879,89.42,0.01819,63.9,high_cpu,1,1
2026-03-22T22:23:18.750845+00:00,device-50,switch,branch-chicago,15.28,11.26,19.14,0.1568,36.22,0.00028,32.5,healthy,0,0
2026-03-21T23:21:18.750845+00:00,device-34,switch,datacenter-central,59.66,49.64,23.95,0.2499,43.74,0.00057,37.4,healthy,0,0
2026-03-22T19:17:18.750845+00:00,device-15,router,branch-losangeles,35.34,41.13,40.86,0.2039,30.43,0.00226,41.5,healthy,0,0
2026-03-18T20:41:18.750845+00:00,device-27,load_balancer,branch-losangeles,50.71,13.35,3.71,0.269,49.72,0.00136,32.3,healthy,0,0
2026-03-20T05:29:18.750845+00:00,device-12,router,datacenter-west,81.84,69.86,1220.6,23.0769,85.92,0.34346,69.8,bgp_flapping,4,1
2026-03-21T00:31:18.750845+00:00,device-06,load_balancer,branch-chicago,27.69,61.76,10.56,0.1427,59.86,0.00287,43.5,healthy,0,0
2026-03-14T21:01:18.750845+00:00,device-44,firewall,datacenter-east,63.77,59.1,24.95,0.1432,49.07,0.00332,37.9,healthy,0,0
2026-03-17T01:00:18.750845+00:00,device-38,firewall,datacenter-west,94.5,85.86,2138.04,33.2066,97.66,0.40877,67.5,ddos_attack,5,1
2026-03-16T21:17:18.750845+00:00,device-33,firewall,branch-chicago,95.57,81.19,1047.43,33.7854,99.68,0.55616,73.7,ddos_attack,5,1
2026-03-22T05:41:18.750845+00:00,device-18,switch,datacenter-east,63.94,46.22,8.48,0.1748,37.22,0.00405,35.0,healthy,0,0
2026-03-16T06:17:18.750845+00:00,device-34,router,datacenter-central,46.21,19.97,37.73,0.2394,22.26,0.00123,43.3,healthy,0,0
2026-03-19T22:30:18.750845+00:00,device-50,server,datacenter-east,57.78,89.13,207.78,2.3546,52.31,0.08334,68.7,memory_exhaustion,2,1
2026-03-17T00:27:18.750845+00:00,device-09,server,branch-losangeles,39.45,50.48,2.1,0.2315,59.41,0.00158,34.0,healthy,0,0
2026-03-15T01:23:18.750845+00:00,device-26,load_balancer,branch-newyork,62.67,11.23,43.44,0.0298,34.75,0.00461,37.9,healthy,0,0
2026-03-18T14:01:18.750845+00:00,device-22,server,branch-chicago,41.15,46.62,14.01,0.2685,12.99,0.00381,41.0,healthy,0,0
2026-03-18T17:25:18.750845+00:00,device-45,server,branch-losangeles,53.75,88.42,346.99,5.3033,78.41,0.03156,55.3,memory_exhaustion,2,1
2026-03-16T02:29:18.750845+00:00,device-14,switch,branch-newyork,48.65,98.55,477.7,4.3423,62.11,0.05495,65.4,memory_exhaustion,2,1
2026-03-22T11:35:18.750845+00:00,device-24,switch,datacenter-central,34.43,52.98,26.46,0.0076,42.54,5e-05,49.2,healthy,0,0
2026-03-14T16:07:18.750845+00:00,device-21,switch,datacenter-west,58.12,18.69,22.26,0.0337,58.43,0.00182,32.5,healthy,0,0
2026-03-12T21:19:18.750845+00:00,device-13,server,datacenter-central,26.11,54.43,40.68,0.2168,22.87,0.00343,45.6,healthy,0,0
2026-03-17T09:49:18.750845+00:00,device-27,server,datacenter-east,23.09,33.45,40.72,0.066,53.48,0.00039,37.0,healthy,0,0
2026-03-18T00:49:18.750845+00:00,device-20,switch,branch-newyork,57.98,95.28,378.08,2.2283,73.73,0.07709,55.2,memory_exhaustion,2,1
2026-03-14T06:07:18.750845+00:00,device-05,router,branch-chicago,60.34,35.46,11.43,0.0443,40.1,0.00439,43.3,healthy,0,0
2026-03-13T22:53:18.750845+00:00,device-06,server,datacenter-central,32.9,66.23,17.68,0.165,61.64,0.003,44.4,healthy,0,0
2026-03-18T08:09:18.750845+00:00,device-16,load_balancer,branch-newyork,59.06,10.35,29.83,0.27,12.43,0.00114,31.1,healthy,0,0
2026-03-15T19:13:18.750845+00:00,device-16,switch,branch-losangeles,56.52,28.44,22.64,0.0592,49.09,0.00092,45.0,healthy,0,0
2026-03-14T14:39:18.750845+00:00,device-12,router,branch-newyork,17.12,60.31,28.86,0.0076,18.48,0.00247,34.7,healthy,0,0
2026-03-16T06:39:18.750845+00:00,device-40,router,branch-losangeles,87.27,84.03,996.26,24.0429,86.37,0.17924,75.0,bgp_flapping,4,1
2026-03-16T09:55:18.750845+00:00,device-22,firewall,branch-losangeles,30.77,21.61,23.38,0.2728,55.25,0.00373,43.8,healthy,0,0
2026-03-19T19:53:18.750845+00:00,device-36,firewall,branch-losangeles,61.51,56.14,16.76,0.218,38.21,0.00108,40.9,healthy,0,0
2026-03-12T23:11:18.750845+00:00,device-25,firewall,datacenter-west,36.47,34.26,33.87,0.2087,16.28,0.00051,43.5,healthy,0,0
2026-03-13T18:27:18.750845+00:00,device-40,load_balancer,branch-chicago,37.59,28.78,38.45,0.1274,47.24,0.00125,49.3,healthy,0,0
2026-03-21T15:15:18.750845+00:00,device-31,switch,branch-chicago,59.75,15.07,20.63,0.1575,32.62,0.00163,43.3,healthy,0,0
2026-03-14T00:59:18.750845+00:00,device-39,load_balancer,datacenter-west,28.92,61.51,24.52,0.2627,39.25,0.00138,32.1,healthy,0,0
2026-03-15T20:49:18.750845+00:00,device-11,load_balancer,branch-newyork,49.72,59.03,43.62,0.03,37.69,0.00027,38.4,healthy,0,0
2026-03-22T11:23:18.750845+00:00,device-23,router,datacenter-central,46.95,21.64,27.28,0.2969,6.64,0.00105,42.9,healthy,0,0
2026-03-15T16:39:18.750845+00:00,device-23,firewall,branch-chicago,55.55,66.65,12.73,0.2047,21.21,9e-05,48.4,healthy,0,0
2026-03-14T01:45:18.750845+00:00,device-50,firewall,datacenter-east,35.35,26.31,41.98,0.1343,29.46,0.00249,38.7,healthy,0,0
2026-03-22T16:45:18.750845+00:00,device-17,load_balancer,datacenter-central,24.93,50.36,27.2,0.0768,47.02,0.00369,47.3,healthy,0,0
2026-03-20T12:29:18.750845+00:00,device-11,firewall,branch-newyork,28.52,53.86,36.91,0.273,24.25,0.00419,34.2,healthy,0,0
2026-03-15T01:57:18.750845+00:00,device-07,load_balancer,branch-newyork,97.92,81.02,4565.92,48.6663,97.07,0.22775,82.3,ddos_attack,5,1
2026-03-14T17:50:18.750845+00:00,device-32,switch,branch-losangeles,44.86,88.4,171.32,1.2869,72.21,0.0608,73.5,memory_exhaustion,2,1
2026-03-17T14:49:18.750845+00:00,device-28,firewall,branch-losangeles,57.31,22.79,13.36,0.0548,15.09,0.00478,32.6,healthy,0,0
2026-03-13T08:55:18.750845+00:00,device-30,load_balancer,datacenter-west,92.19,84.36,1539.23,37.2664,96.32,0.56345,82.8,ddos_attack,5,1
2026-03-21T14:17:18.750845+00:00,device-41,router,branch-newyork,55.21,41.57,40.25,0.0419,39.89,0.00127,46.4,healthy,0,0
2026-03-22T10:21:18.750845+00:00,device-32,switch,datacenter-west,33.13,67.21,15.8,0.2374,52.01,0.0044,31.3,healthy,0,0
2026-03-20T17:03:18.750845+00:00,device-08,router,branch-losangeles,38.16,37.27,8.61,0.1379,58.13,0.00082,48.6,healthy,0,0
2026-03-13T09:17:18.750845+00:00,device-12,firewall,branch-chicago,26.97,11.74,26.5,0.0976,12.83,0.00402,36.5,healthy,0,0
2026-03-18T08:21:18.750845+00:00,device-15,switch,datacenter-west,57.98,38.1,39.78,0.0043,33.01,0.00418,36.9,healthy,0,0
2026-03-14T01:23:18.750845+00:00,device-34,server,datacenter-west,46.66,13.92,31.37,0.0855,51.09,0.00467,41.2,healthy,0,0
2026-03-14T01:15:18.750845+00:00,device-48,load_balancer,branch-losangeles,62.58,29.82,20.64,0.1793,9.58,0.00213,41.3,healthy,0,0
2026-03-18T05:47:18.750845+00:00,device-06,server,branch-losangeles,42.9,29.56,13.17,0.0745,57.58,0.00065,43.8,healthy,0,0
2026-03-12T11:31:18.750845+00:00,device-03,server,datacenter-central,50.55,89.79,230.78,2.5497,59.72,0.08534,67.2,memory_exhaustion,2,1
2026-03-21T08:01:18.750845+00:00,device-26,load_balancer,datacenter-central,15.59,13.47,9.55,0.1115,54.5,0.00014,46.8,healthy,0,0
2026-03-13T14:21:18.750845+00:00,device-45,server,branch-chicago,54.92,20.4,17.4,0.2891,52.5,0.00356,39.6,healthy,0,0
2026-03-18T07:39:18.750845+00:00,device-07,router,branch-losangeles,41.6,21.35,6.63,0.0674,61.05,0.00349,32.3,healthy,0,0
2026-03-20T23:33:18.750845+00:00,device-16,switch,branch-losangeles,30.96,24.08,22.55,0.1598,51.94,0.00242,33.2,healthy,0,0
2026-03-23T16:54:18.750845+00:00,device-19,router,datacenter-west,90.28,75.66,146.24,2.7696,88.28,0.02081,62.3,high_cpu,1,1
2026-03-21T21:49:18.750845+00:00,device-47,load_balancer,datacenter-east,26.16,47.06,33.73,0.2806,22.4,0.00143,40.7,healthy,0,0
2026-03-20T07:12:18.750845+00:00,device-47,firewall,datacenter-central,95.85,87.19,1836.69,46.956,96.5,0.63628,79.6,ddos_attack,5,1
2026-03-18T15:37:18.750845+00:00,device-13,router,datacenter-east,10.63,39.63,36.53,0.2865,60.07,0.00406,39.3,healthy,0,0
2026-03-17T22:37:18.750845+00:00,device-41,switch,datacenter-central,72.04,91.49,159.05,6.0097,58.49,0.06735,68.9,memory_exhaustion,2,1
2026-03-22T04:13:18.750845+00:00,device-01,router,datacenter-east,54.7,42.46,775.67,34.5139,35.49,0.08558,51.2,packet_loss,3,1
2026-03-13T23:37:18.750845+00:00,device-39,router,branch-newyork,89.4,67.81,299.66,2.181,82.93,0.02198,60.2,high_cpu,1,1
2026-03-13T02:45:18.750845+00:00,device-18,firewall,datacenter-west,43.02,14.0,27.29,0.104,56.05,0.00055,37.5,healthy,0,0
2026-03-16T09:23:18.750845+00:00,device-21,server,datacenter-east,15.47,18.12,12.98,0.0729,26.15,0.00264,34.6,healthy,0,0
2026-03-16T20:13:18.750845+00:00,device-44,router,branch-newyork,53.91,51.91,19.39,0.0831,42.04,0.00054,38.0,healthy,0,0
2026-03-13T00:21:18.750845+00:00,device-05,firewall,datacenter-west,55.52,48.4,35.52,0.2717,49.67,0.00103,30.2,healthy,0,0
2026-03-13T12:23:18.750845+00:00,device-10,router,branch-losangeles,87.78,85.13,2204.91,23.3011,75.41,0.3998,64.5,bgp_flapping,4,1
2026-03-19T21:31:18.750845+00:00,device-16,switch,datacenter-east,10.17,43.41,31.55,0.0061,39.44,0.0014,47.9,healthy,0,0
2026-03-17T19:01:18.750845+00:00,device-44,router,branch-chicago,9.73,30.57,9.82,0.1302,60.63,0.0048,50.0,healthy,0,0
2026-03-16T21:37:18.750845+00:00,device-44,router,datacenter-east,92.51,72.71,265.33,1.9034,76.48,0.02957,63.8,high_cpu,1,1
2026-03-18T19:01:18.750845+00:00,device-13,switch,branch-chicago,57.62,20.76,21.98,0.1717,57.67,0.00017,31.2,healthy,0,0
2026-03-14T15:47:18.750845+00:00,device-16,firewall,datacenter-east,44.45,41.2,20.04,0.1078,31.44,0.00402,30.4,healthy,0,0
2026-03-20T08:03:18.750845+00:00,device-35,server,branch-newyork,28.84,15.11,22.34,0.2392,59.58,0.00298,38.0,healthy,0,0
2026-03-17T21:17:18.750845+00:00,device-12,server,datacenter-east,55.16,28.02,22.86,0.0024,34.28,0.00454,35.5,healthy,0,0
2026-03-19T15:29:18.750845+00:00,device-28,router,branch-losangeles,63.82,26.35,34.61,0.1754,44.77,0.00366,47.8,healthy,0,0
2026-03-16T19:05:18.750845+00:00,device-17,firewall,branch-newyork,45.33,36.75,44.14,0.1223,19.4,0.00194,49.2,healthy,0,0
2026-03-12T08:39:18.750845+00:00,device-01,firewall,branch-newyork,41.59,29.35,27.96,0.2856,18.53,0.00161,31.4,healthy,0,0
2026-03-20T07:11:18.750845+00:00,device-31,router,branch-newyork,50.19,38.09,39.86,0.2206,57.54,0.00242,40.4,healthy,0,0
2026-03-13T15:07:18.750845+00:00,device-31,router,branch-losangeles,18.58,65.36,6.61,0.2003,15.25,0.00432,43.4,healthy,0,0
2026-03-22T16:46:18.750845+00:00,device-14,firewall,branch-newyork,98.89,89.84,1518.02,43.7627,97.55,0.55867,82.6,ddos_attack,5,1
2026-03-21T13:29:18.750845+00:00,device-44,switch,branch-chicago,12.9,48.7,12.79,0.0427,30.44,0.00138,38.3,healthy,0,0
2026-03-24T12:14:18.750845+00:00,device-42,switch,branch-chicago,43.64,32.17,1047.48,18.3034,58.29,0.19564,48.9,packet_loss,3,1
2026-03-17T23:49:18.750845+00:00,device-22,router,datacenter-east,23.31,24.07,23.41,0.098,42.64,0.00189,46.6,healthy,0,0
2026-03-13T13:35:18.750845+00:00,device-48,load_balancer,branch-losangeles,44.64,15.29,17.98,0.1818,39.7,0.00032,34.8,healthy,0,0
2026-03-16T23:23:18.750845+00:00,device-50,firewall,datacenter-central,7.14,12.66,30.18,0.0119,29.73,0.00324,38.8,healthy,0,0
2026-03-22T09:59:18.750845+00:00,device-13,load_balancer,datacenter-east,35.35,20.0,9.74,0.1062,51.28,0.00272,43.6,healthy,0,0
2026-03-12T07:55:18.750845+00:00,device-03,switch,branch-chicago,53.72,10.16,42.69,0.2233,37.2,0.00069,37.1,healthy,0,0
2026-03-13T19:45:18.750845+00:00,device-46,load_balancer,branch-newyork,13.87,30.82,13.66,0.0795,31.21,0.00318,44.3,healthy,0,0
2026-03-13T09:03:18.750845+00:00,device-50,router,datacenter-west,29.12,66.85,26.13,0.1425,30.99,0.00388,42.2,healthy,0,0
2026-03-20T11:41:18.750845+00:00,device-12,load_balancer,datacenter-east,22.17,53.4,39.13,0.0378,62.71,0.00139,31.3,healthy,0,0
2026-03-19T05:34:18.750845+00:00,device-35,router,branch-newyork,90.65,73.72,165.67,0.9875,76.24,0.02364,75.1,high_cpu,1,1
2026-03-22T16:19:18.750845+00:00,device-12,firewall,branch-chicago,40.87,27.98,29.22,0.2993,37.29,0.00273,33.1,healthy,0,0
2026-03-20T12:50:18.750845+00:00,device-03,router,datacenter-west,29.78,38.35,397.15,26.8946,34.21,0.16211,36.4,packet_loss,3,1
2026-03-20T01:39:18.750845+00:00,device-40,router,branch-losangeles,22.16,67.47,41.01,0.1253,29.03,0.00133,33.8,healthy,0,0
2026-03-12T19:57:18.750845+00:00,device-29,firewall,datacenter-central,36.18,43.63,6.51,0.0013,46.4,0.00145,46.5,healthy,0,0
2026-03-21T22:09:18.750845+00:00,device-42,load_balancer,datacenter-west,9.86,50.59,40.1,0.0632,54.42,0.0033,38.2,healthy,0,0
2026-03-20T12:49:18.750845+00:00,device-45,firewall,branch-chicago,51.57,46.3,20.24,0.2584,46.87,0.00091,40.1,healthy,0,0
2026-03-20T00:34:18.750845+00:00,device-01,router,branch-losangeles,54.72,49.27,562.93,22.2511,35.84,0.14486,52.9,packet_loss,3,1
2026-03-16T08:03:18.750845+00:00,device-24,load_balancer,branch-chicago,98.16,89.97,3425.39,28.5193,96.86,0.47151,68.4,ddos_attack,5,1
2026-03-20T19:45:18.750845+00:00,device-04,load_balancer,datacenter-west,35.63,17.06,16.51,0.2143,57.84,0.00312,48.8,healthy,0,0
2026-03-17T10:55:18.750845+00:00,device-02,server,datacenter-west,14.05,56.36,40.26,0.2287,48.37,0.0002,45.4,healthy,0,0
2026-03-21T03:51:18.750845+00:00,device-03,firewall,branch-chicago,92.72,90.11,2814.3,56.6729,95.96,0.3217,84.1,ddos_attack,5,1
2026-03-18T00:57:18.750845+00:00,device-17,switch,datacenter-central,47.91,27.81,23.54,0.0583,57.41,0.0044,32.6,healthy,0,0
2026-03-15T19:27:18.750845+00:00,device-14,router,datacenter-west,91.8,84.71,267.24,1.1284,89.23,0.03902,77.3,high_cpu,1,1
2026-03-19T08:47:18.750845+00:00,device-41,router,datacenter-east,44.83,60.07,29.47,0.0505,55.66,0.0003,35.6,healthy,0,0
2026-03-22T22:51:18.750845+00:00,device-01,server,datacenter-central,62.78,36.34,20.41,0.0371,40.66,0.00265,48.2,healthy,0,0
2026-03-24T20:15:18.750845+00:00,device-16,server,datacenter-west,72.39,90.62,145.14,7.5643,61.2,0.07514,69.1,memory_exhaustion,2,1
2026-03-25T05:32:18.750845+00:00,device-47,load_balancer,branch-newyork,91.17,95.03,2827.91,21.3256,95.93,0.53725,70.5,ddos_attack,5,1
2026-03-14T07:43:18.750845+00:00,device-24,load_balancer,datacenter-east,35.02,47.95,4.82,0.0906,34.8,0.004,40.1,healthy,0,0
2026-03-14T19:49:18.750845+00:00,device-37,router,datacenter-west,63.25,47.27,1.12,0.0302,19.9,0.00359,38.1,healthy,0,0
2026-03-19T14:09:18.750845+00:00,device-23,firewall,datacenter-west,11.59,27.61,26.07,0.093,30.86,0.00447,48.0,healthy,0,0
2026-03-15T07:19:18.750845+00:00,device-08,server,datacenter-west,44.51,42.89,24.36,0.0041,30.01,0.0002,32.5,healthy,0,0
2026-03-16T05:37:18.750845+00:00,device-19,router,datacenter-west,47.79,44.44,25.87,0.0258,61.62,0.00053,43.0,healthy,0,0
2026-03-22T02:27:18.750845+00:00,device-50,router,datacenter-east,28.98,24.14,21.64,0.0407,20.04,0.00368,39.2,healthy,0,0
2026-03-13T00:43:18.750845+00:00,device-18,load_balancer,datacenter-west,10.11,58.11,34.58,0.0973,50.78,0.00368,35.5,healthy,0,0
2026-03-20T05:01:18.750845+00:00,device-18,switch,branch-newyork,9.58,20.63,20.6,0.0565,55.93,0.00285,32.0,healthy,0,0
2026-03-16T22:43:18.750845+00:00,device-25,switch,datacenter-central,21.87,42.67,3.91,0.0839,59.25,0.00295,41.2,healthy,0,0
2026-03-20T12:30:18.750845+00:00,device-42,router,branch-newyork,89.9,68.14,110.23,0.7874,85.01,0.0211,71.2,high_cpu,1,1
2026-03-12T04:09:18.750845+00:00,device-22,firewall,datacenter-central,63.86,17.01,30.09,0.2905,60.14,6e-05,31.2,healthy,0,0
2026-03-22T21:27:18.750845+00:00,device-25,firewall,datacenter-central,36.8,62.93,12.55,0.2048,38.04,0.00178,39.7,healthy,0,0
2026-03-20T13:59:18.750845+00:00,device-36,switch,datacenter-east,41.09,34.05,34.78,0.1434,38.62,0.00253,35.7,healthy,0,0
2026-03-19T18:31:18.750845+00:00,device-34,switch,branch-losangeles,8.01,17.9,1.27,0.2211,14.83,0.00126,32.2,healthy,0,0
2026-03-12T03:29:18.750845+00:00,device-29,server,datacenter-central,51.06,10.95,13.1,0.0812,47.5,0.00223,30.8,healthy,0,0
2026-03-16T22:23:18.750845+00:00,device-34,router,branch-chicago,45.91,33.71,6.84,0.1258,57.89,0.00162,42.9,healthy,0,0
2026-03-23T10:01:18.750845+00:00,device-09,router,branch-chicago,42.65,48.87,1532.1,29.4925,60.26,0.19345,39.3,packet_loss,3,1
2026-03-18T21:31:18.750845+00:00,device-38,router,datacenter-central,37.6,31.92,26.34,0.26,5.44,0.00248,31.6,healthy,0,0
2026-03-14T01:57:18.750845+00:00,device-04,router,datacenter-central,20.83,14.99,21.02,0.1869,35.7,0.00364,30.7,healthy,0,0
2026-03-17T01:57:18.750845+00:00,device-37,load_balancer,branch-losangeles,48.98,35.39,25.28,0.2058,10.79,0.0028,36.0,healthy,0,0
2026-03-18T00:52:18.750845+00:00,device-05,server,branch-losangeles,95.08,79.06,294.33,1.2671,81.54,0.04697,77.0,high_cpu,1,1
2026-03-12T02:19:18.750845+00:00,device-17,firewall,branch-chicago,30.92,33.22,29.23,0.1831,45.11,0.00309,40.7,healthy,0,0
2026-03-15T08:59:18.750845+00:00,device-38,router,datacenter-west,6.15,30.04,5.19,0.2934,59.22,0.00405,45.7,healthy,0,0
2026-03-19T06:31:18.750845+00:00,device-20,load_balancer,datacenter-west,24.4,18.6,40.63,0.1543,38.12,0.00221,46.4,healthy,0,0
2026-03-20T09:31:18.750845+00:00,device-50,switch,datacenter-west,13.62,64.81,22.56,0.165,12.79,0.00087,34.1,healthy,0,0
2026-03-22T04:57:18.750845+00:00,device-47,firewall,datacenter-east,33.04,68.25,18.77,0.1393,33.6,0.00122,32.8,healthy,0,0
2026-03-15T14:53:18.750845+00:00,device-34,load_balancer,datacenter-central,15.22,14.99,12.83,0.1078,58.99,0.00288,31.4,healthy,0,0
2026-03-16T07:23:18.750845+00:00,device-23,load_balancer,branch-chicago,33.42,33.2,39.08,0.2331,63.93,0.00369,38.4,healthy,0,0
2026-03-13T21:23:18.750845+00:00,device-34,firewall,datacenter-east,55.46,44.65,1.34,0.2035,31.61,0.00055,44.8,healthy,0,0
2026-03-22T15:12:18.750845+00:00,device-08,load_balancer,datacenter-central,93.71,83.89,1675.52,28.8678,99.93,0.24726,83.3,ddos_attack,5,1
2026-03-15T22:21:18.750845+00:00,device-35,server,branch-newyork,36.61,57.34,5.48,0.2353,27.04,0.00275,43.6,healthy,0,0
2026-03-25T01:57:18.750845+00:00,device-28,router,datacenter-central,71.16,66.54,1210.52,26.8782,86.07,0.46525,61.6,bgp_flapping,4,1
2026-03-19T23:58:18.750845+00:00,device-36,router,branch-losangeles,79.86,63.47,766.65,20.294,66.33,0.39157,72.9,bgp_flapping,4,1
2026-03-18T03:11:18.750845+00:00,device-09,router,branch-newyork,40.08,25.73,34.89,0.2612,49.78,0.00219,32.7,healthy,0,0
2026-03-21T15:05:18.750845+00:00,device-37,switch,datacenter-east,51.02,38.36,16.39,0.2567,27.65,0.00023,39.6,healthy,0,0
2026-03-15T18:33:18.750845+00:00,device-29,server,branch-chicago,37.1,11.88,40.26,0.1346,15.35,0.0005,35.3,healthy,0,0
2026-03-15T23:03:18.750845+00:00,device-03,router,datacenter-west,5.69,24.75,12.62,0.2471,15.54,0.00336,41.8,healthy,0,0
2026-03-12T11:01:18.750845+00:00,device-09,firewall,branch-chicago,47.12,36.86,25.35,0.2713,16.37,0.00434,45.5,healthy,0,0
2026-03-17T18:04:18.750845+00:00,device-21,server,datacenter-central,97.98,83.3,290.3,1.2737,74.62,0.02794,67.0,high_cpu,1,1
2026-03-21T16:17:18.750845+00:00,device-05,router,datacenter-west,19.23,39.09,36.61,0.1276,22.26,0.0044,34.4,healthy,0,0
2026-03-16T22:33:18.750845+00:00,device-04,switch,branch-losangeles,8.95,24.44,5.13,0.1989,51.44,0.00263,35.1,healthy,0,0
2026-03-20T00:03:18.750845+00:00,device-28,router,datacenter-west,17.0,59.71,39.68,0.2922,41.96,0.005,43.7,healthy,0,0
2026-03-14T07:55:18.750845+00:00,device-06,firewall,datacenter-east,8.68,28.62,25.3,0.1375,44.54,0.00346,42.8,healthy,0,0
2026-03-17T15:46:18.750845+00:00,device-08,router,branch-newyork,85.5,72.03,169.44,2.1982,84.3,0.01055,69.8,high_cpu,1,1
2026-03-19T21:05:18.750845+00:00,device-33,load_balancer,datacenter-east,27.6,52.62,10.67,0.0353,63.71,0.0035,39.7,healthy,0,0
2026-03-23T22:11:18.750845+00:00,device-34,switch,branch-newyork,48.32,91.86,297.97,7.2129,78.44,0.02159,74.1,memory_exhaustion,2,1
2026-03-18T13:31:18.750845+00:00,device-48,switch,datacenter-west,63.07,46.94,11.7,0.176,27.37,0.00167,41.2,healthy,0,0
2026-03-20T04:29:18.750845+00:00,device-37,switch,datacenter-west,45.56,35.07,18.58,0.0734,20.52,0.00085,48.8,healthy,0,0
2026-03-22T04:03:18.750845+00:00,device-04,switch,datacenter-central,50.77,35.01,21.46,0.1533,25.14,0.00204,39.8,healthy,0,0
2026-03-14T18:39:18.750845+00:00,device-39,router,datacenter-central,24.9,53.98,8.55,0.2906,9.81,0.00127,35.2,healthy,0,0
2026-03-22T22:35:18.750845+00:00,device-48,server,branch-chicago,20.03,28.3,1.18,0.126,37.11,0.00191,47.1,healthy,0,0
2026-03-18T12:15:18.750845+00:00,device-34,load_balancer,datacenter-central,5.3,43.67,44.43,0.0882,46.86,0.00087,42.8,healthy,0,0
2026-03-15T13:19:18.750845+00:00,device-43,firewall,branch-losangeles,31.33,21.91,24.92,0.1137,36.37,0.00446,41.6,healthy,0,0
2026-03-22T02:09:18.750845+00:00,device-23,server,datacenter-east,20.22,60.64,38.19,0.0795,64.55,0.00314,40.6,healthy,0,0
2026-03-18T23:19:18.750845+00:00,device-09,router,datacenter-east,75.66,62.1,2355.21,25.6178,84.27,0.31481,57.2,bgp_flapping,4,1
2026-03-14T15:01:18.750845+00:00,device-04,load_balancer,datacenter-central,55.21,49.64,40.69,0.2703,14.63,3e-05,45.7,healthy,0,0
2026-03-18T13:45:18.750845+00:00,device-31,router,branch-newyork,21.29,11.38,32.48,0.222,33.86,0.00053,30.8,healthy,0,0
2026-03-15T19:21:18.750845+00:00,device-07,server,branch-losangeles,38.63,13.22,8.71,0.0649,22.0,0.00181,49.1,healthy,0,0
2026-03-12T02:09:18.750845+00:00,device-23,switch,branch-newyork,46.6,66.35,23.21,0.249,35.96,0.00314,45.6,healthy,0,0
2026-03-16T01:17:18.750845+00:00,device-42,firewall,branch-newyork,15.56,25.16,14.24,0.0303,25.8,0.00156,33.3,healthy,0,0
2026-03-16T14:49:18.750845+00:00,device-42,load_balancer,datacenter-west,26.6,31.44,22.05,0.0529,15.02,0.00198,40.9,healthy,0,0
2026-03-17T14:07:18.750845+00:00,device-15,router,branch-chicago,59.55,41.32,4.45,0.0393,11.01,0.00066,45.4,healthy,0,0
2026-03-17T20:43:18.750845+00:00,device-14,firewall,branch-chicago,59.9,60.48,18.13,0.0869,55.32,0.0027,31.2,healthy,0,0
2026-03-15T09:37:18.750845+00:00,device-39,load_balancer,datacenter-east,18.29,60.75,11.41,0.2729,42.1,0.00387,42.7,healthy,0,0
2026-03-14T09:09:18.750845+00:00,device-19,load_balancer,branch-losangeles,22.16,34.69,12.36,0.2052,32.82,0.00422,35.1,healthy,0,0
2026-03-19T06:35:18.750845+00:00,device-30,load_balancer,datacenter-central,37.93,42.39,14.96,0.0434,6.93,0.00011,36.3,healthy,0,0
2026-03-17T15:31:18.750845+00:00,device-24,switch,branch-chicago,54.79,43.04,9.78,0.003,32.3,0.00465,45.4,healthy,0,0
2026-03-15T16:49:18.750845+00:00,device-06,firewall,branch-losangeles,28.5,15.85,9.63,0.1753,38.62,0.00363,44.8,healthy,0,0
2026-03-13T03:14:18.750845+00:00,device-06,router,datacenter-east,90.04,77.37,1446.77,26.0412,82.1,0.27246,68.0,bgp_flapping,4,1
2026-03-21T00:39:18.750845+00:00,device-36,switch,datacenter-central,26.19,64.99,15.09,0.157,22.91,0.00163,42.6,healthy,0,0
2026-03-19T09:43:18.750845+00:00,device-16,router,datacenter-west,28.26,14.27,20.11,0.0855,38.86,0.00084,38.4,healthy,0,0
2026-03-14T23:35:18.750845+00:00,device-37,switch,branch-chicago,54.51,14.73,40.79,0.0988,7.37,0.0006,42.2,healthy,0,0
2026-03-12T08:21:18.750845+00:00,device-23,load_balancer,datacenter-east,15.35,33.05,6.96,0.2564,22.64,0.0021,38.9,healthy,0,0
2026-03-20T19:53:18.750845+00:00,device-39,firewall,branch-losangeles,60.22,24.51,21.35,0.0461,13.52,0.00439,46.5,healthy,0,0
2026-03-22T17:31:18.750845+00:00,device-41,load_balancer,datacenter-west,14.09,38.6,5.33,0.2626,44.4,0.00133,47.8,healthy,0,0
2026-03-12T03:07:18.750845+00:00,device-12,router,datacenter-west,46.43,63.72,18.69,0.2053,5.87,0.0035,47.1,healthy,0,0
2026-03-18T01:11:18.750845+00:00,device-44,router,datacenter-east,10.87,54.24,9.08,0.0433,8.84,0.00145,43.8,healthy,0,0
2026-03-12T18:23:18.750845+00:00,device-01,router,datacenter-central,73.75,75.0,2160.14,20.2381,89.77,0.16223,68.1,bgp_flapping,4,1
2026-03-13T15:31:18.750845+00:00,device-09,switch,datacenter-east,46.06,22.39,28.69,0.0499,39.83,0.00115,34.3,healthy,0,0
2026-03-12T03:01:18.750845+00:00,device-29,switch,branch-newyork,56.77,14.51,14.93,0.0622,62.99,0.00284,47.6,healthy,0,0
2026-03-16T12:31:18.750845+00:00,device-24,firewall,branch-losangeles,45.05,35.89,8.25,0.1841,43.4,0.003,39.2,healthy,0,0
2026-03-20T09:23:18.750845+00:00,device-37,server,datacenter-west,40.91,18.59,5.72,0.0903,14.19,9e-05,31.2,healthy,0,0
2026-03-22T21:23:18.750845+00:00,device-28,load_balancer,datacenter-central,63.08,30.21,10.6,0.1892,60.75,0.00259,45.6,healthy,0,0
2026-03-13T09:59:18.750845+00:00,device-43,switch,branch-chicago,20.42,39.78,17.73,0.2697,30.43,0.00115,31.6,healthy,0,0
2026-03-12T16:21:18.750845+00:00,device-29,load_balancer,branch-newyork,27.65,67.59,32.08,0.0452,37.87,0.00322,37.7,healthy,0,0
2026-03-15T09:24:18.750845+00:00,device-26,router,datacenter-central,74.71,78.66,1198.02,30.7699,93.45,0.37283,71.4,bgp_flapping,4,1
2026-03-23T21:48:18.750845+00:00,device-21,router,branch-chicago,89.97,66.67,1339.95,22.371,64.26,0.33035,67.0,bgp_flapping,4,1
2026-03-17T14:55:18.750845+00:00,device-25,router,branch-chicago,36.93,55.45,29.2,0.1761,29.16,0.00104,39.5,healthy,0,0
2026-03-21T23:27:18.750845+00:00,device-09,router,branch-chicago,5.89,12.4,40.2,0.1114,9.36,0.00012,47.1,healthy,0,0
2026-03-16T10:31:18.750845+00:00,device-47,load_balancer,branch-newyork,45.81,12.47,1.01,0.1858,35.42,0.00484,45.9,healthy,0,0
2026-03-14T23:59:18.750845+00:00,device-39,router,datacenter-west,34.77,45.89,12.85,0.0117,64.03,0.00279,49.0,healthy,0,0
2026-03-13T10:23:18.750845+00:00,device-45,firewall,datacenter-central,47.82,51.91,21.45,0.2112,22.01,0.00204,49.2,healthy,0,0
2026-03-13T06:13:18.750845+00:00,device-37,load_balancer,datacenter-central,16.35,17.2,10.66,0.1353,28.49,0.0002,33.4,healthy,0,0
2026-03-15T00:35:18.750845+00:00,device-11,load_balancer,datacenter-west,58.24,38.16,5.53,0.2146,44.55,0.00409,49.1,healthy,0,0
2026-03-17T23:36:18.750845+00:00,device-04,router,branch-newyork,93.55,85.37,2042.79,27.7698,62.85,0.41208,58.5,bgp_flapping,4,1
2026-03-21T20:17:18.750845+00:00,device-12,server,datacenter-east,45.67,88.17,199.5,2.7292,64.44,0.03619,70.7,memory_exhaustion,2,1
2026-03-13T16:45:18.750845+00:00,device-46,switch,datacenter-west,34.41,44.74,42.04,0.2465,31.29,0.00483,32.7,healthy,0,0
2026-03-22T16:49:18.750845+00:00,device-15,server,branch-chicago,56.11,26.78,37.77,0.2377,24.51,0.00488,33.8,healthy,0,0
2026-03-12T09:55:18.750845+00:00,device-32,router,datacenter-east,76.9,78.33,1856.54,30.5267,60.33,0.23452,59.8,bgp_flapping,4,1
2026-03-14T19:39:18.750845+00:00,device-11,router,datacenter-central,59.01,51.18,3.84,0.0368,9.39,0.00195,40.1,healthy,0,0
2026-03-21T00:34:18.750845+00:00,device-50,switch,datacenter-central,41.32,59.67,1771.03,33.056,55.85,0.2075,51.3,packet_loss,3,1
2026-03-13T11:23:18.750845+00:00,device-13,load_balancer,datacenter-central,14.19,16.11,26.54,0.1991,63.51,0.00295,40.4,healthy,0,0
2026-03-20T08:37:18.750845+00:00,device-38,load_balancer,branch-chicago,94.51,94.91,2654.28,47.5008,98.2,0.74898,80.3,ddos_attack,5,1
2026-03-20T15:23:18.750845+00:00,device-50,load_balancer,datacenter-east,29.9,48.83,29.54,0.156,33.42,0.00157,39.1,healthy,0,0
2026-03-18T07:29:18.750845+00:00,device-20,firewall,datacenter-east,14.63,68.47,33.45,0.1179,23.29,0.00048,49.8,healthy,0,0
2026-03-21T04:03:18.750845+00:00,device-11,switch,datacenter-east,61.31,93.08,447.68,1.4432,51.28,0.09658,67.7,memory_exhaustion,2,1
2026-03-18T16:25:18.750845+00:00,device-27,switch,datacenter-central,51.59,15.15,8.06,0.2636,17.29,0.00351,35.4,healthy,0,0
2026-03-17T14:31:18.750845+00:00,device-10,load_balancer,branch-chicago,63.34,60.92,6.05,0.181,7.88,0.00476,34.7,healthy,0,0
2026-03-22T02:32:18.750845+00:00,device-20,firewall,branch-losangeles,97.05,96.09,2196.29,56.8663,99.34,0.79508,80.8,ddos_attack,5,1
2026-03-19T16:39:18.750845+00:00,device-30,router,datacenter-central,47.88,48.73,10.18,0.2385,24.25,0.00138,47.5,healthy,0,0
2026-03-17T18:57:18.750845+00:00,device-34,load_balancer,datacenter-west,15.06,65.61,25.81,0.0603,33.15,0.0017,30.9,healthy,0,0
2026-03-23T01:15:18.750845+00:00,device-49,router,datacenter-east,46.06,10.32,4.42,0.1967,58.29,0.00081,36.5,healthy,0,0
2026-03-12T21:41:18.750845+00:00,device-41,load_balancer,datacenter-west,34.98,51.64,6.08,0.1573,45.28,0.00396,37.6,healthy,0,0
2026-03-16T01:21:18.750845+00:00,device-48,load_balancer,datacenter-central,62.63,34.07,39.23,0.2762,39.21,0.00042,34.0,healthy,0,0
2026-03-15T10:33:18.750845+00:00,device-40,switch,branch-newyork,17.07,35.84,34.37,0.2444,13.39,0.00259,47.2,healthy,0,0
2026-03-13T03:46:18.750845+00:00,device-14,switch,branch-chicago,25.77,41.83,1211.6,38.8434,33.57,0.29661,48.6,packet_loss,3,1
2026-03-17T17:37:18.750845+00:00,device-26,server,datacenter-central,52.47,14.38,14.13,0.034,26.17,0.00367,45.1,healthy,0,0
2026-03-14T11:03:18.750845+00:00,device-47,switch,branch-losangeles,47.49,95.15,199.39,1.5757,60.65,0.09894,57.1,memory_exhaustion,2,1
2026-03-18T20:32:18.750845+00:00,device-34,load_balancer,datacenter-west,91.16,92.22,2599.36,43.5194,96.98,0.29316,68.7,ddos_attack,5,1
2026-03-13T08:43:18.750845+00:00,device-33,switch,branch-losangeles,49.04,48.46,1981.13,38.8337,61.71,0.13708,43.9,packet_loss,3,1
2026-03-21T08:41:18.750845+00:00,device-12,server,branch-chicago,66.44,94.32,270.09,1.6619,63.93,0.09587,71.6,memory_exhaustion,2,1
2026-03-21T02:43:18.750845+00:00,device-22,load_balancer,branch-chicago,47.1,14.8,22.79,0.0366,31.74,0.00254,48.1,healthy,0,0
2026-03-21T15:07:18.750845+00:00,device-50,router,branch-chicago,48.4,37.59,37.48,0.0624,13.4,0.0013,47.7,healthy,0,0
2026-03-20T07:49:18.750845+00:00,device-25,server,datacenter-west,42.77,20.37,35.11,0.0721,10.78,0.00202,40.5,healthy,0,0
2026-03-18T02:45:18.750845+00:00,device-47,switch,datacenter-west,30.53,24.19,587.99,16.1839,43.83,0.23104,44.5,packet_loss,3,1
2026-03-16T09:57:18.750845+00:00,device-48,load_balancer,datacenter-west,42.05,33.7,4.89,0.1329,47.79,0.00465,44.4,healthy,0,0
2026-03-22T18:59:18.750845+00:00,device-23,router,branch-chicago,42.69,60.31,31.67,0.1656,12.98,0.00053,41.1,healthy,0,0
2026-03-19T09:07:18.750845+00:00,device-36,firewall,branch-losangeles,49.63,49.92,41.7,0.106,56.08,0.00136,47.7,healthy,0,0
2026-03-15T01:37:18.750845+00:00,device-09,firewall,datacenter-east,38.23,67.17,13.22,0.1156,46.57,0.00427,39.7,healthy,0,0
2026-03-14T12:27:18.750845+00:00,device-16,load_balancer,datacenter-west,31.51,66.05,6.81,0.0941,60.98,0.0004,45.1,healthy,0,0
2026-03-18T20:34:18.750845+00:00,device-21,load_balancer,branch-chicago,97.19,90.17,4183.1,39.7204,99.43,0.64349,71.0,ddos_attack,5,1
2026-03-21T20:22:18.750845+00:00,device-27,server,branch-losangeles,85.24,60.49,240.48,1.3624,80.21,0.04139,77.0,high_cpu,1,1
2026-03-17T03:21:18.750845+00:00,device-04,load_balancer,datacenter-west,40.21,44.87,38.24,0.2904,21.43,0.00262,32.9,healthy,0,0
2026-03-17T08:03:18.750845+00:00,device-16,router,datacenter-west,64.29,44.21,21.38,0.1459,41.89,0.00062,46.3,healthy,0,0
2026-03-12T05:52:18.750845+00:00,device-49,server,datacenter-central,50.73,97.11,447.48,5.6663,77.99,0.09556,60.4,memory_exhaustion,2,1
2026-03-22T07:37:18.750845+00:00,device-44,firewall,datacenter-east,37.86,58.34,9.84,0.2734,11.54,0.00055,44.0,healthy,0,0
2026-03-16T04:43:18.750845+00:00,device-47,switch,datacenter-west,48.99,91.93,206.07,5.9164,57.77,0.07547,63.5,memory_exhaustion,2,1
2026-03-13T19:25:18.750845+00:00,device-20,server,datacenter-west,25.26,26.28,40.24,0.0694,20.23,0.00375,40.5,healthy,0,0
2026-03-17T00:15:18.750845+00:00,device-23,router,datacenter-west,49.23,22.13,1295.13,35.7786,34.91,0.05343,51.9,packet_loss,3,1
2026-03-18T17:23:18.750845+00:00,device-15,firewall,branch-chicago,59.11,50.04,24.49,0.0256,19.25,0.0023,38.6,healthy,0,0
2026-03-12T10:13:18.750845+00:00,device-39,router,datacenter-east,58.14,18.85,8.18,0.0018,18.02,0.00425,46.2,healthy,0,0
2026-03-19T10:21:18.750845+00:00,device-18,switch,datacenter-west,8.13,30.0,33.91,0.1833,45.93,0.00161,37.8,healthy,0,0
2026-03-21T13:45:18.750845+00:00,device-41,switch,branch-newyork,33.51,15.62,32.23,0.1892,45.2,0.00152,35.5,healthy,0,0
2026-03-23T01:34:18.750845+00:00,device-36,router,datacenter-east,90.86,67.79,197.62,1.6437,83.67,0.03754,64.8,high_cpu,1,1
2026-03-19T06:51:18.750845+00:00,device-05,load_balancer,branch-newyork,22.15,55.56,30.46,0.0901,36.11,0.00347,31.4,healthy,0,0
2026-03-22T04:45:18.750845+00:00,device-05,router,branch-newyork,26.11,18.07,29.72,0.219,63.18,0.0042,36.2,healthy,0,0
2026-03-19T07:49:18.750845+00:00,device-08,server,datacenter-central,14.31,56.54,16.29,0.0683,41.17,0.00187,35.9,healthy,0,0
2026-03-21T12:11:18.750845+00:00,device-25,firewall,branch-losangeles,49.11,24.52,14.48,0.1081,45.69,0.00097,32.6,healthy,0,0
2026-03-17T18:39:18.750845+00:00,device-45,firewall,branch-chicago,29.5,15.95,2.69,0.0396,24.91,0.0034,34.9,healthy,0,0
2026-03-12T09:01:18.750845+00:00,device-49,server,datacenter-east,47.85,52.67,2.79,0.0543,20.89,0.00374,42.3,healthy,0,0
2026-03-15T19:03:18.750845+00:00,device-34,load_balancer,datacenter-central,96.35,91.56,4868.94,53.5847,97.62,0.2419,73.9,ddos_attack,5,1
2026-03-20T16:13:18.750845+00:00,device-37,server,datacenter-east,45.75,15.68,34.86,0.2467,15.42,0.00209,42.6,healthy,0,0
2026-03-21T21:23:18.750845+00:00,device-39,router,branch-losangeles,32.1,25.59,2.01,0.1119,35.19,0.00334,49.8,healthy,0,0
2026-03-21T23:41:18.750845+00:00,device-05,firewall,datacenter-central,16.48,49.76,9.51,0.0508,21.43,0.00412,46.5,healthy,0,0
2026-03-19T03:15:18.750845+00:00,device-31,firewall,datacenter-central,27.6,19.06,25.68,0.0512,32.72,0.00258,32.0,healthy,0,0
2026-03-20T11:25:18.750845+00:00,device-07,load_balancer,branch-chicago,54.71,45.83,11.35,0.2807,5.15,0.00018,45.2,healthy,0,0
2026-03-13T15:11:18.750845+00:00,device-22,firewall,branch-newyork,11.15,12.55,16.31,0.1647,59.65,0.00361,35.6,healthy,0,0
2026-03-18T05:05:18.750845+00:00,device-45,firewall,datacenter-central,31.4,51.91,14.88,0.1492,5.85,0.00455,44.5,healthy,0,0
2026-03-17T19:17:18.750845+00:00,device-37,switch,branch-newyork,25.8,64.3,27.28,0.1595,22.78,0.00017,43.2,healthy,0,0
2026-03-16T06:37:18.750845+00:00,device-11,server,datacenter-west,31.06,19.95,23.73,0.1017,37.74,0.00023,49.8,healthy,0,0
2026-03-20T15:21:18.750845+00:00,device-09,server,branch-chicago,61.61,49.06,28.62,0.1307,52.7,0.00175,43.6,healthy,0,0
2026-03-12T12:31:18.750845+00:00,device-35,server,datacenter-east,54.41,69.31,39.88,0.0152,34.81,0.00457,31.2,healthy,0,0
2026-03-21T01:43:18.750845+00:00,device-19,load_balancer,datacenter-east,24.54,43.16,22.66,0.0313,21.07,0.00392,37.1,healthy,0,0
2026-03-18T18:39:18.750845+00:00,device-15,server,datacenter-central,46.22,30.15,41.02,0.0384,55.66,0.00086,33.8,healthy,0,0
2026-03-17T07:49:18.750845+00:00,device-15,router,datacenter-west,57.53,16.77,2.39,0.1,41.24,0.00281,37.5,healthy,0,0
2026-03-22T17:48:18.750845+00:00,device-10,load_balancer,datacenter-east,93.85,90.11,4372.21,25.0071,98.34,0.57102,84.0,ddos_attack,5,1
2026-03-19T08:23:18.750845+00:00,device-22,load_balancer,datacenter-central,60.33,28.64,3.83,0.1114,18.2,0.00106,47.8,healthy,0,0
2026-03-16T06:07:18.750845+00:00,device-13,server,datacenter-central,23.65,47.24,38.78,0.0633,44.34,0.00117,30.2,healthy,0,0
2026-03-22T12:49:18.750845+00:00,device-27,switch,datacenter-central,58.57,97.43,220.11,1.6572,69.1,0.08542,55.5,memory_exhaustion,2,1
2026-03-14T06:11:18.750845+00:00,device-50,server,branch-chicago,24.68,18.32,3.36,0.2821,36.56,0.00295,43.4,healthy,0,0
2026-03-20T15:47:18.750845+00:00,device-03,switch,branch-losangeles,15.51,24.71,16.35,0.1118,41.3,0.00449,39.3,healthy,0,0
2026-03-22T18:37:18.750845+00:00,device-05,load_balancer,datacenter-central,11.87,52.78,3.46,0.2366,10.03,0.00338,49.5,healthy,0,0
2026-03-14T04:52:18.750845+00:00,device-29,switch,datacenter-east,50.44,95.72,439.27,4.374,59.58,0.07283,58.9,memory_exhaustion,2,1
2026-03-20T22:27:18.750845+00:00,device-35,load_balancer,branch-chicago,21.11,60.0,24.61,0.1077,36.55,0.00274,31.5,healthy,0,0
2026-03-20T02:01:18.750845+00:00,device-30,router,branch-losangeles,45.44,23.5,15.55,0.0759,23.27,0.00329,30.6,healthy,0,0
2026-03-20T12:05:18.750845+00:00,device-29,router,branch-chicago,10.56,48.05,31.53,0.2763,32.4,0.00281,48.4,healthy,0,0
2026-03-14T20:59:18.750845+00:00,device-01,server,datacenter-central,25.7,31.64,14.49,0.0571,28.15,0.00102,31.7,healthy,0,0
2026-03-15T10:19:18.750845+00:00,device-37,firewall,branch-losangeles,51.99,20.62,8.48,0.1798,20.86,0.00096,39.8,healthy,0,0
2026-03-18T04:59:18.750845+00:00,device-45,load_balancer,branch-chicago,57.73,29.16,28.06,0.0956,23.13,0.00085,48.3,healthy,0,0
2026-03-20T07:15:18.750845+00:00,device-46,router,datacenter-west,25.11,25.82,12.02,0.0857,48.17,0.00212,41.1,healthy,0,0
2026-03-14T04:19:18.750845+00:00,device-27,router,datacenter-central,64.27,51.09,3.98,0.2681,14.0,0.00236,49.4,healthy,0,0
2026-03-16T04:21:18.750845+00:00,device-46,server,datacenter-central,36.21,27.92,43.95,0.0226,32.96,0.00475,47.9,healthy,0,0
2026-03-21T05:21:18.750845+00:00,device-37,firewall,datacenter-central,56.44,17.94,14.88,0.0223,64.25,0.0014,34.3,healthy,0,0
2026-03-19T01:29:18.750845+00:00,device-20,router,branch-chicago,26.14,20.82,34.66,0.1215,26.02,0.00029,41.0,healthy,0,0
2026-03-21T11:21:18.750845+00:00,device-30,firewall,datacenter-east,54.52,24.89,44.94,0.0636,57.54,0.00431,38.9,healthy,0,0
2026-03-18T04:51:18.750845+00:00,device-09,load_balancer,branch-newyork,32.35,69.87,43.1,0.0991,8.54,0.00319,49.3,healthy,0,0
2026-03-19T18:49:18.750845+00:00,device-02,router,datacenter-west,31.06,26.59,12.07,0.0753,11.92,0.00264,31.4,healthy,0,0
2026-03-18T04:27:18.750845+00:00,device-16,router,datacenter-west,41.25,64.27,29.25,0.0415,30.37,0.00454,49.3,healthy,0,0
2026-03-16T00:41:18.750845+00:00,device-42,firewall,branch-chicago,41.59,34.0,39.41,0.2055,41.85,0.00154,30.8,healthy,0,0
2026-03-13T11:21:18.750845+00:00,device-32,load_balancer,branch-losangeles,57.52,54.17,41.33,0.1226,20.55,0.00049,44.2,healthy,0,0
2026-03-22T02:53:18.750845+00:00,device-27,router,datacenter-east,7.19,27.29,1.17,0.2326,60.16,0.00311,43.7,healthy,0,0
2026-03-22T02:57:18.750845+00:00,device-41,server,datacenter-central,50.12,57.52,12.68,0.2601,41.02,0.00412,47.8,healthy,0,0
2026-03-15T17:35:18.750845+00:00,device-49,firewall,datacenter-central,35.82,65.28,3.75,0.2796,33.89,0.00394,34.8,healthy,0,0
2026-03-14T18:23:18.750845+00:00,device-39,load_balancer,branch-chicago,93.19,82.19,3515.7,39.855,95.29,0.59212,78.5,ddos_attack,5,1
2026-03-16T17:53:18.750845+00:00,device-05,router,branch-losangeles,31.5,69.18,2.63,0.0243,6.76,2e-05,42.2,healthy,0,0
2026-03-20T21:03:18.750845+00:00,device-17,switch,datacenter-east,56.4,68.64,15.64,0.2913,24.52,0.00265,31.1,healthy,0,0
2026-03-15T17:07:18.750845+00:00,device-05,load_balancer,datacenter-west,6.21,57.98,31.87,0.2342,50.95,0.00394,31.3,healthy,0,0
2026-03-20T04:23:18.750845+00:00,device-38,load_balancer,datacenter-central,54.99,48.66,33.68,0.0584,38.45,0.00187,42.0,healthy,0,0
2026-03-25T00:16:18.750845+00:00,device-07,router,branch-newyork,96.89,67.05,189.33,1.9682,87.69,0.01724,77.0,high_cpu,1,1
2026-03-22T20:05:18.750845+00:00,device-14,load_balancer,datacenter-east,39.88,33.47,39.16,0.0194,53.34,0.00189,45.8,healthy,0,0
2026-03-22T12:41:18.750845+00:00,device-39,router,branch-losangeles,8.96,10.72,36.0,0.0115,32.38,0.00219,32.7,healthy,0,0
2026-03-19T10:37:18.750845+00:00,device-37,router,branch-losangeles,8.83,33.61,2.94,0.1302,27.86,0.00147,45.6,healthy,0,0
2026-03-13T01:59:18.750845+00:00,device-05,switch,datacenter-west,62.46,31.45,13.27,0.1706,52.46,0.0022,42.5,healthy,0,0
2026-03-14T14:01:18.750845+00:00,device-12,switch,branch-newyork,44.15,67.56,16.65,0.0751,8.46,0.00137,44.8,healthy,0,0
2026-03-20T01:04:18.750845+00:00,device-27,switch,branch-newyork,32.62,31.53,1581.85,28.7635,41.73,0.24836,40.7,packet_loss,3,1
2026-03-14T09:51:18.750845+00:00,device-46,switch,datacenter-east,54.21,23.81,1185.65,28.8182,60.13,0.28763,49.8,packet_loss,3,1
2026-03-15T18:45:18.750845+00:00,device-43,switch,datacenter-east,49.25,48.55,2.88,0.0163,50.59,0.0036,35.8,healthy,0,0
2026-03-23T09:57:18.750845+00:00,device-16,server,datacenter-east,88.54,63.4,193.48,2.704,80.49,0.03319,71.0,high_cpu,1,1
2026-03-12T02:23:18.750845+00:00,device-13,firewall,datacenter-central,26.75,17.18,35.77,0.2585,43.47,0.00222,31.7,healthy,0,0
2026-03-16T02:31:18.750845+00:00,device-09,server,datacenter-west,7.68,42.46,7.44,0.2063,9.62,0.00324,30.4,healthy,0,0
2026-03-21T20:19:18.750845+00:00,device-50,server,datacenter-east,38.76,16.2,14.11,0.0223,6.68,0.00178,35.1,healthy,0,0
2026-03-20T11:09:18.750845+00:00,device-44,load_balancer,branch-newyork,11.9,42.12,41.47,0.2235,6.39,0.00068,47.1,healthy,0,0
2026-03-16T13:35:18.750845+00:00,device-08,router,datacenter-west,59.37,50.54,6.4,0.1645,45.09,0.00451,47.7,healthy,0,0
2026-03-17T02:59:18.750845+00:00,device-21,switch,branch-chicago,47.17,16.45,9.28,0.2848,14.27,0.0048,37.7,healthy,0,0
2026-03-21T09:09:18.750845+00:00,device-31,load_balancer,branch-losangeles,50.77,60.6,17.86,0.102,63.81,0.00272,30.7,healthy,0,0
2026-03-25T11:59:18.750845+00:00,device-28,server,datacenter-central,90.03,83.48,230.69,2.4972,82.63,0.0491,75.7,high_cpu,1,1
2026-03-14T10:39:18.750845+00:00,device-44,firewall,datacenter-central,32.12,17.47,15.17,0.2347,33.39,0.00261,40.6,healthy,0,0
2026-03-15T02:13:18.750845+00:00,device-44,switch,branch-newyork,37.94,47.11,29.68,0.2552,7.52,0.00284,33.5,healthy,0,0
2026-03-14T03:27:18.750845+00:00,device-09,router,datacenter-central,78.59,68.49,2213.3,26.7816,70.2,0.17373,55.3,bgp_flapping,4,1
2026-03-15T16:41:18.750845+00:00,device-20,firewall,branch-chicago,60.53,54.27,15.09,0.0993,25.25,0.00276,35.0,healthy,0,0
2026-03-13T19:57:18.750845+00:00,device-05,router,branch-chicago,56.4,69.62,32.78,0.1472,63.17,0.00073,49.9,healthy,0,0
2026-03-16T00:15:18.750845+00:00,device-15,server,branch-chicago,63.91,22.72,20.83,0.0622,52.02,0.00198,31.7,healthy,0,0
2026-03-12T09:51:18.750845+00:00,device-39,server,datacenter-east,7.71,19.76,40.63,0.2088,8.95,0.00033,45.9,healthy,0,0
2026-03-17T18:27:18.750845+00:00,device-29,router,datacenter-east,8.67,36.85,5.64,0.0711,63.82,0.00055,41.3,healthy,0,0
2026-03-20T23:57:18.750845+00:00,device-12,router,datacenter-east,39.81,13.69,36.53,0.2568,34.53,0.00275,45.4,healthy,0,0
2026-03-22T12:15:18.750845+00:00,device-09,switch,datacenter-east,8.8,68.64,27.9,0.1045,42.32,0.00113,38.5,healthy,0,0
2026-03-23T03:17:18.750845+00:00,device-21,switch,branch-chicago,9.98,17.37,38.87,0.1545,53.43,0.00299,36.9,healthy,0,0
2026-03-19T04:17:18.750845+00:00,device-38,switch,datacenter-west,33.25,48.73,970.78,36.4355,46.24,0.1353,55.0,packet_loss,3,1
2026-03-16T08:41:18.750845+00:00,device-40,firewall,branch-newyork,45.42,58.36,24.6,0.2524,20.95,0.00214,46.8,healthy,0,0
2026-03-20T14:19:18.750845+00:00,device-34,server,datacenter-central,36.83,58.3,39.63,0.2013,58.44,0.0017,33.3,healthy,0,0
2026-03-22T15:25:18.750845+00:00,device-32,firewall,branch-newyork,61.91,24.27,19.73,0.0226,43.82,0.00141,34.0,healthy,0,0
2026-03-14T20:33:18.750845+00:00,device-12,router,branch-chicago,52.02,31.21,1118.38,27.7004,49.79,0.19937,53.2,packet_loss,3,1
2026-03-23T01:13:18.750845+00:00,device-07,server,branch-losangeles,16.29,62.62,29.66,0.012,42.92,0.00091,34.9,healthy,0,0
2026-03-22T13:13:18.750845+00:00,device-22,router,datacenter-west,73.57,66.18,1865.56,32.5076,90.93,0.40737,69.7,bgp_flapping,4,1
2026-03-18T00:23:18.750845+00:00,device-43,load_balancer,branch-losangeles,17.51,24.38,44.88,0.2643,29.42,0.00017,39.7,healthy,0,0
2026-03-23T03:11:18.750845+00:00,device-08,firewall,branch-chicago,27.03,21.58,40.56,0.0871,22.6,0.00299,42.4,healthy,0,0
2026-03-21T23:31:18.750845+00:00,device-14,router,branch-losangeles,93.48,62.38,251.53,1.4038,78.13,0.01874,73.7,high_cpu,1,1
2026-03-18T08:27:18.750845+00:00,device-02,router,datacenter-west,15.56,33.22,33.63,0.1606,53.29,0.00475,33.9,healthy,0,0
2026-03-22T23:19:18.750845+00:00,device-07,firewall,datacenter-central,22.17,53.87,1.12,0.0822,5.47,0.0024,39.8,healthy,0,0
2026-03-13T20:11:18.750845+00:00,device-19,router,datacenter-east,37.8,59.0,20.36,0.1974,31.97,0.00147,44.5,healthy,0,0
2026-03-16T23:45:18.750845+00:00,device-33,firewall,datacenter-west,12.29,46.54,33.56,0.1131,36.8,0.00135,33.3,healthy,0,0
2026-03-20T17:29:18.750845+00:00,device-17,load_balancer,branch-newyork,6.16,44.34,10.32,0.1339,46.55,0.00487,34.3,healthy,0,0
2026-03-18T23:45:18.750845+00:00,device-05,firewall,branch-losangeles,23.6,66.6,15.93,0.2739,50.94,0.00196,42.8,healthy,0,0
2026-03-13T04:13:18.750845+00:00,device-30,load_balancer,branch-losangeles,26.4,63.4,6.23,0.2112,41.65,0.0018,31.8,healthy,0,0
2026-03-13T10:19:18.750845+00:00,device-47,load_balancer,datacenter-west,51.94,43.9,10.07,0.1328,29.85,0.00113,41.8,healthy,0,0
2026-03-13T02:26:18.750845+00:00,device-13,server,datacenter-east,46.46,91.16,487.33,3.0047,62.17,0.093,65.8,memory_exhaustion,2,1
2026-03-19T14:11:18.750845+00:00,device-15,switch,datacenter-central,53.21,40.83,41.64,0.1475,46.34,0.001,39.3,healthy,0,0
2026-03-21T18:23:18.750845+00:00,device-22,router,datacenter-west,59.99,37.34,19.76,0.2504,54.99,0.00081,46.1,healthy,0,0
2026-03-12T17:09:18.750845+00:00,device-49,server,datacenter-central,41.73,29.0,35.8,0.1594,12.3,0.00466,41.6,healthy,0,0
2026-03-19T09:45:18.750845+00:00,device-10,firewall,datacenter-west,32.97,49.45,6.44,0.1667,43.02,0.00276,35.7,healthy,0,0
2026-03-16T21:47:18.750845+00:00,device-39,firewall,datacenter-central,92.33,81.54,1986.34,41.6624,99.18,0.34144,75.2,ddos_attack,5,1
2026-03-22T02:11:18.750845+00:00,device-03,router,branch-losangeles,27.66,17.6,35.74,0.0379,49.5,0.0043,47.9,healthy,0,0
2026-03-12T16:23:18.750845+00:00,device-01,load_balancer,branch-losangeles,8.45,34.03,6.0,0.1915,57.75,0.004,31.7,healthy,0,0
2026-03-15T10:55:18.750845+00:00,device-43,load_balancer,datacenter-east,33.13,35.2,26.73,0.2728,21.04,0.00115,47.7,healthy,0,0
2026-03-17T21:57:18.750845+00:00,device-23,switch,datacenter-west,45.2,37.21,2.71,0.0626,44.91,0.00343,39.8,healthy,0,0
2026-03-17T07:07:18.750845+00:00,device-44,router,branch-newyork,92.59,75.91,210.35,2.2823,76.0,0.03225,60.8,high_cpu,1,1
2026-03-21T04:47:18.750845+00:00,device-45,firewall,branch-losangeles,27.86,55.07,12.03,0.1874,51.03,0.00302,37.8,healthy,0,0
2026-03-14T10:49:18.750845+00:00,device-29,firewall,datacenter-central,54.92,20.59,13.79,0.1363,45.81,0.00451,46.6,healthy,0,0
2026-03-23T05:27:18.750845+00:00,device-21,firewall,branch-chicago,90.3,92.44,3957.13,54.2712,99.85,0.56999,79.3,ddos_attack,5,1
2026-03-16T14:51:18.750845+00:00,device-14,router,branch-newyork,27.17,58.23,31.17,0.0047,15.67,0.00046,46.7,healthy,0,0
2026-03-13T02:55:18.750845+00:00,device-24,switch,datacenter-east,11.06,15.58,12.19,0.1685,5.35,0.00157,39.5,healthy,0,0
2026-03-17T22:51:18.750845+00:00,device-16,load_balancer,branch-chicago,8.21,54.49,34.78,0.2157,18.31,0.00447,42.2,healthy,0,0
2026-03-18T04:57:18.750845+00:00,device-43,router,datacenter-west,97.35,67.42,82.71,2.1716,75.66,0.03406,73.7,high_cpu,1,1
2026-03-18T13:07:18.750845+00:00,device-36,router,datacenter-west,31.59,15.62,2.72,0.1581,61.84,0.00299,41.4,healthy,0,0
2026-03-12T20:11:18.750845+00:00,device-33,router,datacenter-east,76.82,89.07,1615.21,21.4275,79.17,0.33302,70.7,bgp_flapping,4,1
2026-03-16T03:29:18.750845+00:00,device-06,router,branch-newyork,36.67,14.41,17.19,0.0679,12.87,0.00212,35.8,healthy,0,0
2026-03-19T01:53:18.750845+00:00,device-18,firewall,datacenter-east,27.58,38.38,4.26,0.045,20.61,0.00186,31.4,healthy,0,0
2026-03-16T08:51:18.750845+00:00,device-32,switch,branch-chicago,73.82,90.37,491.52,5.3703,60.33,0.09608,62.0,memory_exhaustion,2,1
2026-03-21T14:39:18.750845+00:00,device-29,switch,datacenter-central,48.23,26.28,15.49,0.0641,9.51,0.00327,32.6,healthy,0,0
2026-03-17T12:49:18.750845+00:00,device-20,switch,datacenter-east,21.06,27.47,538.94,33.804,65.17,0.11652,47.7,packet_loss,3,1
2026-03-17T11:46:18.750845+00:00,device-24,load_balancer,branch-chicago,91.31,98.27,4637.79,50.733,98.8,0.46493,77.9,ddos_attack,5,1
2026-03-19T06:17:18.750845+00:00,device-06,switch,branch-losangeles,57.19,13.95,30.72,0.0464,7.95,0.00072,42.4,healthy,0,0
2026-03-21T14:33:18.750845+00:00,device-43,switch,branch-losangeles,22.92,13.14,4.71,0.1263,50.78,0.00023,36.5,healthy,0,0
2026-03-14T17:01:18.750845+00:00,device-26,load_balancer,datacenter-west,43.98,56.67,10.37,0.0449,63.39,0.00102,39.1,healthy,0,0
2026-03-18T22:45:18.750845+00:00,device-32,server,branch-chicago,55.87,29.06,38.54,0.0437,24.13,0.00495,46.1,healthy,0,0
2026-03-21T14:06:18.750845+00:00,device-21,switch,datacenter-west,48.29,51.84,1334.46,14.5022,42.56,0.21589,38.7,packet_loss,3,1
2026-03-24T07:12:18.750845+00:00,device-01,router,datacenter-central,92.97,75.81,2139.35,16.2011,80.57,0.13647,58.5,bgp_flapping,4,1
2026-03-16T08:07:18.750845+00:00,device-25,switch,branch-losangeles,22.65,33.17,35.93,0.0815,21.07,3e-05,38.9,healthy,0,0
2026-03-12T21:59:18.750845+00:00,device-47,firewall,datacenter-west,20.51,47.44,21.12,0.0504,14.74,0.0013,43.0,healthy,0,0
2026-03-17T23:15:18.750845+00:00,device-17,server,branch-newyork,47.0,47.42,9.39,0.1206,23.6,0.00138,33.4,healthy,0,0
2026-03-19T22:49:18.750845+00:00,device-30,server,datacenter-central,50.66,50.1,42.79,0.0391,39.85,0.00478,39.4,healthy,0,0
2026-03-15T01:53:18.750845+00:00,device-15,firewall,datacenter-central,16.97,19.3,2.32,0.2074,64.37,0.0036,30.4,healthy,0,0
2026-03-13T02:13:18.750845+00:00,device-33,server,branch-chicago,33.83,33.22,7.5,0.2295,13.69,0.00404,38.8,healthy,0,0
2026-03-25T01:50:18.750845+00:00,device-47,router,datacenter-west,51.94,23.65,1502.62,30.2514,48.16,0.05622,51.7,packet_loss,3,1
2026-03-25T19:46:18.750845+00:00,device-27,server,branch-losangeles,96.24,74.79,134.35,2.2643,88.89,0.02478,77.6,high_cpu,1,1
2026-03-12T04:51:18.750845+00:00,device-24,firewall,datacenter-west,31.54,25.2,23.6,0.0273,32.06,0.00302,32.9,healthy,0,0
2026-03-23T00:57:18.750845+00:00,device-34,switch,branch-chicago,33.93,25.98,44.75,0.2592,36.74,0.00171,33.3,healthy,0,0
2026-03-14T22:12:18.750845+00:00,device-38,server,branch-chicago,70.63,93.49,212.78,5.8971,62.23,0.09763,56.2,memory_exhaustion,2,1
2026-03-18T22:05:18.750845+00:00,device-02,server,datacenter-east,39.0,36.42,1.84,0.1364,18.86,0.00055,45.7,healthy,0,0
2026-03-13T09:50:18.750845+00:00,device-47,switch,branch-chicago,49.18,25.45,782.99,26.9532,40.22,0.29531,38.8,packet_loss,3,1
2026-03-15T19:33:18.750845+00:00,device-12,switch,datacenter-west,46.68,33.32,20.89,0.0932,10.67,0.00178,48.5,healthy,0,0
2026-03-14T19:29:18.750845+00:00,device-49,switch,datacenter-east,17.24,57.92,36.4,0.184,37.37,0.00378,34.7,healthy,0,0
2026-03-22T21:49:18.750845+00:00,device-43,server,datacenter-central,35.18,36.52,18.04,0.1999,61.09,0.00413,34.6,healthy,0,0
2026-03-18T18:15:18.750845+00:00,device-13,router,datacenter-west,33.41,40.38,8.56,0.1426,30.5,0.00338,34.8,healthy,0,0
2026-03-13T03:25:18.750845+00:00,device-05,router,datacenter-central,24.4,54.73,9.97,0.2229,10.24,0.00294,32.0,healthy,0,0
2026-03-19T21:47:18.750845+00:00,device-26,firewall,datacenter-west,18.71,30.61,40.43,0.0349,47.83,0.00349,44.3,healthy,0,0
2026-03-14T23:41:18.750845+00:00,device-32,router,branch-chicago,25.63,42.14,30.76,0.2261,10.26,0.00056,36.0,healthy,0,0
2026-03-14T21:29:18.750845+00:00,device-29,router,branch-chicago,49.47,17.73,39.2,0.2939,60.11,0.00092,43.5,healthy,0,0
2026-03-17T22:43:18.750845+00:00,device-25,firewall,datacenter-west,36.92,37.72,40.82,0.0895,31.57,0.00152,44.5,healthy,0,0
2026-03-19T05:43:18.750845+00:00,device-35,load_balancer,datacenter-east,5.47,49.81,1.33,0.0208,29.83,0.00373,44.1,healthy,0,0
2026-03-21T20:32:18.750845+00:00,device-40,router,branch-losangeles,36.68,53.0,832.73,11.4317,33.15,0.05834,53.0,packet_loss,3,1
2026-03-17T19:29:18.750845+00:00,device-08,server,datacenter-west,74.31,89.51,114.59,5.4415,58.08,0.06523,74.9,memory_exhaustion,2,1
2026-03-24T23:26:18.750845+00:00,device-46,router,branch-chicago,44.11,41.68,1040.75,39.3725,33.73,0.18517,43.1,packet_loss,3,1
2026-03-19T18:55:18.750845+00:00,device-07,router,datacenter-west,61.91,45.99,37.58,0.2297,10.11,0.00263,35.1,healthy,0,0
2026-03-14T03:17:18.750845+00:00,device-50,load_balancer,branch-chicago,51.44,33.26,41.74,0.2951,18.39,0.00075,37.1,healthy,0,0
2026-03-12T04:23:18.750845+00:00,device-43,load_balancer,branch-losangeles,29.3,65.0,38.01,0.2842,29.4,0.00267,49.3,healthy,0,0
2026-03-19T05:45:18.750845+00:00,device-23,load_balancer,branch-chicago,44.85,35.26,29.21,0.1242,33.11,0.00217,38.3,healthy,0,0
2026-03-15T21:06:18.750845+00:00,device-06,firewall,branch-chicago,97.34,85.32,2183.21,59.3858,96.34,0.6712,78.9,ddos_attack,5,1
2026-03-14T11:31:18.750845+00:00,device-35,load_balancer,datacenter-east,27.84,46.88,38.81,0.1417,39.68,0.00387,33.6,healthy,0,0
2026-03-20T09:25:18.750845+00:00,device-38,switch,branch-chicago,21.59,37.59,38.41,0.2733,27.49,0.00101,47.8,healthy,0,0
2026-03-21T20:55:18.750845+00:00,device-16,load_balancer,branch-newyork,39.33,24.33,11.99,0.0075,6.05,0.00077,30.9,healthy,0,0
2026-03-22T16:33:18.750845+00:00,device-34,load_balancer,branch-losangeles,11.31,51.3,12.91,0.2398,32.81,0.00018,32.3,healthy,0,0
2026-03-14T15:01:18.750845+00:00,device-30,load_balancer,branch-newyork,90.56,81.17,1116.87,57.9762,96.1,0.23223,80.7,ddos_attack,5,1
2026-03-15T00:49:18.750845+00:00,device-20,switch,branch-losangeles,16.75,35.24,29.49,0.053,51.94,0.00275,40.9,healthy,0,0
2026-03-15T13:13:18.750845+00:00,device-24,load_balancer,branch-newyork,16.17,57.1,15.76,0.1191,23.72,0.00406,43.1,healthy,0,0
2026-03-24T19:45:18.750845+00:00,device-05,router,branch-newyork,87.46,78.23,190.2,1.171,70.69,0.0131,69.4,high_cpu,1,1
2026-03-17T13:03:18.750845+00:00,device-35,firewall,datacenter-east,52.68,40.81,43.03,0.294,41.63,0.00086,47.2,healthy,0,0
2026-03-21T10:35:18.750845+00:00,device-37,server,branch-losangeles,40.28,49.77,29.57,0.2248,45.46,0.00453,32.7,healthy,0,0
2026-03-14T13:33:18.750845+00:00,device-41,router,datacenter-east,6.4,58.34,28.26,0.2533,26.28,0.00374,38.1,healthy,0,0
2026-03-14T22:47:18.750845+00:00,device-50,router,datacenter-west,43.86,27.91,18.78,0.0659,23.39,0.00164,30.4,healthy,0,0
2026-03-13T11:27:18.750845+00:00,device-29,switch,datacenter-central,51.47,62.09,31.63,0.08,45.86,0.00158,30.9,healthy,0,0
2026-03-22T13:03:18.750845+00:00,device-36,firewall,branch-newyork,15.22,52.66,10.57,0.064,24.8,0.00361,49.0,healthy,0,0
2026-03-12T17:39:18.750845+00:00,device-25,router,datacenter-east,27.89,66.88,24.83,0.1964,48.91,0.00492,34.0,healthy,0,0
2026-03-14T22:21:18.750845+00:00,device-20,firewall,datacenter-east,53.78,18.8,3.54,0.1345,35.88,0.00181,45.5,healthy,0,0
2026-03-21T02:51:18.750845+00:00,device-06,server,datacenter-east,8.0,67.91,36.74,0.1265,9.16,0.00269,38.6,healthy,0,0
2026-03-16T03:09:18.750845+00:00,device-48,load_balancer,branch-chicago,62.93,19.44,26.59,0.0031,58.95,0.00268,41.7,healthy,0,0
2026-03-14T19:11:18.750845+00:00,device-12,switch,branch-chicago,32.21,51.05,6.21,0.1842,63.67,0.00418,34.0,healthy,0,0
2026-03-22T10:59:18.750845+00:00,device-09,firewall,datacenter-east,15.07,62.23,36.41,0.2164,9.84,0.00291,46.8,healthy,0,0
2026-03-20T06:39:18.750845+00:00,device-31,firewall,branch-newyork,36.77,28.93,19.19,0.0039,11.28,0.00357,46.7,healthy,0,0
2026-03-20T09:55:18.750845+00:00,device-47,router,datacenter-west,38.84,29.37,32.2,0.158,9.98,0.00222,41.5,healthy,0,0
2026-03-16T11:07:18.750845+00:00,device-33,firewall,branch-chicago,41.49,60.57,12.25,0.1573,63.29,0.00254,45.3,healthy,0,0
2026-03-12T18:19:18.750845+00:00,device-10,firewall,branch-losangeles,61.11,10.53,30.59,0.2128,60.07,0.00366,43.0,healthy,0,0
2026-03-22T22:21:18.750845+00:00,device-30,load_balancer,datacenter-west,41.67,35.09,3.49,0.0033,60.02,0.00265,32.4,healthy,0,0
2026-03-16T19:17:18.750845+00:00,device-01,server,datacenter-west,28.28,67.21,33.74,0.0086,42.34,0.00417,48.6,healthy,0,0
2026-03-15T03:41:18.750845+00:00,device-07,switch,datacenter-west,57.34,46.19,34.44,0.2848,42.85,0.00204,41.0,healthy,0,0
2026-03-12T22:41:18.750845+00:00,device-08,switch,datacenter-east,44.15,25.28,35.15,0.1468,29.68,0.00052,49.9,healthy,0,0
2026-03-21T07:51:18.750845+00:00,device-09,switch,datacenter-west,30.91,21.57,1192.51,17.3568,53.8,0.16151,37.0,packet_loss,3,1
2026-03-19T06:53:18.750845+00:00,device-16,load_balancer,branch-losangeles,8.81,10.64,42.65,0.1882,20.66,0.00195,47.9,healthy,0,0
2026-03-12T10:05:18.750845+00:00,device-43,firewall,datacenter-central,62.05,55.18,29.12,0.0554,31.31,0.0023,43.5,healthy,0,0
2026-03-20T12:59:18.750845+00:00,device-23,router,datacenter-east,33.41,46.43,30.08,0.1724,11.1,0.00359,38.4,healthy,0,0
2026-03-17T23:03:18.750845+00:00,device-26,router,branch-newyork,44.83,18.9,32.6,0.2785,25.02,0.00059,30.6,healthy,0,0
2026-03-17T05:13:18.750845+00:00,device-18,firewall,branch-newyork,9.84,51.95,1.95,0.0785,40.35,0.00382,44.8,healthy,0,0
2026-03-21T05:29:18.750845+00:00,device-37,switch,datacenter-central,16.97,33.21,4.72,0.1261,63.6,0.00055,47.1,healthy,0,0
2026-03-16T20:01:18.750845+00:00,device-17,firewall,datacenter-central,33.6,64.15,9.72,0.0112,41.17,0.00166,34.6,healthy,0,0
2026-03-20T08:11:18.750845+00:00,device-19,load_balancer,datacenter-west,58.93,25.62,12.15,0.1992,63.4,0.0044,40.6,healthy,0,0
2026-03-13T19:13:18.750845+00:00,device-18,switch,datacenter-east,29.11,59.49,27.96,0.1267,56.44,0.00496,34.4,healthy,0,0
2026-03-14T10:57:18.750845+00:00,device-24,server,datacenter-central,54.37,41.64,22.22,0.2316,11.28,9e-05,49.7,healthy,0,0
2026-03-13T14:15:18.750845+00:00,device-26,load_balancer,branch-losangeles,37.48,20.69,39.73,0.092,17.47,0.00449,38.4,healthy,0,0
2026-03-20T21:41:18.750845+00:00,device-19,load_balancer,datacenter-west,60.72,69.92,41.02,0.268,22.25,0.00328,39.9,healthy,0,0
2026-03-20T08:35:18.750845+00:00,device-42,router,branch-losangeles,30.62,33.07,43.17,0.1608,17.64,0.0035,41.6,healthy,0,0
2026-03-12T17:05:18.750845+00:00,device-21,load_balancer,datacenter-east,15.88,16.56,19.63,0.1782,40.02,0.00319,41.6,healthy,0,0
2026-03-12T12:33:18.750845+00:00,device-45,load_balancer,branch-newyork,39.44,20.26,6.68,0.0664,41.14,0.00018,42.2,healthy,0,0
2026-03-13T08:51:18.750845+00:00,device-21,router,datacenter-east,58.31,21.25,12.07,0.0763,49.32,0.00165,35.6,healthy,0,0
2026-03-12T22:06:18.750845+00:00,device-17,firewall,datacenter-east,97.06,97.69,4632.8,24.9386,96.35,0.5119,71.5,ddos_attack,5,1
2026-03-20T04:41:18.750845+00:00,device-18,router,branch-chicago,49.98,58.11,13.96,0.2767,58.0,0.00379,37.8,healthy,0,0
2026-03-21T20:27:18.750845+00:00,device-31,server,branch-losangeles,37.25,20.63,1.87,0.0491,56.32,0.00066,45.0,healthy,0,0
2026-03-19T10:25:18.750845+00:00,device-08,server,datacenter-central,52.21,92.0,438.98,4.388,58.67,0.05811,61.9,memory_exhaustion,2,1
2026-03-23T03:09:18.750845+00:00,device-13,router,branch-newyork,33.29,41.98,18.77,0.2693,48.35,0.0048,41.1,healthy,0,0
2026-03-20T19:13:18.750845+00:00,device-21,router,branch-newyork,57.32,66.49,42.02,0.033,25.02,0.00499,33.0,healthy,0,0
2026-03-15T04:57:18.750845+00:00,device-36,router,datacenter-east,47.77,11.6,11.64,0.172,38.06,0.00032,46.6,healthy,0,0
2026-03-13T03:59:18.750845+00:00,device-27,firewall,datacenter-central,28.68,20.82,2.84,0.147,21.98,0.00336,38.7,healthy,0,0
2026-03-19T18:59:18.750845+00:00,device-04,router,branch-losangeles,33.01,47.92,29.04,0.236,33.54,0.00106,39.2,healthy,0,0
2026-03-17T19:37:18.750845+00:00,device-05,router,datacenter-west,48.55,17.72,15.57,0.0219,60.43,4e-05,48.3,healthy,0,0
2026-03-16T01:07:18.750845+00:00,device-01,switch,branch-newyork,25.93,39.04,32.39,0.2419,38.12,0.00221,31.1,healthy,0,0
2026-03-12T12:55:18.750845+00:00,device-12,switch,datacenter-west,15.07,56.89,41.08,0.2199,64.24,0.00078,37.4,healthy,0,0
2026-03-20T14:27:18.750845+00:00,device-31,router,branch-chicago,58.17,46.59,6.28,0.2373,30.16,0.00267,30.7,healthy,0,0
2026-03-20T01:17:18.750845+00:00,device-28,switch,branch-newyork,59.83,37.62,15.86,0.1391,5.55,0.00368,33.2,healthy,0,0
2026-03-12T14:29:18.750845+00:00,device-19,load_balancer,datacenter-west,47.22,46.8,33.55,0.141,56.06,0.00391,35.1,healthy,0,0
2026-03-15T13:01:18.750845+00:00,device-47,server,datacenter-east,59.83,24.36,21.54,0.0409,50.49,0.00282,34.7,healthy,0,0
2026-03-19T19:49:18.750845+00:00,device-36,firewall,branch-chicago,18.28,55.65,37.62,0.2439,40.08,0.00292,34.7,healthy,0,0
2026-03-14T10:51:18.750845+00:00,device-33,router,branch-losangeles,52.2,25.44,18.78,0.0687,58.49,0.00361,45.4,healthy,0,0
2026-03-20T16:11:18.750845+00:00,device-36,load_balancer,branch-losangeles,35.61,20.95,5.21,0.0641,9.18,0.00305,38.0,healthy,0,0
2026-03-14T01:37:18.750845+00:00,device-32,firewall,datacenter-east,14.53,65.52,6.31,0.0296,64.54,0.00254,44.5,healthy,0,0
2026-03-18T02:05:18.750845+00:00,device-06,server,branch-newyork,62.11,47.47,41.69,0.0285,54.66,0.00115,36.6,healthy,0,0
2026-03-24T09:26:18.750845+00:00,device-20,server,datacenter-west,53.53,96.67,271.97,3.9888,64.34,0.05737,65.3,memory_exhaustion,2,1
2026-03-15T20:07:18.750845+00:00,device-40,server,datacenter-central,9.98,49.7,8.7,0.0334,8.95,0.00238,41.6,healthy,0,0
2026-03-13T12:17:18.750845+00:00,device-46,firewall,branch-newyork,42.58,17.49,36.72,0.1975,37.99,0.0018,45.3,healthy,0,0
2026-03-13T04:21:18.750845+00:00,device-22,firewall,branch-newyork,49.09,55.09,16.39,0.165,51.49,0.00448,46.4,healthy,0,0
2026-03-12T19:07:18.750845+00:00,device-32,server,branch-chicago,29.09,18.27,36.45,0.1839,10.43,0.00406,37.3,healthy,0,0
2026-03-20T01:55:18.750845+00:00,device-32,router,branch-newyork,38.49,52.9,5.44,0.0572,18.22,0.00015,39.3,healthy,0,0
2026-03-22T09:35:18.750845+00:00,device-19,server,branch-losangeles,8.28,52.72,10.91,0.2804,64.83,0.00242,42.9,healthy,0,0
2026-03-16T20:04:18.750845+00:00,device-41,load_balancer,branch-newyork,98.02,97.54,2866.68,41.7989,95.84,0.47011,82.9,ddos_attack,5,1
2026-03-14T00:23:18.750845+00:00,device-28,server,datacenter-central,5.8,44.09,10.2,0.0011,42.81,0.00476,50.0,healthy,0,0
2026-03-14T02:15:18.750845+00:00,device-23,switch,datacenter-east,32.82,65.49,20.8,0.1137,12.41,0.00119,33.5,healthy,0,0
2026-03-12T14:03:18.750845+00:00,device-14,load_balancer,datacenter-central,17.87,10.53,37.02,0.2104,55.03,0.00219,40.1,healthy,0,0
2026-03-13T09:23:18.750845+00:00,device-30,firewall,branch-newyork,13.14,11.98,31.53,0.1655,10.31,0.00309,49.6,healthy,0,0
2026-03-12T03:53:18.750845+00:00,device-50,switch,datacenter-central,52.75,62.59,32.21,0.1819,61.18,0.00135,34.8,healthy,0,0
2026-03-15T16:43:18.750845+00:00,device-34,router,branch-chicago,24.45,57.82,26.41,0.2253,13.47,0.00247,46.8,healthy,0,0
2026-03-14T02:41:18.750845+00:00,device-30,firewall,branch-newyork,39.44,65.74,16.01,0.2049,27.96,0.00014,38.8,healthy,0,0
2026-03-13T05:09:18.750845+00:00,device-07,load_balancer,datacenter-east,38.9,40.89,16.45,0.1518,21.78,0.00441,41.1,healthy,0,0
2026-03-23T19:22:18.750845+00:00,device-27,router,branch-chicago,96.44,60.41,231.66,1.7757,84.9,0.04308,78.4,high_cpu,1,1
2026-03-13T18:33:18.750845+00:00,device-26,load_balancer,datacenter-central,53.36,39.66,34.12,0.0437,48.18,0.00271,44.5,healthy,0,0
2026-03-13T18:17:18.750845+00:00,device-30,switch,datacenter-west,57.71,18.01,14.43,0.259,48.29,0.00053,49.2,healthy,0,0
2026-03-15T05:21:18.750845+00:00,device-39,firewall,branch-newyork,53.49,43.37,33.14,0.1106,17.8,0.00086,37.9,healthy,0,0
2026-03-23T04:03:18.750845+00:00,device-40,server,branch-losangeles,50.17,56.47,15.07,0.0737,31.76,0.00111,41.8,healthy,0,0
2026-03-12T04:03:18.750845+00:00,device-21,switch,branch-newyork,5.63,52.19,5.72,0.1311,64.76,0.00232,49.5,healthy,0,0
2026-03-13T00:36:18.750845+00:00,device-16,switch,branch-newyork,72.38,91.3,317.03,7.7482,79.24,0.05632,71.7,memory_exhaustion,2,1
2026-03-16T23:31:18.750845+00:00,device-03,load_balancer,datacenter-west,24.03,24.61,5.56,0.0609,42.81,0.00381,45.1,healthy,0,0
2026-03-18T09:17:18.750845+00:00,device-48,server,branch-chicago,52.31,33.94,3.63,0.2218,59.45,0.00406,45.8,healthy,0,0
2026-03-14T19:25:18.750845+00:00,device-20,router,datacenter-west,39.32,56.38,15.25,0.0249,54.65,0.0009,45.5,healthy,0,0
2026-03-16T09:37:18.750845+00:00,device-31,server,datacenter-west,43.31,32.47,15.31,0.2915,16.46,0.00428,49.5,healthy,0,0
2026-03-17T09:33:18.750845+00:00,device-21,server,branch-newyork,21.27,67.34,2.73,0.022,48.48,0.0047,30.1,healthy,0,0
2026-03-19T01:59:18.750845+00:00,device-34,load_balancer,branch-chicago,55.86,24.78,11.67,0.2589,39.26,0.00152,37.4,healthy,0,0
2026-03-24T23:14:18.750845+00:00,device-16,router,branch-newyork,54.84,20.08,1059.09,21.7907,51.06,0.11167,35.5,packet_loss,3,1
2026-03-21T10:55:18.750845+00:00,device-21,firewall,datacenter-central,42.53,28.2,33.67,0.1157,20.27,0.00205,33.7,healthy,0,0
2026-03-18T14:21:18.750845+00:00,device-08,server,branch-losangeles,57.91,20.46,13.96,0.0014,23.16,0.00417,32.4,healthy,0,0
2026-03-16T14:31:18.750845+00:00,device-44,load_balancer,branch-chicago,28.21,55.61,7.63,0.0356,58.9,0.00014,43.7,healthy,0,0
2026-03-21T03:59:18.750845+00:00,device-15,router,branch-chicago,60.11,61.04,13.16,0.2029,52.93,0.00412,43.6,healthy,0,0
2026-03-16T11:35:18.750845+00:00,device-47,router,datacenter-west,6.15,44.83,12.85,0.1153,45.35,0.00398,38.3,healthy,0,0
2026-03-12T15:33:18.750845+00:00,device-37,router,branch-chicago,43.85,41.82,29.36,0.0807,6.62,0.00173,41.1,healthy,0,0
2026-03-20T18:29:18.750845+00:00,device-21,firewall,branch-newyork,50.96,41.08,39.36,0.2905,58.39,0.00039,44.8,healthy,0,0
2026-03-14T04:37:18.750845+00:00,device-44,firewall,branch-newyork,19.3,10.82,9.27,0.0812,46.42,0.00375,43.5,healthy,0,0
2026-03-16T22:51:18.750845+00:00,device-12,firewall,branch-newyork,48.66,57.47,20.99,0.1224,45.44,0.00057,41.3,healthy,0,0
2026-03-14T16:05:18.750845+00:00,device-05,firewall,branch-newyork,49.24,14.65,32.07,0.2399,28.81,0.00126,47.4,healthy,0,0
2026-03-21T08:11:18.750845+00:00,device-40,server,branch-chicago,14.35,56.01,3.27,0.2038,19.21,0.0048,35.8,healthy,0,0
2026-03-16T12:47:18.750845+00:00,device-26,firewall,branch-newyork,64.5,48.56,36.46,0.0629,9.55,0.00113,34.9,healthy,0,0
2026-03-21T00:47:18.750845+00:00,device-19,switch,datacenter-east,45.01,69.02,30.35,0.0103,13.8,0.00238,42.4,healthy,0,0
2026-03-18T18:03:18.750845+00:00,device-08,router,branch-newyork,53.55,25.43,18.73,0.2138,24.19,0.00372,34.6,healthy,0,0
2026-03-22T20:27:18.750845+00:00,device-39,server,branch-losangeles,12.6,62.86,28.41,0.2067,21.95,0.00122,40.5,healthy,0,0
2026-03-16T13:34:18.750845+00:00,device-35,router,datacenter-east,85.05,63.98,1593.28,15.0929,85.39,0.22292,72.5,bgp_flapping,4,1
2026-03-21T17:27:18.750845+00:00,device-36,switch,branch-chicago,62.27,96.6,415.26,7.0914,60.75,0.03882,56.1,memory_exhaustion,2,1
2026-03-19T14:32:18.750845+00:00,device-33,router,branch-newyork,80.86,71.16,1195.36,23.2694,94.69,0.38821,63.3,bgp_flapping,4,1
2026-03-20T16:21:18.750845+00:00,device-07,router,datacenter-central,34.37,24.98,10.63,0.092,60.22,0.00033,32.7,healthy,0,0
2026-03-21T05:03:18.750845+00:00,device-07,router,datacenter-east,46.25,42.65,32.24,0.1718,31.58,0.00345,49.7,healthy,0,0
2026-03-20T22:13:18.750845+00:00,device-01,switch,branch-losangeles,23.99,23.11,21.41,0.2541,60.29,0.00485,35.4,healthy,0,0
2026-03-14T22:55:18.750845+00:00,device-04,firewall,datacenter-central,63.83,25.93,6.54,0.2268,40.43,0.00071,42.6,healthy,0,0
2026-03-21T11:33:18.750845+00:00,device-04,server,branch-newyork,31.78,30.22,11.09,0.0536,39.78,0.0047,43.8,healthy,0,0
2026-03-16T16:31:18.750845+00:00,device-11,load_balancer,datacenter-east,56.2,50.28,42.82,0.1776,63.08,8e-05,36.1,healthy,0,0
2026-03-20T16:19:18.750845+00:00,device-27,server,branch-losangeles,49.79,60.48,21.07,0.2365,46.62,0.0002,32.8,healthy,0,0
2026-03-22T06:29:18.750845+00:00,device-11,router,branch-newyork,48.21,58.79,12.25,0.0153,61.73,0.00424,36.2,healthy,0,0
2026-03-20T18:03:18.750845+00:00,device-08,server,branch-losangeles,64.23,35.39,43.92,0.2665,43.46,0.00285,34.6,healthy,0,0
2026-03-16T12:07:18.750845+00:00,device-28,switch,datacenter-central,24.83,55.4,6.12,0.0605,43.56,0.00417,37.9,healthy,0,0
2026-03-12T16:05:18.750845+00:00,device-41,router,datacenter-central,43.45,27.48,23.02,0.1754,28.4,0.00127,48.8,healthy,0,0
2026-03-17T03:25:18.750845+00:00,device-35,load_balancer,branch-chicago,15.94,45.76,6.03,0.2125,19.41,0.00391,41.8,healthy,0,0
2026-03-22T15:15:18.750845+00:00,device-14,firewall,branch-newyork,6.43,38.2,21.85,0.2355,45.74,0.00475,37.2,healthy,0,0
2026-03-21T16:39:18.750845+00:00,device-27,switch,branch-chicago,38.66,23.29,24.6,0.0416,11.88,0.00156,49.9,healthy,0,0
2026-03-12T06:07:18.750845+00:00,device-10,router,branch-newyork,23.71,57.54,1145.43,11.3397,41.9,0.18974,44.9,packet_loss,3,1
2026-03-17T12:37:18.750845+00:00,device-02,router,datacenter-central,41.22,17.21,36.9,0.1007,7.78,0.00429,30.7,healthy,0,0
2026-03-19T05:35:18.750845+00:00,device-18,server,datacenter-central,44.2,31.87,28.84,0.1093,49.2,0.00106,49.9,healthy,0,0
2026-03-18T11:05:18.750845+00:00,device-50,firewall,branch-losangeles,35.51,63.92,28.52,0.2394,26.6,0.00362,46.9,healthy,0,0
2026-03-17T00:57:18.750845+00:00,device-25,router,branch-losangeles,13.54,66.77,21.29,0.2643,41.41,0.00199,43.5,healthy,0,0
2026-03-14T22:28:18.750845+00:00,device-32,server,branch-newyork,95.31,66.65,239.51,2.3986,84.99,0.03443,69.3,high_cpu,1,1
2026-03-18T00:27:18.750845+00:00,device-45,firewall,datacenter-central,59.1,41.8,13.41,0.2139,42.69,0.00196,39.9,healthy,0,0
2026-03-17T02:57:18.750845+00:00,device-11,load_balancer,datacenter-central,40.23,34.95,41.92,0.28,31.23,0.00301,48.0,healthy,0,0
2026-03-13T02:25:18.750845+00:00,device-16,load_balancer,datacenter-west,22.18,62.6,1.72,0.1304,39.39,0.00242,42.5,healthy,0,0
2026-03-18T07:53:18.750845+00:00,device-11,firewall,branch-losangeles,15.14,22.92,17.33,0.1397,23.74,0.00256,48.3,healthy,0,0
2026-03-22T12:39:18.750845+00:00,device-50,switch,datacenter-east,28.21,22.56,1905.66,30.4485,31.74,0.24207,52.9,packet_loss,3,1
2026-03-24T16:39:18.750845+00:00,device-38,switch,datacenter-west,55.88,98.0,135.66,3.7134,65.05,0.06116,57.3,memory_exhaustion,2,1
2026-03-12T07:31:18.750845+00:00,device-18,firewall,branch-chicago,9.65,44.92,38.36,0.2745,33.39,0.00083,42.5,healthy,0,0
2026-03-17T09:09:18.750845+00:00,device-08,firewall,datacenter-central,50.46,69.22,6.58,0.191,12.67,0.00406,34.7,healthy,0,0
2026-03-20T19:50:18.750845+00:00,device-11,switch,datacenter-west,41.67,57.53,1958.17,27.4978,31.66,0.17301,41.0,packet_loss,3,1
2026-03-12T19:39:18.750845+00:00,device-30,firewall,datacenter-central,50.65,25.48,35.39,0.093,31.07,0.00109,40.8,healthy,0,0
2026-03-20T01:41:18.750845+00:00,device-40,switch,datacenter-west,45.88,60.69,2.05,0.2936,23.81,0.00039,32.4,healthy,0,0
2026-03-24T22:22:18.750845+00:00,device-39,router,branch-newyork,72.98,81.59,1288.35,22.7244,77.18,0.38306,73.5,bgp_flapping,4,1
2026-03-15T15:11:18.750845+00:00,device-21,switch,branch-newyork,59.8,57.49,13.48,0.1156,42.53,0.00108,40.7,healthy,0,0
2026-03-21T20:39:18.750845+00:00,device-38,server,datacenter-east,44.58,33.37,24.69,0.1445,11.54,0.0025,37.4,healthy,0,0
2026-03-16T01:51:18.750845+00:00,device-35,firewall,branch-losangeles,13.08,39.74,40.14,0.1006,22.32,0.00096,43.3,healthy,0,0
2026-03-22T17:49:18.750845+00:00,device-10,server,datacenter-east,49.88,11.34,2.87,0.1678,52.48,0.00093,33.3,healthy,0,0
2026-03-13T07:47:18.750845+00:00,device-16,load_balancer,datacenter-east,95.88,90.98,3313.48,37.5303,95.4,0.59574,78.2,ddos_attack,5,1
2026-03-14T12:49:18.750845+00:00,device-32,switch,datacenter-central,31.28,52.85,42.95,0.0535,22.77,0.00457,42.9,healthy,0,0
2026-03-21T08:39:18.750845+00:00,device-14,router,branch-losangeles,19.62,66.68,1.47,0.1015,25.51,0.00417,34.6,healthy,0,0
2026-03-23T20:43:18.750845+00:00,device-48,router,branch-chicago,97.58,78.67,290.47,1.9888,84.17,0.03898,60.7,high_cpu,1,1
2026-03-21T20:53:18.750845+00:00,device-09,switch,branch-losangeles,37.9,53.04,11.02,0.128,13.56,0.00257,34.0,healthy,0,0
2026-03-12T09:21:18.750845+00:00,device-10,router,datacenter-west,37.16,60.94,43.59,0.0788,17.99,0.00402,41.5,healthy,0,0
2026-03-16T19:59:18.750845+00:00,device-40,server,branch-losangeles,25.62,27.94,21.12,0.0271,62.79,0.00206,46.2,healthy,0,0
2026-03-13T03:13:18.750845+00:00,device-39,load_balancer,branch-newyork,49.91,57.2,5.09,0.1903,24.4,0.00234,38.4,healthy,0,0
2026-03-17T03:31:18.750845+00:00,device-43,router,datacenter-central,42.17,46.36,33.86,0.059,31.97,8e-05,42.3,healthy,0,0
2026-03-13T17:49:18.750845+00:00,device-50,server,datacenter-central,7.29,58.74,13.73,0.1292,35.32,0.00157,37.8,healthy,0,0
2026-03-13T02:43:18.750845+00:00,device-45,load_balancer,datacenter-west,50.15,54.48,24.39,0.0631,11.84,0.00244,36.2,healthy,0,0
2026-03-21T02:05:18.750845+00:00,device-27,server,branch-losangeles,46.39,42.75,38.64,0.2851,56.42,0.00313,31.7,healthy,0,0
2026-03-14T11:57:18.750845+00:00,device-35,load_balancer,branch-losangeles,24.02,10.13,11.25,0.249,8.95,0.00127,49.9,healthy,0,0
2026-03-17T12:31:18.750845+00:00,device-15,switch,branch-chicago,55.87,43.07,7.6,0.1818,59.45,0.00201,35.2,healthy,0,0
2026-03-13T14:13:18.750845+00:00,device-31,router,branch-newyork,45.72,44.87,40.12,0.1245,27.82,0.00386,38.4,healthy,0,0
2026-03-19T16:03:18.750845+00:00,device-18,server,datacenter-west,20.12,65.5,14.21,0.0725,17.67,0.00289,37.7,healthy,0,0
2026-03-14T04:29:18.750845+00:00,device-38,load_balancer,branch-newyork,9.32,27.27,24.85,0.2616,35.54,0.00367,31.7,healthy,0,0
2026-03-23T02:23:18.750845+00:00,device-45,firewall,datacenter-east,93.56,86.3,1981.61,29.9999,95.25,0.55998,78.3,ddos_attack,5,1
2026-03-15T20:09:18.750845+00:00,device-34,server,branch-chicago,55.84,60.25,33.49,0.0807,7.06,0.00082,34.8,healthy,0,0
2026-03-21T05:45:18.750845+00:00,device-05,router,datacenter-east,20.95,37.52,41.07,0.0974,24.12,0.00274,49.2,healthy,0,0
2026-03-12T10:29:18.750845+00:00,device-01,load_balancer,datacenter-east,32.0,55.72,25.23,0.1115,41.78,0.00274,45.9,healthy,0,0
2026-03-14T04:25:18.750845+00:00,device-05,router,datacenter-west,38.89,36.4,12.75,0.1464,62.17,0.00079,41.6,healthy,0,0
2026-03-22T15:43:18.750845+00:00,device-06,switch,datacenter-central,20.45,65.18,9.55,0.1835,31.48,0.00297,46.0,healthy,0,0
2026-03-23T09:39:18.750845+00:00,device-21,router,datacenter-west,47.02,29.02,592.93,24.7819,38.79,0.19077,51.1,packet_loss,3,1
2026-03-13T00:07:18.750845+00:00,device-26,router,branch-chicago,63.51,14.04,44.8,0.0847,50.4,0.00383,38.0,healthy,0,0
2026-03-12T18:45:18.750845+00:00,device-28,switch,datacenter-east,59.94,53.34,25.83,0.2185,25.13,0.00458,44.4,healthy,0,0
2026-03-17T17:31:18.750845+00:00,device-41,load_balancer,datacenter-west,21.69,59.18,18.79,0.1505,40.42,0.00308,41.8,healthy,0,0
2026-03-16T06:25:18.750845+00:00,device-28,firewall,branch-newyork,64.9,68.46,27.76,0.0176,45.23,0.00137,31.7,healthy,0,0
2026-03-16T04:27:18.750845+00:00,device-26,router,branch-newyork,31.69,23.38,42.4,0.183,24.32,0.00343,49.8,healthy,0,0
2026-03-20T09:27:18.750845+00:00,device-43,switch,branch-newyork,13.45,69.52,2.27,0.1205,28.63,0.00136,34.1,healthy,0,0
2026-03-16T21:25:18.750845+00:00,device-50,switch,branch-newyork,74.44,95.3,412.05,2.7384,70.42,0.09083,60.8,memory_exhaustion,2,1
2026-03-14T13:17:18.750845+00:00,device-23,router,datacenter-west,39.29,52.18,17.06,0.1923,17.83,0.00143,32.7,healthy,0,0
2026-03-18T22:13:18.750845+00:00,device-28,server,branch-newyork,53.27,18.41,19.81,0.0622,14.14,0.0006,31.2,healthy,0,0
2026-03-22T22:47:18.750845+00:00,device-20,router,branch-chicago,95.75,73.53,180.83,1.7535,80.82,0.04452,73.5,high_cpu,1,1
2026-03-12T13:15:18.750845+00:00,device-10,load_balancer,branch-chicago,20.86,16.95,30.47,0.0814,31.56,0.00158,49.9,healthy,0,0
2026-03-16T05:17:18.750845+00:00,device-33,firewall,branch-chicago,51.57,54.24,10.76,0.294,60.75,0.00292,46.9,healthy,0,0
2026-03-18T03:07:18.750845+00:00,device-13,switch,datacenter-east,45.52,54.33,25.27,0.0735,41.54,0.00082,42.5,healthy,0,0
2026-03-14T01:25:18.750845+00:00,device-32,server,datacenter-west,59.8,39.25,14.57,0.0088,54.68,3e-05,39.5,healthy,0,0
2026-03-13T07:03:18.750845+00:00,device-44,switch,branch-chicago,46.99,66.1,3.13,0.1441,6.34,0.00288,35.2,healthy,0,0
2026-03-14T07:31:18.750845+00:00,device-49,firewall,datacenter-west,59.25,19.2,24.95,0.0367,29.82,0.00488,41.1,healthy,0,0
2026-03-22T04:11:18.750845+00:00,device-42,load_balancer,branch-losangeles,39.22,32.19,9.05,0.1086,20.14,0.00404,47.1,healthy,0,0
2026-03-12T11:23:18.750845+00:00,device-16,switch,datacenter-east,38.57,51.12,35.19,0.2718,28.62,0.00181,30.4,healthy,0,0
2026-03-21T08:51:18.750845+00:00,device-37,load_balancer,branch-chicago,61.35,65.34,36.17,0.0093,57.14,0.00438,30.3,healthy,0,0
2026-03-20T03:05:18.750845+00:00,device-50,router,datacenter-west,45.9,60.29,27.94,0.0764,59.04,0.00441,40.7,healthy,0,0
2026-03-21T18:39:18.750845+00:00,device-38,firewall,datacenter-east,6.26,11.77,19.95,0.257,50.29,0.00061,36.5,healthy,0,0
2026-03-22T23:35:18.750845+00:00,device-17,router,branch-losangeles,21.04,47.43,5.98,0.0026,33.63,0.00454,46.4,healthy,0,0
2026-03-14T18:37:18.750845+00:00,device-02,server,branch-chicago,47.82,32.34,41.31,0.2196,50.22,0.00379,38.4,healthy,0,0
2026-03-16T22:11:18.750845+00:00,device-41,server,datacenter-east,8.93,18.4,37.11,0.0893,25.3,0.00292,33.4,healthy,0,0
2026-03-15T22:27:18.750845+00:00,device-47,server,branch-chicago,25.93,21.31,12.94,0.0623,25.3,6e-05,49.7,healthy,0,0
2026-03-20T02:51:18.750845+00:00,device-35,firewall,datacenter-central,17.0,59.25,30.1,0.2893,5.46,0.00403,39.7,healthy,0,0
2026-03-13T22:21:18.750845+00:00,device-44,switch,datacenter-central,44.92,28.97,15.93,0.0949,35.01,0.00061,35.2,healthy,0,0
2026-03-21T21:34:18.750845+00:00,device-15,router,datacenter-central,84.11,68.63,2883.59,17.5816,74.49,0.47205,65.8,bgp_flapping,4,1
2026-03-18T18:23:18.750845+00:00,device-10,server,branch-chicago,10.44,17.16,20.42,0.0714,54.21,8e-05,44.2,healthy,0,0
2026-03-17T04:51:18.750845+00:00,device-12,firewall,branch-losangeles,26.24,66.92,8.96,0.1109,33.1,0.00139,45.7,healthy,0,0
2026-03-17T11:29:18.750845+00:00,device-15,load_balancer,datacenter-west,19.79,12.31,29.69,0.0136,26.72,0.00255,35.2,healthy,0,0
2026-03-16T07:59:18.750845+00:00,device-50,router,branch-newyork,12.41,36.11,5.09,0.0791,13.89,0.00098,49.7,healthy,0,0
2026-03-16T11:53:18.750845+00:00,device-16,server,datacenter-east,9.23,53.77,40.35,0.0201,57.22,0.00466,40.0,healthy,0,0
2026-03-16T21:55:18.750845+00:00,device-40,server,branch-losangeles,15.05,69.37,17.37,0.1945,9.12,0.00317,35.7,healthy,0,0
2026-03-16T15:35:18.750845+00:00,device-29,load_balancer,branch-chicago,20.32,24.33,19.73,0.2453,16.89,0.00298,39.3,healthy,0,0
2026-03-22T22:33:18.750845+00:00,device-43,load_balancer,datacenter-west,44.67,10.28,3.69,0.0229,64.11,0.00438,42.9,healthy,0,0
2026-03-19T22:51:18.750845+00:00,device-47,switch,datacenter-east,35.44,16.38,36.0,0.1084,35.48,0.00138,49.0,healthy,0,0
2026-03-16T12:43:18.750845+00:00,device-06,router,branch-newyork,22.69,66.74,12.18,0.2757,64.98,0.0046,45.9,healthy,0,0
2026-03-19T21:29:18.750845+00:00,device-17,firewall,branch-chicago,42.25,19.49,18.45,0.1379,41.26,0.00286,46.9,healthy,0,0
2026-03-18T19:43:18.750845+00:00,device-34,router,datacenter-east,37.45,40.16,44.69,0.0141,54.6,0.00391,36.5,healthy,0,0
2026-03-15T02:07:18.750845+00:00,device-02,server,datacenter-west,22.66,56.15,1.76,0.0885,54.27,0.00014,47.9,healthy,0,0
2026-03-12T06:15:18.750845+00:00,device-14,firewall,datacenter-east,15.38,38.1,28.91,0.2823,55.02,0.00209,41.4,healthy,0,0
2026-03-15T09:27:18.750845+00:00,device-02,switch,branch-newyork,38.87,33.62,33.78,0.019,27.77,0.00349,30.3,healthy,0,0
2026-03-13T22:09:18.750845+00:00,device-28,router,branch-chicago,61.59,39.81,16.1,0.2573,16.18,0.00379,46.2,healthy,0,0
2026-03-21T21:51:18.750845+00:00,device-17,load_balancer,branch-losangeles,41.6,46.02,43.19,0.0438,35.0,0.00025,38.0,healthy,0,0
2026-03-18T22:47:18.750845+00:00,device-32,load_balancer,datacenter-central,57.71,45.63,30.07,0.0236,64.48,0.00459,34.9,healthy,0,0
2026-03-18T06:21:18.750845+00:00,device-25,load_balancer,datacenter-west,45.59,37.24,38.79,0.2684,22.38,0.00337,30.4,healthy,0,0
2026-03-22T06:23:18.750845+00:00,device-43,server,branch-losangeles,15.19,12.97,10.64,0.1005,63.79,0.00268,35.0,healthy,0,0
2026-03-17T15:39:18.750845+00:00,device-05,firewall,datacenter-east,9.26,67.52,26.46,0.1989,51.7,0.00418,46.9,healthy,0,0
2026-03-23T22:56:18.750845+00:00,device-25,switch,branch-newyork,31.2,45.53,1950.52,33.6226,52.78,0.19849,48.3,packet_loss,3,1
2026-03-22T20:33:18.750845+00:00,device-20,server,branch-chicago,28.64,44.11,26.61,0.2281,36.96,0.00063,48.0,healthy,0,0
2026-03-23T05:31:18.750845+00:00,device-42,server,branch-losangeles,46.39,92.31,137.14,5.6299,54.23,0.07253,60.5,memory_exhaustion,2,1
2026-03-21T20:47:18.750845+00:00,device-22,server,branch-losangeles,5.07,40.22,1.97,0.1159,24.92,0.00138,43.1,healthy,0,0
2026-03-17T04:01:18.750845+00:00,device-43,load_balancer,branch-losangeles,49.74,24.42,1.17,0.0868,42.89,0.00233,34.3,healthy,0,0
2026-03-14T11:41:18.750845+00:00,device-36,firewall,datacenter-central,41.4,35.19,31.3,0.172,44.43,0.00094,33.9,healthy,0,0
2026-03-22T19:01:18.750845+00:00,device-39,router,datacenter-central,42.91,46.61,8.25,0.2933,57.15,0.00198,43.1,healthy,0,0
2026-03-17T05:47:18.750845+00:00,device-03,load_balancer,branch-chicago,7.99,67.32,3.33,0.2834,27.74,0.00083,30.0,healthy,0,0
2026-03-23T00:10:18.750845+00:00,device-29,server,branch-chicago,59.91,92.96,242.56,6.2406,74.38,0.02561,64.9,memory_exhaustion,2,1
2026-03-21T19:03:18.750845+00:00,device-43,switch,datacenter-central,48.83,67.32,18.55,0.2199,7.8,0.00034,44.6,healthy,0,0
2026-03-20T12:11:18.750845+00:00,device-12,switch,datacenter-central,49.06,93.78,480.69,5.6991,74.76,0.04776,72.0,memory_exhaustion,2,1
2026-03-19T08:21:18.750845+00:00,device-49,load_balancer,branch-chicago,40.53,39.21,11.32,0.0597,61.69,0.00466,40.6,healthy,0,0
2026-03-17T16:55:18.750845+00:00,device-42,firewall,datacenter-central,42.05,65.76,28.84,0.1191,8.33,0.0029,43.6,healthy,0,0
2026-03-13T06:20:18.750845+00:00,device-29,switch,branch-chicago,34.96,30.29,1281.12,33.3068,57.83,0.17823,47.0,packet_loss,3,1
2026-03-20T14:04:18.750845+00:00,device-35,server,datacenter-east,91.51,83.54,85.47,0.8079,70.85,0.0486,79.9,high_cpu,1,1
2026-03-16T15:45:18.750845+00:00,device-36,router,branch-chicago,27.7,37.42,35.93,0.0689,12.81,0.00225,48.6,healthy,0,0
2026-03-12T21:25:18.750845+00:00,device-07,server,branch-newyork,54.95,35.59,24.79,0.222,5.63,0.0027,33.2,healthy,0,0
2026-03-18T16:15:18.750845+00:00,device-37,router,branch-losangeles,27.29,60.06,14.5,0.2289,44.51,0.00123,35.2,healthy,0,0
2026-03-14T20:13:18.750845+00:00,device-49,server,datacenter-east,26.11,69.72,27.58,0.2935,5.98,0.00427,43.2,healthy,0,0
2026-03-15T18:35:18.750845+00:00,device-15,firewall,branch-chicago,97.28,97.42,1026.41,38.6512,99.23,0.46905,77.3,ddos_attack,5,1
2026-03-15T12:11:18.750845+00:00,device-14,firewall,branch-newyork,22.87,63.92,7.35,0.0095,22.53,7e-05,32.1,healthy,0,0
2026-03-20T00:25:18.750845+00:00,device-44,server,datacenter-east,49.13,60.58,28.15,0.0317,9.47,0.00325,41.6,healthy,0,0
2026-03-21T05:41:18.750845+00:00,device-27,switch,datacenter-west,58.3,66.48,2.66,0.1108,54.27,0.00346,41.4,healthy,0,0
2026-03-17T21:27:18.750845+00:00,device-37,load_balancer,datacenter-west,37.17,24.34,6.04,0.2445,32.07,0.00289,37.6,healthy,0,0
2026-03-20T02:49:18.750845+00:00,device-30,switch,branch-losangeles,25.62,43.47,9.29,0.0003,43.52,0.00128,44.2,healthy,0,0
2026-03-13T12:51:18.750845+00:00,device-06,server,datacenter-east,41.78,61.19,12.34,0.0071,29.71,0.00078,48.7,healthy,0,0
2026-03-17T00:37:18.750845+00:00,device-11,switch,datacenter-east,61.23,62.76,44.96,0.0767,61.18,0.00361,32.5,healthy,0,0
2026-03-22T18:25:18.750845+00:00,device-07,load_balancer,branch-newyork,32.2,13.75,2.59,0.0194,40.97,0.00299,30.5,healthy,0,0
2026-03-21T08:27:18.750845+00:00,device-13,router,datacenter-east,7.56,43.94,27.91,0.1947,29.93,0.00136,48.5,healthy,0,0
2026-03-22T00:04:18.750845+00:00,device-14,router,datacenter-east,89.4,81.5,1141.45,16.9075,88.62,0.34431,65.3,bgp_flapping,4,1
2026-03-21T07:15:18.750845+00:00,device-41,router,datacenter-central,26.77,20.68,9.47,0.1146,9.09,0.00433,47.6,healthy,0,0
2026-03-19T17:05:18.750845+00:00,device-34,load_balancer,branch-chicago,9.09,42.82,32.47,0.0699,55.46,0.00372,34.6,healthy,0,0
2026-03-19T01:39:18.750845+00:00,device-32,firewall,branch-losangeles,5.83,25.16,42.49,0.2049,43.68,0.0026,41.1,healthy,0,0
2026-03-16T17:21:18.750845+00:00,device-43,firewall,branch-chicago,31.59,10.93,35.62,0.2147,33.28,0.00291,48.9,healthy,0,0
2026-03-15T01:03:18.750845+00:00,device-34,load_balancer,datacenter-west,23.48,41.38,42.02,0.0465,23.59,0.0043,44.1,healthy,0,0
2026-03-16T01:33:18.750845+00:00,device-50,switch,datacenter-central,43.06,38.89,37.68,0.2283,42.76,0.00165,40.3,healthy,0,0
2026-03-18T08:58:18.750845+00:00,device-09,router,branch-newyork,84.92,72.69,2536.65,32.3496,79.75,0.33706,65.5,bgp_flapping,4,1
2026-03-16T20:58:18.750845+00:00,device-21,router,datacenter-west,52.63,35.64,626.51,22.0747,64.04,0.2647,52.2,packet_loss,3,1
2026-03-21T08:09:18.750845+00:00,device-30,firewall,datacenter-central,45.36,13.78,42.5,0.1878,29.38,0.00022,50.0,healthy,0,0
2026-03-15T00:23:18.750845+00:00,device-30,switch,datacenter-west,12.97,37.01,27.52,0.082,49.51,0.00232,45.3,healthy,0,0
2026-03-15T03:17:18.750845+00:00,device-05,switch,branch-newyork,37.35,42.33,15.94,0.279,52.73,0.00261,43.4,healthy,0,0
2026-03-17T23:57:18.750845+00:00,device-46,switch,datacenter-west,33.64,55.95,25.55,0.1431,12.53,0.00358,33.9,healthy,0,0
2026-03-18T20:09:18.750845+00:00,device-04,load_balancer,branch-losangeles,16.24,14.33,42.25,0.2819,23.11,0.00359,34.1,healthy,0,0
2026-03-12T06:07:18.750845+00:00,device-49,load_balancer,branch-chicago,9.88,54.29,9.37,0.0108,14.34,0.00071,48.2,healthy,0,0
2026-03-15T03:29:18.750845+00:00,device-12,server,branch-chicago,18.58,49.95,12.3,0.1453,21.39,0.00191,50.0,healthy,0,0
2026-03-17T09:19:18.750845+00:00,device-23,server,branch-chicago,48.18,60.19,31.25,0.2083,28.44,0.00045,34.0,healthy,0,0
2026-03-17T00:19:18.750845+00:00,device-35,switch,datacenter-west,46.61,31.79,1273.38,33.1283,45.46,0.2186,39.2,packet_loss,3,1
2026-03-18T16:13:18.750845+00:00,device-30,server,branch-chicago,62.78,94.04,140.78,1.5472,79.71,0.08778,59.0,memory_exhaustion,2,1
2026-03-18T16:03:18.750845+00:00,device-41,switch,datacenter-central,10.3,16.75,3.17,0.1113,53.53,0.004,45.2,healthy,0,0
2026-03-17T09:43:18.750845+00:00,device-17,firewall,datacenter-central,46.21,61.58,39.29,0.2117,33.45,0.00276,46.0,healthy,0,0
2026-03-16T14:25:18.750845+00:00,device-14,firewall,datacenter-east,33.45,62.6,40.69,0.1717,14.56,0.00032,39.8,healthy,0,0
2026-03-17T13:49:18.750845+00:00,device-41,switch,branch-losangeles,32.18,33.74,11.09,0.0635,14.41,0.0006,41.6,healthy,0,0
2026-03-24T08:03:18.750845+00:00,device-44,router,branch-newyork,93.55,83.45,269.95,1.1866,89.62,0.01703,61.7,high_cpu,1,1
2026-03-13T02:09:18.750845+00:00,device-44,firewall,datacenter-west,15.79,30.34,38.58,0.1806,15.37,2e-05,47.5,healthy,0,0
2026-03-13T08:39:18.750845+00:00,device-09,router,branch-chicago,30.18,36.57,38.57,0.2802,50.24,0.00189,35.6,healthy,0,0
2026-03-21T16:25:18.750845+00:00,device-23,firewall,datacenter-central,28.18,30.93,3.61,0.2187,28.68,0.00277,30.9,healthy,0,0
2026-03-16T10:59:18.750845+00:00,device-19,switch,branch-losangeles,25.1,20.85,43.89,0.1713,44.82,0.00289,34.6,healthy,0,0
2026-03-13T08:37:18.750845+00:00,device-27,switch,branch-chicago,42.12,36.52,3.62,0.0878,60.07,0.00357,31.9,healthy,0,0
2026-03-15T20:30:18.750845+00:00,device-32,switch,datacenter-west,58.5,91.21,475.23,3.7177,62.16,0.04459,65.3,memory_exhaustion,2,1
2026-03-17T14:37:18.750845+00:00,device-05,switch,branch-newyork,52.38,69.17,13.34,0.1218,62.16,0.00399,40.2,healthy,0,0
2026-03-19T13:03:18.750845+00:00,device-36,load_balancer,branch-losangeles,25.94,53.59,15.73,0.0445,23.72,0.00256,33.7,healthy,0,0
2026-03-13T19:23:18.750845+00:00,device-31,load_balancer,branch-losangeles,51.39,21.85,43.75,0.0337,38.14,0.00409,33.4,healthy,0,0
2026-03-20T08:57:18.750845+00:00,device-28,switch,datacenter-west,45.24,11.13,44.94,0.0372,58.55,0.00229,48.9,healthy,0,0
2026-03-16T05:11:18.750845+00:00,device-19,router,branch-newyork,46.08,14.38,24.77,0.1731,28.26,0.00023,31.7,healthy,0,0
2026-03-17T03:45:18.750845+00:00,device-16,firewall,branch-losangeles,5.74,22.34,16.27,0.0795,37.66,0.00316,40.3,healthy,0,0
2026-03-24T00:39:18.750845+00:00,device-27,firewall,datacenter-east,94.9,88.72,2002.41,22.7304,97.3,0.54692,65.2,ddos_attack,5,1
2026-03-20T19:25:18.750845+00:00,device-20,switch,datacenter-west,49.98,95.05,273.68,6.4129,64.06,0.03269,68.7,memory_exhaustion,2,1
2026-03-13T04:43:18.750845+00:00,device-11,firewall,datacenter-east,63.82,64.04,33.31,0.2172,52.45,0.00347,37.8,healthy,0,0
2026-03-14T19:58:18.750845+00:00,device-27,router,branch-chicago,79.76,65.56,1315.25,32.515,78.86,0.29089,68.6,bgp_flapping,4,1
2026-03-15T00:33:18.750845+00:00,device-19,firewall,branch-chicago,24.09,46.79,27.9,0.2439,29.44,0.00372,42.1,healthy,0,0
2026-03-19T19:17:18.750845+00:00,device-16,router,datacenter-west,72.94,75.99,2628.74,18.5406,79.09,0.37949,56.3,bgp_flapping,4,1
2026-03-20T09:43:18.750845+00:00,device-08,router,branch-newyork,26.08,19.09,29.67,0.2645,32.72,0.00466,49.6,healthy,0,0
2026-03-15T23:41:18.750845+00:00,device-23,switch,datacenter-west,26.0,24.34,6.31,0.0206,45.87,0.00482,43.5,healthy,0,0
2026-03-21T00:55:18.750845+00:00,device-37,switch,datacenter-central,43.47,32.14,26.69,0.1314,20.99,0.00361,45.9,healthy,0,0
2026-03-17T19:11:18.750845+00:00,device-22,load_balancer,datacenter-west,5.35,18.31,31.94,0.2942,27.36,0.00382,47.9,healthy,0,0
2026-03-22T18:43:18.750845+00:00,device-18,firewall,branch-losangeles,46.96,12.35,13.75,0.2414,24.92,0.00403,46.2,healthy,0,0
2026-03-16T12:01:18.750845+00:00,device-04,server,branch-newyork,28.84,50.43,17.4,0.2311,39.04,0.00446,44.0,healthy,0,0
2026-03-21T21:11:18.750845+00:00,device-07,load_balancer,datacenter-west,57.5,34.88,44.38,0.2801,29.68,0.00353,37.0,healthy,0,0
2026-03-16T08:23:18.750845+00:00,device-18,switch,branch-newyork,61.32,21.06,23.04,0.0072,64.27,0.00416,31.4,healthy,0,0
2026-03-18T12:25:18.750845+00:00,device-39,router,branch-losangeles,48.5,39.06,25.98,0.0694,58.78,0.00016,48.8,healthy,0,0
2026-03-25T19:21:18.750845+00:00,device-49,switch,branch-chicago,40.38,26.53,1277.45,38.0201,43.22,0.22419,47.7,packet_loss,3,1
2026-03-14T10:35:18.750845+00:00,device-34,firewall,branch-newyork,58.55,12.28,30.17,0.1945,12.47,0.00024,49.6,healthy,0,0
2026-03-24T00:05:18.750845+00:00,device-34,switch,branch-losangeles,29.63,39.74,1702.3,14.4001,66.42,0.14522,41.7,packet_loss,3,1
2026-03-15T06:29:18.750845+00:00,device-50,server,datacenter-east,16.69,33.62,28.45,0.2263,56.69,0.00229,30.8,healthy,0,0
2026-03-13T05:41:18.750845+00:00,device-40,firewall,branch-losangeles,59.9,49.55,38.8,0.0668,44.8,0.00388,34.2,healthy,0,0
2026-03-14T13:41:18.750845+00:00,device-21,router,datacenter-central,53.55,17.23,25.82,0.2082,11.57,0.0024,47.0,healthy,0,0
2026-03-22T23:15:18.750845+00:00,device-20,router,datacenter-central,47.24,39.68,11.17,0.0879,36.56,0.00451,35.8,healthy,0,0
2026-03-16T04:35:18.750845+00:00,device-06,router,branch-newyork,56.72,22.78,1.4,0.1263,59.79,0.00357,42.2,healthy,0,0
2026-03-22T05:43:18.750845+00:00,device-43,server,branch-losangeles,63.86,27.76,39.75,0.1868,29.64,0.00425,37.5,healthy,0,0
2026-03-21T08:37:18.750845+00:00,device-16,load_balancer,branch-losangeles,25.62,34.83,12.75,0.2795,59.84,0.00415,48.3,healthy,0,0
2026-03-22T14:57:18.750845+00:00,device-10,firewall,branch-newyork,8.05,67.27,10.62,0.069,27.26,0.00441,48.9,healthy,0,0
2026-03-15T18:17:18.750845+00:00,device-48,firewall,branch-newyork,30.31,27.93,7.24,0.2616,36.88,0.00344,31.1,healthy,0,0
2026-03-16T02:01:18.750845+00:00,device-26,router,branch-losangeles,58.49,13.21,23.43,0.1749,57.39,0.00197,46.5,healthy,0,0
2026-03-18T02:19:18.750845+00:00,device-02,server,branch-losangeles,60.8,35.28,35.67,0.0935,32.38,0.0004,30.9,healthy,0,0
2026-03-13T15:21:18.750845+00:00,device-37,load_balancer,branch-newyork,7.73,15.57,20.14,0.1736,62.61,0.00286,39.4,healthy,0,0
2026-03-12T13:36:18.750845+00:00,device-31,router,branch-newyork,47.48,43.47,1670.39,31.634,51.79,0.28318,51.3,packet_loss,3,1
2026-03-20T19:35:18.750845+00:00,device-43,switch,branch-chicago,10.16,53.31,10.73,0.1614,28.3,0.00179,45.2,healthy,0,0
2026-03-22T06:49:18.750845+00:00,device-17,switch,datacenter-east,31.75,45.07,2.43,0.2424,47.31,0.00429,48.2,healthy,0,0
2026-03-19T06:55:18.750845+00:00,device-41,firewall,branch-losangeles,34.29,52.16,35.63,0.1586,18.82,0.00314,43.1,healthy,0,0
2026-03-19T07:15:18.750845+00:00,device-39,switch,branch-chicago,41.56,68.78,34.56,0.1634,19.95,0.00484,47.5,healthy,0,0
2026-03-22T01:59:18.750845+00:00,device-17,router,branch-newyork,53.86,44.05,11.78,0.2464,15.29,0.00097,32.2,healthy,0,0
2026-03-13T21:27:18.750845+00:00,device-28,router,datacenter-east,93.74,67.2,236.11,1.7104,72.22,0.02746,73.5,high_cpu,1,1
2026-03-17T22:57:18.750845+00:00,device-36,server,branch-newyork,20.92,43.08,23.66,0.2424,59.15,0.0005,34.4,healthy,0,0
2026-03-25T20:34:18.750845+00:00,device-33,server,branch-losangeles,63.58,92.14,294.88,2.729,58.51,0.05387,66.4,memory_exhaustion,2,1
2026-03-16T18:57:18.750845+00:00,device-41,server,branch-losangeles,46.16,28.22,15.96,0.0386,23.84,8e-05,31.6,healthy,0,0
2026-03-13T11:56:18.750845+00:00,device-24,switch,branch-losangeles,37.76,26.47,213.35,23.9188,30.27,0.28731,50.0,packet_loss,3,1
2026-03-15T06:07:18.750845+00:00,device-25,switch,datacenter-central,13.6,38.62,24.98,0.1847,47.72,0.00054,38.3,healthy,0,0
2026-03-14T21:17:18.750845+00:00,device-12,firewall,branch-losangeles,9.73,27.12,20.85,0.134,6.73,0.00139,48.1,healthy,0,0
2026-03-14T00:49:18.750845+00:00,device-38,switch,datacenter-central,33.28,37.43,38.92,0.1492,26.17,0.00032,32.1,healthy,0,0
2026-03-23T02:01:18.750845+00:00,device-42,firewall,datacenter-east,27.54,64.45,23.46,0.1764,17.37,0.00023,49.6,healthy,0,0
2026-03-12T07:27:18.750845+00:00,device-09,server,datacenter-west,21.28,28.59,40.96,0.0055,43.99,0.00291,49.5,healthy,0,0
2026-03-21T00:23:18.750845+00:00,device-38,switch,datacenter-west,8.62,10.8,37.78,0.0458,38.12,0.00434,33.0,healthy,0,0
2026-03-19T15:15:18.750845+00:00,device-11,switch,datacenter-central,46.45,10.84,31.42,0.2746,59.78,0.00188,32.5,healthy,0,0
2026-03-22T09:53:18.750845+00:00,device-09,load_balancer,branch-losangeles,8.38,59.14,20.21,0.2159,58.59,0.00038,49.1,healthy,0,0
2026-03-22T17:33:18.750845+00:00,device-39,router,datacenter-central,88.51,65.31,983.44,22.3216,70.12,0.25571,57.8,bgp_flapping,4,1
2026-03-14T16:27:18.750845+00:00,device-40,server,branch-chicago,17.84,23.93,38.04,0.0025,5.26,0.0035,32.2,healthy,0,0
2026-03-12T23:37:18.750845+00:00,device-06,switch,datacenter-central,47.86,41.77,1124.93,36.1769,50.94,0.08928,38.9,packet_loss,3,1
2026-03-15T18:39:18.750845+00:00,device-03,firewall,branch-losangeles,23.17,17.87,25.0,0.1996,7.46,0.00106,40.5,healthy,0,0
2026-03-21T04:23:18.750845+00:00,device-42,server,branch-chicago,29.62,45.29,25.48,0.1318,46.51,0.00389,38.4,healthy,0,0
2026-03-20T19:05:18.750845+00:00,device-40,router,datacenter-east,93.62,67.63,176.65,2.8176,76.63,0.04557,77.9,high_cpu,1,1
2026-03-13T03:49:18.750845+00:00,device-26,firewall,datacenter-central,61.69,32.79,27.24,0.2979,61.26,0.00082,34.9,healthy,0,0
2026-03-15T18:19:18.750845+00:00,device-50,router,branch-newyork,30.18,33.45,2.86,0.0051,34.54,0.00056,45.0,healthy,0,0
2026-03-17T16:47:18.750845+00:00,device-25,load_balancer,datacenter-east,24.82,64.44,5.79,0.0291,61.74,0.00403,37.7,healthy,0,0
2026-03-14T12:29:18.750845+00:00,device-33,load_balancer,datacenter-central,49.53,20.83,9.8,0.2535,32.98,0.00286,45.1,healthy,0,0
2026-03-17T01:15:18.750845+00:00,device-29,firewall,datacenter-central,19.29,37.06,22.8,0.2523,47.39,0.00039,33.9,healthy,0,0
2026-03-13T06:11:18.750845+00:00,device-46,firewall,branch-losangeles,20.79,14.88,24.3,0.2956,63.76,0.00317,32.0,healthy,0,0
2026-03-12T08:33:18.750845+00:00,device-30,server,branch-chicago,71.39,89.09,461.29,5.8841,73.63,0.03717,73.7,memory_exhaustion,2,1
2026-03-17T21:35:18.750845+00:00,device-08,router,datacenter-east,89.94,75.22,285.88,2.0629,76.72,0.03698,71.7,high_cpu,1,1
2026-03-21T02:38:18.750845+00:00,device-36,router,branch-newyork,23.2,55.35,1216.54,13.5045,35.18,0.07646,49.8,packet_loss,3,1
2026-03-22T09:07:18.750845+00:00,device-15,server,branch-newyork,51.15,11.13,4.21,0.232,38.4,0.00035,41.9,healthy,0,0
2026-03-15T03:47:18.750845+00:00,device-27,server,datacenter-east,62.12,29.13,16.63,0.1899,53.68,0.00012,36.9,healthy,0,0
2026-03-12T03:45:18.750845+00:00,device-33,load_balancer,datacenter-central,39.23,62.85,28.1,0.2627,16.29,0.00132,44.2,healthy,0,0
2026-03-15T09:03:18.750845+00:00,device-03,load_balancer,datacenter-west,28.89,41.86,33.7,0.0216,52.1,0.00082,47.6,healthy,0,0
2026-03-20T05:35:18.750845+00:00,device-20,firewall,datacenter-west,62.98,32.01,26.61,0.2593,26.19,0.00405,43.6,healthy,0,0
2026-03-13T13:17:18.750845+00:00,device-09,server,datacenter-east,56.9,54.22,14.39,0.1183,17.08,0.00085,39.7,healthy,0,0
2026-03-13T13:47:18.750845+00:00,device-41,load_balancer,branch-newyork,54.2,60.99,33.24,0.0568,59.45,0.00296,32.3,healthy,0,0
2026-03-14T18:35:18.750845+00:00,device-01,switch,branch-losangeles,13.16,42.64,11.82,0.0148,46.91,0.00445,46.0,healthy,0,0
2026-03-13T02:37:18.750845+00:00,device-35,switch,datacenter-west,12.11,22.33,40.41,0.1104,36.06,0.00352,49.6,healthy,0,0
2026-03-14T11:51:18.750845+00:00,device-32,load_balancer,branch-losangeles,46.2,41.8,35.27,0.0545,59.94,0.00321,32.7,healthy,0,0
2026-03-16T21:53:18.750845+00:00,device-20,firewall,branch-newyork,26.96,45.26,24.99,0.1279,57.76,0.00387,36.8,healthy,0,0
2026-03-21T02:01:18.750845+00:00,device-48,router,datacenter-west,90.36,64.11,2502.28,26.9641,84.33,0.43395,73.2,bgp_flapping,4,1
2026-03-17T00:17:18.750845+00:00,device-13,router,datacenter-central,20.83,37.7,9.44,0.0257,7.57,0.00046,36.4,healthy,0,0
2026-03-18T03:53:18.750845+00:00,device-40,firewall,datacenter-central,50.17,44.06,21.08,0.16,43.71,0.00065,43.2,healthy,0,0
2026-03-14T10:55:18.750845+00:00,device-44,router,branch-losangeles,9.5,36.36,32.21,0.0088,7.61,0.00086,36.0,healthy,0,0
2026-03-20T20:11:18.750845+00:00,device-45,server,branch-chicago,12.84,12.26,33.5,0.1363,43.51,0.00034,44.9,healthy,0,0
2026-03-15T18:55:18.750845+00:00,device-18,switch,branch-chicago,60.03,11.71,36.0,0.0208,5.49,0.00369,31.7,healthy,0,0
2026-03-22T21:13:18.750845+00:00,device-30,firewall,branch-newyork,38.04,64.53,28.91,0.1581,9.24,0.00145,45.3,healthy,0,0
2026-03-21T17:13:18.750845+00:00,device-47,load_balancer,datacenter-central,41.68,16.71,20.73,0.0507,14.49,0.00242,33.4,healthy,0,0
2026-03-17T10:19:18.750845+00:00,device-28,server,datacenter-west,16.55,40.74,14.12,0.0194,53.77,0.00032,40.6,healthy,0,0
2026-03-22T09:55:18.750845+00:00,device-06,switch,branch-chicago,17.19,24.52,34.1,0.1351,29.17,0.00381,49.6,healthy,0,0
2026-03-16T15:11:18.750845+00:00,device-40,switch,branch-newyork,46.41,44.58,22.45,0.1135,25.0,0.00421,37.0,healthy,0,0
2026-03-18T21:12:18.750845+00:00,device-36,router,datacenter-west,77.02,77.38,1928.34,27.699,82.28,0.31453,69.3,bgp_flapping,4,1
2026-03-20T00:19:18.750845+00:00,device-08,server,branch-losangeles,5.27,69.06,11.34,0.1522,18.52,0.00415,46.5,healthy,0,0
2026-03-23T01:21:18.750845+00:00,device-16,router,datacenter-east,10.28,59.91,10.41,0.1443,18.2,0.00152,47.2,healthy,0,0
2026-03-23T00:51:18.750845+00:00,device-23,switch,branch-chicago,50.13,31.03,1222.43,37.1191,57.95,0.11487,45.6,packet_loss,3,1
2026-03-22T10:27:18.750845+00:00,device-01,switch,datacenter-central,53.92,17.34,17.03,0.2939,56.41,0.00238,39.2,healthy,0,0
2026-03-20T22:21:18.750845+00:00,device-28,firewall,branch-chicago,63.12,54.17,29.17,0.2101,28.2,0.00061,39.0,healthy,0,0
2026-03-23T09:27:18.750845+00:00,device-14,firewall,datacenter-central,90.65,85.45,4909.91,29.428,97.45,0.55676,76.5,ddos_attack,5,1
2026-03-13T17:37:18.750845+00:00,device-03,load_balancer,datacenter-east,43.98,38.67,28.59,0.1715,12.36,0.00038,46.1,healthy,0,0
2026-03-19T11:45:18.750845+00:00,device-39,router,branch-losangeles,16.35,45.22,38.95,0.0468,62.42,0.00342,35.0,healthy,0,0
2026-03-16T17:05:18.750845+00:00,device-19,switch,datacenter-east,28.96,69.15,23.95,0.2083,23.86,0.00426,34.4,healthy,0,0
2026-03-12T08:17:18.750845+00:00,device-35,switch,datacenter-west,57.73,65.74,16.62,0.1524,53.71,0.0003,43.3,healthy,0,0
2026-03-22T05:53:18.750845+00:00,device-15,firewall,datacenter-east,61.15,45.68,41.67,0.1397,24.37,0.00114,36.3,healthy,0,0
2026-03-13T23:11:18.750845+00:00,device-35,router,branch-losangeles,37.25,42.35,17.43,0.0707,60.42,0.00355,36.4,healthy,0,0
2026-03-20T15:09:18.750845+00:00,device-35,switch,datacenter-central,17.28,22.49,23.48,0.0922,27.13,0.00092,37.0,healthy,0,0
2026-03-16T01:45:18.750845+00:00,device-44,firewall,branch-newyork,42.58,60.39,21.9,0.1131,30.59,0.0022,41.8,healthy,0,0
2026-03-13T05:33:18.750845+00:00,device-07,load_balancer,datacenter-central,22.48,67.37,36.58,0.1856,11.17,0.00232,38.6,healthy,0,0
2026-03-20T15:43:18.750845+00:00,device-24,server,datacenter-west,41.1,27.41,30.05,0.109,37.87,0.00033,40.0,healthy,0,0
2026-03-16T15:17:18.750845+00:00,device-28,load_balancer,datacenter-west,15.06,20.46,36.11,0.1969,40.26,0.00347,45.9,healthy,0,0
2026-03-20T08:27:18.750845+00:00,device-11,firewall,branch-chicago,63.21,27.4,5.07,0.0115,12.72,0.00453,42.2,healthy,0,0
2026-03-22T10:59:18.750845+00:00,device-41,switch,datacenter-west,49.62,93.72,180.21,3.7036,59.49,0.0815,61.9,memory_exhaustion,2,1
2026-03-14T09:47:18.750845+00:00,device-17,server,datacenter-west,23.81,40.4,31.68,0.1451,51.53,0.00318,49.9,healthy,0,0
2026-03-17T02:03:18.750845+00:00,device-09,load_balancer,branch-newyork,49.29,66.36,16.74,0.1818,24.32,0.00307,30.3,healthy,0,0
2026-03-21T04:55:18.750845+00:00,device-48,switch,datacenter-west,22.79,38.05,7.45,0.1187,46.74,0.001,46.3,healthy,0,0
2026-03-21T19:01:18.750845+00:00,device-31,server,branch-chicago,40.66,90.19,172.62,1.2977,50.62,0.03034,65.5,memory_exhaustion,2,1
2026-03-15T07:59:18.750845+00:00,device-23,router,datacenter-east,9.35,48.2,1.01,0.0299,11.24,0.00253,32.2,healthy,0,0
2026-03-13T22:23:18.750845+00:00,device-14,switch,branch-newyork,34.15,36.62,35.33,0.1993,22.31,0.00346,31.4,healthy,0,0
2026-03-20T08:49:18.750845+00:00,device-22,server,branch-newyork,63.22,62.48,24.92,0.1869,35.08,0.00219,47.9,healthy,0,0
2026-03-19T02:23:18.750845+00:00,device-46,switch,datacenter-west,36.38,41.5,1855.08,22.4143,37.19,0.27429,52.6,packet_loss,3,1
2026-03-16T17:41:18.750845+00:00,device-18,firewall,branch-newyork,49.12,22.3,29.37,0.1414,33.61,0.00033,36.4,healthy,0,0
2026-03-21T01:27:18.750845+00:00,device-09,server,branch-chicago,62.78,98.68,223.54,5.7131,65.04,0.03003,55.8,memory_exhaustion,2,1
2026-03-21T00:15:18.750845+00:00,device-32,firewall,datacenter-central,41.59,56.8,11.62,0.0702,26.18,0.0016,37.4,healthy,0,0
2026-03-21T21:43:18.750845+00:00,device-47,firewall,datacenter-east,12.81,32.48,25.63,0.2548,52.26,0.00047,49.5,healthy,0,0
2026-03-18T19:49:18.750845+00:00,device-50,firewall,datacenter-west,52.12,44.41,21.27,0.0643,22.37,0.00035,37.3,healthy,0,0
2026-03-19T09:27:18.750845+00:00,device-29,server,datacenter-east,12.41,34.5,23.4,0.0033,21.82,0.00284,43.6,healthy,0,0
2026-03-19T15:11:18.750845+00:00,device-26,firewall,datacenter-east,37.18,61.76,24.12,0.0713,62.64,0.00332,34.5,healthy,0,0
2026-03-21T07:37:18.750845+00:00,device-44,router,branch-losangeles,5.02,23.78,38.57,0.0571,62.58,0.0044,32.3,healthy,0,0
2026-03-12T12:03:18.750845+00:00,device-36,firewall,datacenter-east,55.74,57.93,11.16,0.0576,43.95,0.00285,32.4,healthy,0,0
2026-03-12T10:55:18.750845+00:00,device-45,server,branch-losangeles,19.83,20.36,14.15,0.0034,47.07,0.00432,43.1,healthy,0,0
2026-03-22T07:17:18.750845+00:00,device-08,load_balancer,datacenter-central,56.22,17.17,24.95,0.0182,40.08,0.00418,41.9,healthy,0,0
2026-03-22T10:11:18.750845+00:00,device-27,load_balancer,branch-losangeles,51.91,12.81,26.5,0.2531,31.68,0.00163,48.8,healthy,0,0
2026-03-19T23:43:18.750845+00:00,device-32,server,datacenter-west,25.38,29.78,13.09,0.0831,14.7,0.00085,42.3,healthy,0,0
2026-03-14T13:39:18.750845+00:00,device-34,router,branch-chicago,20.15,53.24,36.44,0.0951,43.32,0.00022,32.5,healthy,0,0
2026-03-18T11:21:18.750845+00:00,device-28,router,branch-newyork,74.61,71.34,2521.84,27.9581,80.67,0.24316,57.8,bgp_flapping,4,1
2026-03-16T03:55:18.750845+00:00,device-39,router,datacenter-west,33.41,18.68,27.33,0.0027,34.36,0.0029,33.9,healthy,0,0
2026-03-17T22:49:18.750845+00:00,device-03,switch,branch-newyork,10.27,35.25,34.93,0.0986,33.05,0.00479,34.3,healthy,0,0
2026-03-15T02:57:18.750845+00:00,device-13,server,datacenter-west,33.12,24.86,37.78,0.1195,5.59,0.00432,39.7,healthy,0,0
2026-03-17T01:49:18.750845+00:00,device-40,switch,branch-chicago,30.92,46.65,4.78,0.0108,9.05,0.00124,47.2,healthy,0,0
2026-03-12T22:13:18.750845+00:00,device-01,server,datacenter-central,45.84,43.48,33.83,0.2828,57.59,0.00431,49.0,healthy,0,0
2026-03-15T08:11:18.750845+00:00,device-19,load_balancer,datacenter-central,11.01,27.51,4.33,0.1471,47.7,0.00127,48.2,healthy,0,0
2026-03-21T10:47:18.750845+00:00,device-48,switch,datacenter-east,23.96,23.23,6.05,0.12,5.36,0.0041,30.3,healthy,0,0
2026-03-16T14:13:18.750845+00:00,device-07,router,datacenter-west,42.74,60.24,40.76,0.1281,35.44,0.00053,34.4,healthy,0,0
2026-03-19T03:21:18.750845+00:00,device-49,server,datacenter-west,59.47,90.31,465.42,6.7205,72.01,0.07925,66.9,memory_exhaustion,2,1
2026-03-12T06:58:18.750845+00:00,device-11,router,datacenter-east,44.09,44.29,344.45,13.3364,50.01,0.10089,50.0,packet_loss,3,1
2026-03-20T14:35:18.750845+00:00,device-12,firewall,branch-newyork,64.29,19.34,17.22,0.2823,30.79,0.0029,34.9,healthy,0,0
2026-03-19T01:51:18.750845+00:00,device-41,router,branch-chicago,14.78,18.05,9.13,0.0616,21.27,0.00214,44.8,healthy,0,0
2026-03-20T04:28:18.750845+00:00,device-10,router,datacenter-central,86.43,85.74,1273.65,18.8485,89.57,0.27197,63.6,bgp_flapping,4,1
2026-03-12T09:41:18.750845+00:00,device-19,switch,datacenter-central,10.91,57.05,40.81,0.2748,32.19,0.00236,48.5,healthy,0,0
2026-03-17T13:29:18.750845+00:00,device-02,switch,datacenter-central,36.41,12.5,9.68,0.1539,46.47,0.00036,44.1,healthy,0,0
2026-03-15T19:19:18.750845+00:00,device-03,switch,branch-newyork,56.38,38.45,12.15,0.1729,43.86,0.00213,42.4,healthy,0,0
2026-03-12T09:29:18.750845+00:00,device-31,firewall,branch-chicago,93.65,89.0,3755.87,38.8068,96.54,0.79458,84.7,ddos_attack,5,1
2026-03-18T14:47:18.750845+00:00,device-23,router,datacenter-west,35.79,18.09,33.52,0.2372,14.7,0.00055,34.0,healthy,0,0
2026-03-12T17:55:18.750845+00:00,device-37,switch,branch-newyork,15.02,41.61,18.41,0.0389,19.83,0.00023,42.1,healthy,0,0
2026-03-22T07:49:18.750845+00:00,device-36,switch,branch-losangeles,47.24,29.64,13.18,0.2395,33.58,0.00291,37.5,healthy,0,0
2026-03-20T09:09:18.750845+00:00,device-36,load_balancer,datacenter-central,38.38,41.85,18.04,0.0478,15.86,0.00052,31.2,healthy,0,0
2026-03-25T05:18:18.750845+00:00,device-30,router,branch-newyork,44.01,51.07,1234.86,20.8633,39.09,0.20573,43.8,packet_loss,3,1
2026-03-21T20:57:18.750845+00:00,device-21,router,branch-chicago,83.86,81.27,1556.32,22.7669,75.6,0.10148,70.8,bgp_flapping,4,1
2026-03-24T09:24:18.750845+00:00,device-45,router,branch-losangeles,95.26,73.16,192.4,0.6729,82.21,0.04552,78.6,high_cpu,1,1
2026-03-17T05:25:18.750845+00:00,device-45,router,datacenter-central,52.56,54.69,42.3,0.1816,63.99,0.00168,31.3,healthy,0,0
2026-03-14T01:43:18.750845+00:00,device-50,server,datacenter-central,51.99,28.91,6.82,0.1673,61.47,0.00261,47.9,healthy,0,0
2026-03-20T09:29:18.750845+00:00,device-18,load_balancer,datacenter-west,46.46,60.01,35.42,0.2901,41.05,0.00454,34.1,healthy,0,0
2026-03-20T13:01:18.750845+00:00,device-20,firewall,datacenter-east,15.58,41.12,36.83,0.194,34.01,0.00063,35.5,healthy,0,0
2026-03-20T06:01:18.750845+00:00,device-49,router,branch-newyork,42.32,12.03,4.33,0.1657,45.82,0.00375,48.0,healthy,0,0
2026-03-15T03:48:18.750845+00:00,device-30,router,datacenter-west,92.31,82.34,981.19,16.3589,86.3,0.30975,62.2,bgp_flapping,4,1
2026-03-20T17:31:18.750845+00:00,device-36,load_balancer,datacenter-central,16.22,22.25,34.79,0.0329,37.74,0.00272,44.1,healthy,0,0
2026-03-12T18:50:18.750845+00:00,device-32,server,datacenter-west,97.17,64.76,105.63,0.6906,84.57,0.02053,67.2,high_cpu,1,1
2026-03-18T03:13:18.750845+00:00,device-07,firewall,datacenter-west,12.85,49.54,21.62,0.0007,46.73,0.00338,37.1,healthy,0,0
2026-03-17T20:13:18.750845+00:00,device-32,switch,datacenter-west,57.57,41.3,30.73,0.0462,21.44,0.00388,33.5,healthy,0,0
2026-03-20T17:49:18.750845+00:00,device-41,server,branch-chicago,38.99,14.15,26.65,0.091,47.47,0.00011,41.1,healthy,0,0
2026-03-16T20:31:18.750845+00:00,device-03,server,datacenter-west,10.83,50.64,42.53,0.1629,44.6,0.00159,49.5,healthy,0,0
2026-03-18T17:12:18.750845+00:00,device-20,server,datacenter-west,93.49,65.4,179.27,2.7663,82.9,0.02045,70.7,high_cpu,1,1
2026-03-17T01:43:18.750845+00:00,device-03,switch,datacenter-west,11.31,23.3,4.73,0.286,21.43,0.00419,37.5,healthy,0,0
2026-03-12T23:26:18.750845+00:00,device-06,switch,branch-chicago,74.0,93.58,232.99,2.5237,66.92,0.0314,61.1,memory_exhaustion,2,1
2026-03-17T10:41:18.750845+00:00,device-39,router,branch-newyork,18.17,26.37,16.89,0.2043,61.76,0.00204,43.1,healthy,0,0
2026-03-20T13:31:18.750845+00:00,device-01,switch,branch-newyork,50.38,38.81,16.39,0.0027,47.37,0.00106,49.1,healthy,0,0
2026-03-20T23:45:18.750845+00:00,device-11,load_balancer,branch-newyork,51.89,14.45,29.27,0.1277,51.52,0.0027,31.0,healthy,0,0
2026-03-16T17:09:18.750845+00:00,device-30,server,branch-chicago,12.7,11.27,13.59,0.0177,60.79,0.00242,40.0,healthy,0,0
2026-03-18T00:15:18.750845+00:00,device-15,firewall,datacenter-central,45.05,60.9,34.23,0.1433,42.76,0.00325,41.3,healthy,0,0
2026-03-12T09:33:18.750845+00:00,device-22,server,datacenter-central,96.75,70.04,153.69,2.5813,70.42,0.04174,74.7,high_cpu,1,1
2026-03-22T15:57:18.750845+00:00,device-34,load_balancer,datacenter-east,10.27,21.65,44.0,0.2118,46.38,0.00105,35.9,healthy,0,0
2026-03-14T15:49:18.750845+00:00,device-14,server,datacenter-east,33.96,27.83,32.99,0.1416,24.65,0.0029,36.4,healthy,0,0
2026-03-14T14:41:18.750845+00:00,device-36,router,datacenter-east,46.37,42.71,18.08,0.2401,52.06,0.00395,49.8,healthy,0,0
2026-03-17T03:47:18.750845+00:00,device-17,load_balancer,branch-losangeles,28.3,24.8,1.43,0.1755,44.76,0.00377,34.8,healthy,0,0
2026-03-16T04:51:18.750845+00:00,device-06,router,datacenter-central,29.49,55.63,15.82,0.2679,41.36,0.00361,40.7,healthy,0,0
2026-03-21T18:01:18.750845+00:00,device-31,server,branch-losangeles,38.43,28.32,13.08,0.1604,23.33,0.00362,39.5,healthy,0,0
2026-03-22T13:38:18.750845+00:00,device-08,router,datacenter-east,72.04,68.27,1699.95,18.029,62.59,0.40284,61.5,bgp_flapping,4,1
2026-03-12T23:39:18.750845+00:00,device-49,server,branch-newyork,64.33,26.44,8.38,0.1761,58.38,0.00255,40.4,healthy,0,0
2026-03-18T11:21:18.750845+00:00,device-31,server,branch-losangeles,49.36,92.79,152.57,3.0158,72.77,0.04717,57.0,memory_exhaustion,2,1
2026-03-19T21:51:18.750845+00:00,device-06,switch,datacenter-east,36.47,61.0,32.36,0.157,61.12,0.00472,49.9,healthy,0,0
2026-03-20T18:39:18.750845+00:00,device-35,load_balancer,datacenter-west,22.51,53.2,43.49,0.0959,51.16,0.00358,44.5,healthy,0,0
2026-03-17T12:30:18.750845+00:00,device-43,router,datacenter-east,91.34,89.46,2856.39,34.3996,80.2,0.23215,58.8,bgp_flapping,4,1
2026-03-15T10:17:18.750845+00:00,device-16,router,branch-chicago,41.91,56.93,34.79,0.101,35.81,0.00149,39.0,healthy,0,0
2026-03-16T09:29:18.750845+00:00,device-46,router,datacenter-east,59.8,31.37,8.17,0.1514,15.88,0.00097,43.8,healthy,0,0
2026-03-14T07:11:18.750845+00:00,device-34,switch,branch-chicago,42.5,29.49,35.24,0.0408,14.28,0.00109,47.9,healthy,0,0
2026-03-16T00:25:18.750845+00:00,device-39,router,branch-losangeles,32.07,44.63,12.09,0.1372,9.7,0.0021,31.4,healthy,0,0
2026-03-19T18:35:18.750845+00:00,device-45,server,branch-newyork,16.52,35.14,25.18,0.292,54.53,0.00104,48.2,healthy,0,0
2026-03-18T04:19:18.750845+00:00,device-21,load_balancer,branch-losangeles,11.29,55.79,21.75,0.1915,18.36,0.00385,40.4,healthy,0,0
2026-03-15T14:29:18.750845+00:00,device-39,router,branch-chicago,5.26,60.72,3.75,0.2357,12.4,0.00235,31.7,healthy,0,0
2026-03-21T06:01:18.750845+00:00,device-44,load_balancer,branch-chicago,62.27,60.78,15.74,0.2523,63.4,0.00444,44.7,healthy,0,0
2026-03-14T14:55:18.750845+00:00,device-14,server,datacenter-central,13.63,42.18,33.24,0.2859,26.93,0.0031,33.1,healthy,0,0
2026-03-15T14:05:18.750845+00:00,device-11,router,branch-losangeles,83.92,72.68,1711.16,25.0099,78.51,0.37313,67.2,bgp_flapping,4,1
2026-03-12T05:11:18.750845+00:00,device-19,server,branch-chicago,17.76,17.37,18.51,0.1167,40.56,0.00104,46.6,healthy,0,0
2026-03-22T11:57:18.750845+00:00,device-19,load_balancer,datacenter-central,18.88,50.6,14.04,0.1818,15.56,0.00133,33.1,healthy,0,0
2026-03-12T14:39:18.750845+00:00,device-29,load_balancer,datacenter-east,29.72,59.9,15.75,0.1429,62.18,0.00264,40.1,healthy,0,0
2026-03-14T12:15:18.750845+00:00,device-13,load_balancer,branch-losangeles,41.4,33.66,7.29,0.2165,39.9,0.00416,47.6,healthy,0,0
2026-03-14T22:25:18.750845+00:00,device-22,load_balancer,datacenter-east,55.75,31.41,3.49,0.2584,34.47,0.00263,46.1,healthy,0,0
2026-03-14T02:47:18.750845+00:00,device-49,router,branch-chicago,61.5,15.89,20.83,0.1998,29.72,0.00156,38.1,healthy,0,0
2026-03-19T19:39:18.750845+00:00,device-21,server,datacenter-west,48.68,32.62,5.87,0.0863,45.19,0.00388,42.1,healthy,0,0
2026-03-21T21:10:18.750845+00:00,device-32,switch,datacenter-west,52.91,35.81,296.55,29.8443,60.26,0.25818,50.1,packet_loss,3,1
2026-03-12T13:55:18.750845+00:00,device-45,server,branch-newyork,35.04,55.83,17.3,0.1091,49.29,0.00251,33.2,healthy,0,0
2026-03-21T16:47:18.750845+00:00,device-27,router,branch-losangeles,41.0,10.45,34.56,0.0923,32.6,0.00473,40.5,healthy,0,0
2026-03-13T13:49:18.750845+00:00,device-05,firewall,datacenter-east,25.53,27.02,8.52,0.1146,50.26,0.00363,30.5,healthy,0,0
2026-03-17T20:11:18.750845+00:00,device-04,server,branch-chicago,53.79,35.96,5.76,0.0503,50.71,0.00052,30.1,healthy,0,0
2026-03-23T19:49:18.750845+00:00,device-46,router,branch-chicago,77.47,73.97,1554.3,23.5112,78.96,0.29707,61.9,bgp_flapping,4,1
2026-03-22T03:41:18.750845+00:00,device-11,server,branch-losangeles,11.42,14.47,9.69,0.2707,9.73,0.00191,31.8,healthy,0,0
2026-03-13T11:58:18.750845+00:00,device-41,router,datacenter-west,30.76,22.07,915.22,24.6988,61.02,0.18096,36.1,packet_loss,3,1
2026-03-15T11:37:18.750845+00:00,device-45,router,branch-chicago,84.73,70.89,1305.61,18.0258,78.41,0.28904,65.3,bgp_flapping,4,1
2026-03-14T03:33:18.750845+00:00,device-07,firewall,datacenter-west,55.83,63.8,38.54,0.1911,53.87,0.00076,35.0,healthy,0,0
2026-03-12T20:03:18.750845+00:00,device-40,router,branch-losangeles,8.94,65.37,1.31,0.0541,42.88,0.00016,47.4,healthy,0,0
2026-03-22T05:57:18.750845+00:00,device-36,router,datacenter-central,6.56,10.17,28.56,0.1228,53.02,0.00098,42.7,healthy,0,0
2026-03-18T11:35:18.750845+00:00,device-34,router,datacenter-west,5.17,40.98,10.09,0.0807,64.36,0.00099,48.8,healthy,0,0
2026-03-18T02:55:18.750845+00:00,device-02,firewall,branch-newyork,22.08,23.58,30.48,0.2395,43.89,0.0031,39.9,healthy,0,0
2026-03-18T14:31:18.750845+00:00,device-10,server,branch-chicago,62.79,56.49,31.31,0.2138,22.63,0.00253,32.1,healthy,0,0
2026-03-15T00:07:18.750845+00:00,device-24,switch,datacenter-central,23.14,56.89,1730.48,15.6089,66.4,0.18147,35.0,packet_loss,3,1
2026-03-16T10:57:18.750845+00:00,device-36,switch,branch-losangeles,19.57,46.08,25.48,0.2769,35.29,0.00095,38.4,healthy,0,0
2026-03-17T03:05:18.750845+00:00,device-20,load_balancer,datacenter-east,55.01,35.16,18.31,0.2063,56.98,0.00072,45.3,healthy,0,0
2026-03-17T10:33:18.750845+00:00,device-28,server,datacenter-central,66.98,96.25,461.37,5.8982,67.34,0.05499,73.3,memory_exhaustion,2,1
2026-03-15T08:53:18.750845+00:00,device-30,router,branch-chicago,10.61,57.25,10.37,0.1066,14.42,0.00199,30.8,healthy,0,0
2026-03-15T11:05:18.750845+00:00,device-12,router,datacenter-central,31.69,36.52,11.5,0.0237,10.64,0.00204,37.6,healthy,0,0
2026-03-16T10:47:18.750845+00:00,device-01,switch,branch-losangeles,24.71,32.75,8.33,0.0222,37.28,0.0039,36.2,healthy,0,0
2026-03-16T19:37:18.750845+00:00,device-15,switch,datacenter-east,29.79,24.36,463.77,17.2381,38.44,0.23843,35.5,packet_loss,3,1
2026-03-15T17:47:18.750845+00:00,device-16,router,datacenter-east,15.87,59.18,12.86,0.1261,57.44,0.00372,30.9,healthy,0,0
2026-03-12T03:37:18.750845+00:00,device-14,router,branch-chicago,10.99,28.32,10.15,0.1558,53.59,0.0044,34.1,healthy,0,0
2026-03-16T05:33:18.750845+00:00,device-22,switch,datacenter-central,28.92,29.89,5.65,0.0917,58.06,0.00346,35.1,healthy,0,0
2026-03-21T17:49:18.750845+00:00,device-25,server,branch-chicago,38.18,58.15,35.44,0.284,40.51,0.00289,41.8,healthy,0,0
2026-03-16T13:13:18.750845+00:00,device-07,router,datacenter-east,46.91,21.11,44.34,0.1033,7.71,0.00025,34.6,healthy,0,0
2026-03-21T05:13:18.750845+00:00,device-43,load_balancer,branch-chicago,27.94,26.2,26.13,0.1277,56.9,0.00106,36.1,healthy,0,0
2026-03-13T05:27:18.750845+00:00,device-07,firewall,branch-newyork,7.68,45.16,34.27,0.0015,61.57,0.001,43.1,healthy,0,0
2026-03-12T18:43:18.750845+00:00,device-48,router,branch-losangeles,28.09,63.22,35.82,0.0535,55.58,0.00248,41.8,healthy,0,0
2026-03-17T09:07:18.750845+00:00,device-22,router,datacenter-east,53.02,43.07,14.26,0.065,15.26,0.00067,31.4,healthy,0,0
2026-03-21T09:25:18.750845+00:00,device-34,server,datacenter-west,30.65,45.76,44.47,0.1841,57.28,0.00438,49.7,healthy,0,0
2026-03-13T16:39:18.750845+00:00,device-09,firewall,datacenter-west,62.59,27.35,39.65,0.2092,15.94,0.00165,31.4,healthy,0,0
2026-03-15T22:39:18.750845+00:00,device-32,server,datacenter-central,50.42,21.68,36.17,0.1446,48.52,0.00018,33.7,healthy,0,0
2026-03-18T15:57:18.750845+00:00,device-46,switch,datacenter-east,5.71,25.82,35.25,0.1867,50.19,0.0006,30.7,healthy,0,0
2026-03-21T00:29:18.750845+00:00,device-16,server,datacenter-west,31.94,29.43,24.14,0.0432,19.93,0.00364,31.1,healthy,0,0
2026-03-18T05:23:18.750845+00:00,device-21,server,branch-newyork,49.62,28.35,8.4,0.2093,48.14,0.00382,31.0,healthy,0,0
2026-03-14T04:55:18.750845+00:00,device-02,firewall,branch-losangeles,50.81,16.19,40.01,0.0573,19.36,0.00486,40.3,healthy,0,0
2026-03-14T01:53:18.750845+00:00,device-10,router,datacenter-east,12.7,24.62,5.76,0.0607,42.65,0.00277,43.2,healthy,0,0
2026-03-18T09:08:18.750845+00:00,device-15,switch,branch-chicago,65.72,98.47,438.23,7.9106,73.29,0.05965,74.0,memory_exhaustion,2,1
2026-03-21T02:09:18.750845+00:00,device-30,switch,branch-chicago,34.96,16.45,14.07,0.1297,6.15,0.00218,44.3,healthy,0,0
2026-03-12T04:39:18.750845+00:00,device-10,router,branch-chicago,13.8,12.8,38.05,0.2742,49.18,0.00205,35.4,healthy,0,0
2026-03-13T00:55:18.750845+00:00,device-44,server,datacenter-west,37.26,37.41,9.67,0.0252,28.83,0.00227,41.8,healthy,0,0
2026-03-22T19:25:18.750845+00:00,device-11,switch,datacenter-east,41.43,21.26,34.04,0.065,28.04,0.00479,39.2,healthy,0,0
2026-03-15T00:53:18.750845+00:00,device-22,firewall,datacenter-east,15.29,10.59,5.23,0.2016,11.87,0.00449,32.3,healthy,0,0
2026-03-22T10:35:18.750845+00:00,device-48,firewall,branch-chicago,23.44,48.13,38.58,0.0356,49.56,0.00173,31.5,healthy,0,0
2026-03-18T11:45:18.750845+00:00,device-01,switch,datacenter-central,7.51,13.8,34.56,0.0168,35.28,0.00495,32.7,healthy,0,0
2026-03-16T23:45:18.750845+00:00,device-12,server,datacenter-central,65.25,90.65,219.38,5.7283,65.44,0.08783,74.1,memory_exhaustion,2,1
2026-03-16T04:53:18.750845+00:00,device-46,server,datacenter-east,88.11,72.71,197.49,1.2778,83.26,0.04485,69.4,high_cpu,1,1
2026-03-17T09:11:18.750845+00:00,device-35,load_balancer,branch-chicago,54.29,13.62,26.47,0.2433,20.22,0.00234,45.7,healthy,0,0
2026-03-20T21:11:18.750845+00:00,device-30,firewall,datacenter-central,11.51,11.29,39.28,0.1922,43.76,0.00445,48.5,healthy,0,0
2026-03-16T05:45:18.750845+00:00,device-13,load_balancer,branch-newyork,53.21,34.31,37.57,0.0303,34.02,0.00078,34.1,healthy,0,0
2026-03-23T09:03:18.750845+00:00,device-14,server,datacenter-central,41.8,92.58,121.23,3.4165,57.9,0.07507,58.3,memory_exhaustion,2,1
2026-03-15T21:35:18.750845+00:00,device-06,firewall,branch-losangeles,62.58,69.04,4.72,0.155,32.48,0.00013,46.5,healthy,0,0
2026-03-15T00:27:18.750845+00:00,device-47,server,datacenter-west,8.85,41.02,12.39,0.1861,26.35,0.00115,40.8,healthy,0,0
2026-03-21T07:35:18.750845+00:00,device-25,server,datacenter-central,87.71,84.56,86.07,2.8898,76.24,0.01873,69.7,high_cpu,1,1
2026-03-17T21:12:18.750845+00:00,device-37,load_balancer,datacenter-west,98.06,98.65,3942.23,59.4851,96.75,0.27011,68.1,ddos_attack,5,1
2026-03-24T06:36:18.750845+00:00,device-39,router,branch-chicago,43.33,24.56,805.33,14.8368,36.85,0.05765,53.4,packet_loss,3,1
2026-03-12T05:53:18.750845+00:00,device-20,router,datacenter-west,62.26,66.23,32.73,0.0049,39.26,0.00048,36.8,healthy,0,0
2026-03-16T09:05:18.750845+00:00,device-22,router,branch-losangeles,42.42,31.56,16.33,0.0065,33.23,0.00347,33.7,healthy,0,0
2026-03-21T11:25:18.750845+00:00,device-16,router,branch-newyork,86.67,82.61,129.44,2.3108,70.25,0.03051,71.6,high_cpu,1,1
2026-03-21T18:47:18.750845+00:00,device-41,server,branch-chicago,38.31,39.16,13.93,0.0279,14.67,0.0011,34.5,healthy,0,0
2026-03-14T09:41:18.750845+00:00,device-41,load_balancer,branch-losangeles,21.27,14.9,34.2,0.0806,53.98,0.00056,36.0,healthy,0,0
2026-03-20T14:59:18.750845+00:00,device-47,switch,datacenter-east,54.55,39.52,16.2,0.239,13.28,0.00016,47.6,healthy,0,0
2026-03-18T10:45:18.750845+00:00,device-09,server,branch-newyork,59.92,28.75,40.15,0.2498,41.0,2e-05,43.5,healthy,0,0
2026-03-13T00:01:18.750845+00:00,device-15,load_balancer,branch-newyork,45.51,33.1,10.31,0.0003,19.32,0.0021,48.8,healthy,0,0
2026-03-22T21:29:18.750845+00:00,device-18,router,branch-chicago,64.01,28.74,38.38,0.2534,16.59,0.00464,47.2,healthy,0,0
2026-03-18T03:59:18.750845+00:00,device-26,firewall,branch-chicago,43.57,44.34,13.32,0.1961,15.26,0.00354,38.5,healthy,0,0
2026-03-18T17:07:18.750845+00:00,device-32,switch,datacenter-east,21.06,50.03,10.3,0.1516,39.43,0.00351,40.3,healthy,0,0
2026-03-14T21:49:18.750845+00:00,device-42,load_balancer,datacenter-east,94.98,95.47,4607.05,35.5129,95.58,0.30852,69.9,ddos_attack,5,1
2026-03-17T03:23:18.750845+00:00,device-29,load_balancer,datacenter-east,45.66,20.85,19.17,0.2508,34.29,0.00421,48.1,healthy,0,0
2026-03-22T12:25:18.750845+00:00,device-30,server,branch-newyork,35.42,48.45,30.09,0.192,39.84,0.00262,47.9,healthy,0,0
2026-03-21T23:46:18.750845+00:00,device-47,router,datacenter-west,28.8,53.04,789.65,31.5116,53.82,0.1248,47.7,packet_loss,3,1
2026-03-13T12:09:18.750845+00:00,device-25,switch,branch-losangeles,35.5,55.11,29.56,0.1881,12.28,0.00268,43.4,healthy,0,0
2026-03-16T22:57:18.750845+00:00,device-27,firewall,branch-losangeles,12.58,31.9,29.38,0.1755,51.56,0.00105,36.5,healthy,0,0
2026-03-20T08:55:18.750845+00:00,device-27,server,datacenter-west,14.26,40.03,5.45,0.0172,27.63,0.00128,37.3,healthy,0,0
2026-03-18T15:15:18.750845+00:00,device-27,router,branch-newyork,17.63,58.75,11.97,0.2039,58.94,0.00373,48.8,healthy,0,0
2026-03-18T21:21:18.750845+00:00,device-24,load_balancer,branch-newyork,32.38,42.37,41.73,0.1209,48.79,0.00333,42.5,healthy,0,0
2026-03-20T13:05:18.750845+00:00,device-25,switch,branch-newyork,5.16,59.57,21.01,0.2964,30.36,0.00138,31.8,healthy,0,0
2026-03-19T11:27:18.750845+00:00,device-50,load_balancer,datacenter-central,52.8,14.88,41.88,0.0111,55.84,0.00331,42.4,healthy,0,0
2026-03-23T03:55:18.750845+00:00,device-25,firewall,branch-newyork,7.76,51.21,33.4,0.1055,23.29,0.0039,46.8,healthy,0,0
2026-03-17T03:15:18.750845+00:00,device-47,switch,datacenter-central,33.95,10.74,5.61,0.1236,56.61,0.00232,31.4,healthy,0,0
2026-03-17T09:19:18.750845+00:00,device-38,router,datacenter-east,90.18,83.02,199.44,1.2472,76.86,0.02087,74.0,high_cpu,1,1
2026-03-13T03:46:18.750845+00:00,device-26,switch,datacenter-east,38.9,38.56,1940.25,22.7627,63.95,0.08535,39.0,packet_loss,3,1
2026-03-21T08:31:18.750845+00:00,device-18,server,branch-newyork,53.86,16.45,37.46,0.2799,26.97,0.00076,30.7,healthy,0,0
2026-03-17T16:07:18.750845+00:00,device-41,router,branch-newyork,31.24,62.92,21.35,0.2627,34.85,0.00368,33.5,healthy,0,0
2026-03-21T04:51:18.750845+00:00,device-01,firewall,datacenter-west,17.81,42.33,2.68,0.1283,38.66,0.00044,33.0,healthy,0,0
2026-03-18T00:35:18.750845+00:00,device-10,firewall,datacenter-central,9.71,38.46,40.27,0.0936,39.98,0.00027,31.7,healthy,0,0
2026-03-15T10:59:18.750845+00:00,device-17,firewall,datacenter-east,61.09,62.72,35.97,0.2857,12.77,0.0039,38.7,healthy,0,0
2026-03-16T05:55:18.750845+00:00,device-11,server,branch-losangeles,20.66,43.65,33.22,0.0858,44.56,0.00084,43.6,healthy,0,0
2026-03-19T08:37:18.750845+00:00,device-32,load_balancer,branch-losangeles,23.41,24.79,12.07,0.2866,6.43,0.00232,48.0,healthy,0,0
2026-03-16T09:45:18.750845+00:00,device-20,router,datacenter-west,23.06,41.63,24.28,0.0462,26.78,0.00216,31.7,healthy,0,0
2026-03-20T13:17:18.750845+00:00,device-37,firewall,datacenter-east,32.03,36.45,10.55,0.1888,47.57,0.00294,44.3,healthy,0,0
2026-03-20T11:47:18.750845+00:00,device-03,router,branch-losangeles,19.13,24.79,2.03,0.058,44.01,0.00489,47.4,healthy,0,0
2026-03-22T05:17:18.750845+00:00,device-01,server,datacenter-west,26.23,60.49,38.14,0.1064,47.5,0.00255,38.9,healthy,0,0
2026-03-13T18:37:18.750845+00:00,device-05,switch,branch-chicago,27.53,14.96,5.94,0.1056,43.02,0.00046,43.2,healthy,0,0
2026-03-15T23:19:18.750845+00:00,device-46,switch,branch-newyork,33.47,30.31,34.25,0.1678,36.17,0.00236,48.6,healthy,0,0
2026-03-17T06:03:18.750845+00:00,device-12,switch,branch-losangeles,52.75,40.85,17.76,0.0957,10.73,0.00377,31.6,healthy,0,0
2026-03-20T10:23:18.750845+00:00,device-14,firewall,datacenter-east,51.21,49.4,40.13,0.104,21.74,0.00301,38.4,healthy,0,0
2026-03-17T10:37:18.750845+00:00,device-48,switch,datacenter-east,33.53,32.33,14.15,0.2563,44.57,0.0033,36.4,healthy,0,0
2026-03-22T03:39:18.750845+00:00,device-14,switch,datacenter-central,55.66,13.53,13.22,0.0073,24.53,0.00117,34.3,healthy,0,0
2026-03-20T23:05:18.750845+00:00,device-12,load_balancer,branch-losangeles,22.58,46.15,17.41,0.2959,35.12,0.00219,46.7,healthy,0,0
2026-03-16T13:06:18.750845+00:00,device-49,router,branch-newyork,82.05,64.92,623.23,23.4021,84.07,0.19805,74.5,bgp_flapping,4,1
2026-03-17T09:41:18.750845+00:00,device-39,router,branch-newyork,41.53,28.48,6.03,0.2193,19.84,0.00278,43.4,healthy,0,0
2026-03-19T10:25:18.750845+00:00,device-11,server,datacenter-west,53.79,44.71,15.5,0.2915,40.46,0.00439,43.8,healthy,0,0
2026-03-19T12:21:18.750845+00:00,device-26,server,datacenter-west,38.38,22.77,19.76,0.2644,8.47,0.00084,41.7,healthy,0,0
2026-03-22T03:15:18.750845+00:00,device-36,switch,datacenter-west,32.31,30.78,12.57,0.0002,42.54,0.00352,31.2,healthy,0,0
2026-03-17T04:53:18.750845+00:00,device-38,switch,datacenter-east,47.59,61.01,36.08,0.2626,52.63,0.00419,38.3,healthy,0,0
2026-03-16T23:27:18.750845+00:00,device-07,load_balancer,branch-newyork,49.47,21.92,18.98,0.2059,31.5,0.00069,34.9,healthy,0,0
2026-03-13T17:13:18.750845+00:00,device-23,switch,datacenter-west,44.1,65.54,3.24,0.2223,14.92,0.00084,44.8,healthy,0,0
2026-03-13T22:38:18.750845+00:00,device-29,firewall,branch-losangeles,90.36,91.1,1503.96,47.4624,96.5,0.20433,74.0,ddos_attack,5,1
2026-03-13T23:17:18.750845+00:00,device-02,switch,datacenter-east,21.2,31.42,25.39,0.2419,56.53,0.00159,36.7,healthy,0,0
2026-03-21T18:25:18.750845+00:00,device-49,switch,branch-newyork,33.48,37.69,24.33,0.1131,12.58,0.00253,48.3,healthy,0,0
2026-03-16T06:19:18.750845+00:00,device-38,server,branch-losangeles,21.69,39.04,39.65,0.0538,14.69,0.00076,33.8,healthy,0,0
2026-03-22T11:48:18.750845+00:00,device-23,firewall,branch-losangeles,94.07,88.69,3099.95,29.2236,95.48,0.74517,76.5,ddos_attack,5,1
2026-03-12T04:15:18.750845+00:00,device-36,load_balancer,datacenter-west,90.25,87.82,4736.3,26.5305,95.92,0.25698,73.6,ddos_attack,5,1
2026-03-15T19:31:18.750845+00:00,device-50,router,datacenter-central,32.45,45.93,9.14,0.126,11.47,0.00288,44.7,healthy,0,0
2026-03-17T12:33:18.750845+00:00,device-11,switch,branch-losangeles,41.18,13.31,10.95,0.2851,19.39,0.00285,32.3,healthy,0,0
2026-03-19T14:57:18.750845+00:00,device-30,load_balancer,datacenter-west,31.79,46.02,19.59,0.078,45.62,0.00129,32.2,healthy,0,0
2026-03-22T05:41:18.750845+00:00,device-46,switch,branch-chicago,39.5,37.4,1045.14,36.1833,49.78,0.25426,53.8,packet_loss,3,1
2026-03-20T21:42:18.750845+00:00,device-47,server,branch-newyork,72.79,91.26,347.88,5.0676,79.44,0.03699,72.9,memory_exhaustion,2,1
2026-03-13T01:08:18.750845+00:00,device-18,switch,branch-chicago,68.05,91.39,167.63,7.4395,65.79,0.06904,62.1,memory_exhaustion,2,1
2026-03-16T06:46:18.750845+00:00,device-36,router,branch-newyork,35.22,46.22,986.5,27.8657,30.61,0.16488,36.6,packet_loss,3,1
2026-03-20T00:43:18.750845+00:00,device-14,load_balancer,branch-chicago,22.58,20.96,43.24,0.0386,9.05,0.00484,39.8,healthy,0,0
2026-03-19T20:51:18.750845+00:00,device-28,server,branch-chicago,24.57,54.51,23.43,0.2117,31.4,0.00183,34.3,healthy,0,0
2026-03-13T02:42:18.750845+00:00,device-35,router,branch-losangeles,91.39,65.59,144.81,2.3924,84.98,0.03755,61.1,high_cpu,1,1
2026-03-18T10:01:18.750845+00:00,device-24,server,branch-chicago,25.94,20.04,22.85,0.2669,64.74,9e-05,45.6,healthy,0,0
2026-03-17T02:07:18.750845+00:00,device-32,switch,datacenter-west,12.21,54.49,10.02,0.1528,59.93,0.00067,43.0,healthy,0,0
2026-03-16T06:47:18.750845+00:00,device-29,switch,branch-chicago,43.78,21.71,4.39,0.0908,47.32,0.00288,43.5,healthy,0,0
2026-03-22T09:15:18.750845+00:00,device-13,router,datacenter-west,44.27,53.09,38.74,0.2739,38.12,0.00331,49.2,healthy,0,0
2026-03-15T02:41:18.750845+00:00,device-25,switch,datacenter-west,45.16,64.2,20.17,0.1847,62.84,0.00118,33.5,healthy,0,0
2026-03-18T17:47:18.750845+00:00,device-38,load_balancer,datacenter-central,8.21,24.12,31.35,0.1226,49.55,0.00438,39.0,healthy,0,0
2026-03-20T01:00:18.750845+00:00,device-28,firewall,datacenter-central,91.58,82.86,1397.73,34.2016,98.3,0.5412,73.1,ddos_attack,5,1
2026-03-20T17:45:18.750845+00:00,device-24,router,branch-chicago,36.89,38.99,7.5,0.0108,27.5,0.00281,46.6,healthy,0,0
2026-03-14T20:28:18.750845+00:00,device-49,router,branch-losangeles,89.5,61.16,2331.3,17.4155,61.52,0.39323,70.4,bgp_flapping,4,1
2026-03-14T13:11:18.750845+00:00,device-36,load_balancer,branch-losangeles,11.94,24.04,7.11,0.287,20.34,0.00329,47.0,healthy,0,0
2026-03-18T23:17:18.750845+00:00,device-09,switch,datacenter-central,62.19,32.13,14.44,0.1522,5.59,0.00498,41.7,healthy,0,0
2026-03-15T09:07:18.750845+00:00,device-09,firewall,branch-chicago,40.06,25.62,17.79,0.1858,22.32,0.00063,36.1,healthy,0,0
2026-03-21T08:16:18.750845+00:00,device-39,router,datacenter-west,92.0,82.6,269.03,2.5916,84.98,0.03532,77.3,high_cpu,1,1
2026-03-21T19:58:18.750845+00:00,device-24,server,datacenter-west,43.1,92.68,404.76,2.2341,65.17,0.09459,74.7,memory_exhaustion,2,1
2026-03-21T17:15:18.750845+00:00,device-22,server,branch-chicago,20.13,56.29,33.79,0.2405,26.51,0.0027,37.6,healthy,0,0
2026-03-20T14:51:18.750845+00:00,device-22,router,branch-chicago,35.23,18.79,3.93,0.053,59.75,0.00306,35.0,healthy,0,0
2026-03-21T16:07:18.750845+00:00,device-23,firewall,datacenter-central,60.52,63.4,9.78,0.0666,9.14,0.00218,30.9,healthy,0,0
2026-03-12T03:31:18.750845+00:00,device-03,firewall,branch-losangeles,97.41,91.61,3640.78,34.5211,99.12,0.43842,73.6,ddos_attack,5,1
2026-03-22T01:49:18.750845+00:00,device-14,load_balancer,datacenter-east,51.64,51.45,36.35,0.1423,5.24,0.00475,43.2,healthy,0,0
2026-03-18T10:53:18.750845+00:00,device-47,switch,datacenter-central,50.28,98.35,378.52,2.2521,70.6,0.07234,55.7,memory_exhaustion,2,1
2026-03-12T06:49:18.750845+00:00,device-36,switch,datacenter-central,33.85,62.42,1.72,0.0053,7.78,0.00405,47.1,healthy,0,0
2026-03-21T11:43:18.750845+00:00,device-19,firewall,branch-chicago,24.26,20.04,36.69,0.0556,8.11,0.00149,40.7,healthy,0,0
2026-03-24T14:07:18.750845+00:00,device-16,load_balancer,branch-losangeles,97.58,81.4,4778.4,56.1677,98.26,0.74247,80.7,ddos_attack,5,1
2026-03-14T22:11:18.750845+00:00,device-23,firewall,datacenter-central,23.13,10.69,2.23,0.1658,20.12,0.00165,49.5,healthy,0,0
2026-03-22T15:39:18.750845+00:00,device-24,firewall,branch-newyork,24.93,58.73,32.99,0.2993,63.98,0.00289,34.5,healthy,0,0
2026-03-14T21:03:18.750845+00:00,device-43,router,datacenter-central,47.88,47.38,26.03,0.0375,32.89,0.00301,39.0,healthy,0,0
2026-03-15T02:29:18.750845+00:00,device-31,server,datacenter-central,53.95,69.92,4.92,0.2996,45.34,0.00428,31.7,healthy,0,0
2026-03-13T12:55:18.750845+00:00,device-44,firewall,branch-chicago,59.02,64.06,12.82,0.096,56.95,0.00408,45.8,healthy,0,0
2026-03-14T13:57:18.750845+00:00,device-49,server,branch-newyork,41.22,97.6,296.37,4.287,71.5,0.07365,59.4,memory_exhaustion,2,1
2026-03-13T05:03:18.750845+00:00,device-12,switch,branch-losangeles,48.87,43.81,24.45,0.2393,58.27,0.00239,46.2,healthy,0,0
2026-03-12T19:59:18.750845+00:00,device-36,firewall,datacenter-central,60.07,62.31,22.7,0.1269,31.27,0.00214,33.3,healthy,0,0
2026-03-20T16:23:18.750845+00:00,device-16,server,datacenter-central,21.8,11.49,8.18,0.2374,11.74,0.00264,44.1,healthy,0,0
2026-03-13T14:19:18.750845+00:00,device-15,firewall,datacenter-east,19.44,25.44,40.29,0.0136,26.26,0.0049,31.1,healthy,0,0
2026-03-17T16:19:18.750845+00:00,device-25,server,datacenter-central,27.04,38.26,13.7,0.1594,41.17,0.0036,36.5,healthy,0,0
2026-03-14T09:23:18.750845+00:00,device-39,switch,datacenter-west,12.76,53.91,13.73,0.1875,43.52,0.00115,42.7,healthy,0,0
2026-03-19T19:37:18.750845+00:00,device-08,load_balancer,datacenter-east,52.03,51.28,36.42,0.2549,56.67,0.00457,42.9,healthy,0,0
2026-03-15T01:59:18.750845+00:00,device-17,load_balancer,branch-losangeles,7.12,11.57,35.23,0.1829,28.51,0.0028,37.7,healthy,0,0
2026-03-25T13:25:18.750845+00:00,device-19,switch,branch-losangeles,74.28,91.31,283.03,2.9107,65.3,0.04182,55.2,memory_exhaustion,2,1
2026-03-18T21:03:18.750845+00:00,device-31,router,branch-newyork,50.55,48.94,24.25,0.1515,64.75,0.00276,30.8,healthy,0,0
2026-03-12T16:35:18.750845+00:00,device-17,server,branch-newyork,28.07,53.19,39.21,0.1104,9.71,0.00267,34.0,healthy,0,0
2026-03-21T12:37:18.750845+00:00,device-27,firewall,branch-losangeles,45.02,13.56,2.38,0.0642,47.75,0.00441,33.3,healthy,0,0
2026-03-16T23:47:18.750845+00:00,device-37,switch,branch-newyork,53.57,64.72,26.64,0.0645,26.32,0.0047,43.6,healthy,0,0
2026-03-20T11:39:18.750845+00:00,device-30,switch,datacenter-central,45.08,22.79,19.16,0.0173,46.89,0.00172,31.6,healthy,0,0
2026-03-23T03:59:18.750845+00:00,device-35,router,branch-losangeles,29.25,27.21,10.76,0.1295,40.6,0.00232,35.8,healthy,0,0
2026-03-13T06:43:18.750845+00:00,device-34,load_balancer,branch-chicago,6.36,15.14,37.44,0.1734,41.74,0.0008,45.7,healthy,0,0
2026-03-12T14:37:18.750845+00:00,device-04,firewall,branch-newyork,9.11,21.09,26.5,0.0869,7.85,0.0022,30.1,healthy,0,0
2026-03-19T01:15:18.750845+00:00,device-23,firewall,datacenter-west,35.91,62.21,14.22,0.0162,12.31,0.00282,47.0,healthy,0,0
2026-03-16T00:39:18.750845+00:00,device-45,firewall,branch-losangeles,54.39,14.68,41.48,0.1005,33.16,0.00432,42.3,healthy,0,0
2026-03-16T06:23:18.750845+00:00,device-35,router,datacenter-east,42.96,27.36,29.28,0.0227,51.95,0.00099,39.9,healthy,0,0
2026-03-16T14:37:18.750845+00:00,device-31,firewall,branch-newyork,23.56,12.18,41.44,0.2945,25.4,0.00117,48.3,healthy,0,0
2026-03-20T01:19:18.750845+00:00,device-34,load_balancer,branch-losangeles,60.22,52.88,9.12,0.2051,63.23,0.00268,39.1,healthy,0,0
2026-03-19T10:35:18.750845+00:00,device-15,server,branch-losangeles,85.41,80.29,255.2,0.6433,89.11,0.02764,67.8,high_cpu,1,1
2026-03-22T19:15:18.750845+00:00,device-16,switch,datacenter-west,7.55,52.08,13.09,0.0981,40.84,0.00338,45.1,healthy,0,0
2026-03-12T05:15:18.750845+00:00,device-29,server,branch-newyork,36.37,66.33,12.67,0.033,41.21,0.0015,33.2,healthy,0,0
2026-03-20T17:08:18.750845+00:00,device-46,switch,branch-chicago,22.91,26.97,1310.0,18.7613,51.51,0.29258,54.0,packet_loss,3,1
2026-03-14T10:41:18.750845+00:00,device-23,firewall,branch-losangeles,15.41,59.0,30.41,0.2118,10.16,0.00479,30.8,healthy,0,0
2026-03-15T02:51:18.750845+00:00,device-23,server,datacenter-east,28.74,25.49,27.28,0.1217,14.84,0.0042,30.0,healthy,0,0
2026-03-17T07:03:18.750845+00:00,device-09,load_balancer,datacenter-east,11.61,46.25,7.48,0.2565,29.75,0.00392,48.9,healthy,0,0
2026-03-12T10:43:18.750845+00:00,device-09,server,branch-losangeles,53.01,69.47,41.07,0.2086,44.45,0.0035,39.3,healthy,0,0
2026-03-17T08:05:18.750845+00:00,device-33,firewall,branch-chicago,61.16,47.75,41.15,0.0681,55.16,0.00108,39.8,healthy,0,0
2026-03-17T02:35:18.750845+00:00,device-28,firewall,datacenter-east,25.21,23.95,22.64,0.1414,11.42,0.00327,49.3,healthy,0,0
2026-03-12T10:45:18.750845+00:00,device-48,server,branch-losangeles,66.57,89.06,364.25,6.2233,56.07,0.07778,65.0,memory_exhaustion,2,1
2026-03-14T17:35:18.750845+00:00,device-32,switch,branch-losangeles,38.3,41.26,40.02,0.1251,44.49,0.00394,32.2,healthy,0,0
2026-03-22T06:57:18.750845+00:00,device-21,firewall,datacenter-east,38.51,32.02,10.16,0.029,61.24,0.00117,30.2,healthy,0,0
2026-03-21T01:09:18.750845+00:00,device-20,load_balancer,datacenter-west,58.64,39.28,31.12,0.2491,42.29,0.0009,41.5,healthy,0,0
2026-03-15T02:49:18.750845+00:00,device-40,firewall,datacenter-west,44.86,46.42,8.24,0.1254,44.57,0.00382,44.8,healthy,0,0
2026-03-21T22:49:18.750845+00:00,device-32,firewall,branch-losangeles,42.98,59.25,27.49,0.05,10.01,0.00493,46.7,healthy,0,0
2026-03-13T03:43:18.750845+00:00,device-03,server,branch-losangeles,41.27,66.57,15.31,0.0494,36.06,0.0006,36.4,healthy,0,0
2026-03-16T07:19:18.750845+00:00,device-38,router,branch-chicago,61.19,14.33,17.82,0.2198,21.93,0.00183,44.3,healthy,0,0
2026-03-15T05:05:18.750845+00:00,device-23,firewall,datacenter-east,38.76,24.0,29.27,0.0964,19.96,0.00012,35.0,healthy,0,0
2026-03-21T03:47:18.750845+00:00,device-46,load_balancer,branch-chicago,92.11,90.95,4501.22,35.4876,98.68,0.70139,80.9,ddos_attack,5,1
2026-03-22T02:42:18.750845+00:00,device-13,switch,datacenter-central,41.49,96.55,262.77,1.8175,79.06,0.09188,71.9,memory_exhaustion,2,1
2026-03-22T11:49:18.750845+00:00,device-50,router,branch-losangeles,94.99,62.0,641.65,23.3879,69.74,0.1741,65.6,bgp_flapping,4,1
2026-03-13T10:57:18.750845+00:00,device-18,firewall,branch-chicago,48.59,12.46,1.49,0.0417,37.97,0.00301,32.9,healthy,0,0
2026-03-15T19:25:18.750845+00:00,device-07,server,branch-newyork,48.85,13.18,9.37,0.2463,5.28,0.00253,36.0,healthy,0,0
2026-03-13T18:25:18.750845+00:00,device-13,router,branch-newyork,36.63,30.12,35.1,0.1736,30.87,0.00476,45.0,healthy,0,0
2026-03-17T17:01:18.750845+00:00,device-02,switch,branch-losangeles,32.12,60.02,3.73,0.2943,60.38,5e-05,35.4,healthy,0,0
2026-03-23T20:55:18.750845+00:00,device-49,server,datacenter-west,90.24,63.73,221.06,1.024,75.94,0.03727,61.2,high_cpu,1,1
2026-03-15T19:43:18.750845+00:00,device-09,firewall,datacenter-west,10.32,43.9,1.83,0.1177,18.03,0.00339,37.4,healthy,0,0
2026-03-20T00:38:18.750845+00:00,device-18,switch,datacenter-west,29.91,59.13,1777.78,29.9177,40.23,0.27333,48.6,packet_loss,3,1
2026-03-20T22:05:18.750845+00:00,device-09,router,branch-newyork,56.25,30.88,25.34,0.2418,64.46,0.00165,32.4,healthy,0,0
2026-03-13T01:03:18.750845+00:00,device-27,router,branch-losangeles,48.37,13.73,18.46,0.0571,50.05,0.00055,44.4,healthy,0,0
2026-03-20T19:39:18.750845+00:00,device-44,switch,datacenter-central,42.93,98.16,189.76,6.4174,64.63,0.02227,59.9,memory_exhaustion,2,1
2026-03-22T07:23:18.750845+00:00,device-22,server,datacenter-west,17.04,21.63,28.12,0.113,30.81,0.00153,46.0,healthy,0,0
2026-03-18T01:57:18.750845+00:00,device-33,firewall,branch-chicago,45.9,21.56,10.12,0.0333,33.39,0.00355,41.9,healthy,0,0
2026-03-15T08:00:18.750845+00:00,device-27,server,branch-newyork,65.58,96.07,168.09,5.4605,51.49,0.06643,62.5,memory_exhaustion,2,1
2026-03-15T08:16:18.750845+00:00,device-25,load_balancer,branch-newyork,94.76,80.92,3478.44,44.4211,97.9,0.23473,78.2,ddos_attack,5,1
2026-03-13T15:33:18.750845+00:00,device-11,load_balancer,branch-losangeles,59.61,49.06,33.73,0.0267,54.02,0.00059,37.0,healthy,0,0
2026-03-14T18:07:18.750845+00:00,device-13,load_balancer,datacenter-west,26.93,47.31,3.4,0.1468,8.63,0.0001,44.2,healthy,0,0
2026-03-17T23:01:18.750845+00:00,device-45,firewall,branch-newyork,10.98,53.87,10.42,0.1429,8.5,0.00041,38.7,healthy,0,0
2026-03-23T01:45:18.750845+00:00,device-08,router,datacenter-central,47.65,43.29,27.11,0.2833,37.44,0.0002,41.9,healthy,0,0
2026-03-20T07:59:18.750845+00:00,device-12,server,branch-chicago,17.0,12.85,35.65,0.0041,12.3,0.00032,39.9,healthy,0,0
2026-03-12T14:53:18.750845+00:00,device-28,firewall,datacenter-east,39.83,10.22,8.25,0.2534,7.12,0.00419,44.9,healthy,0,0
2026-03-19T11:57:18.750845+00:00,device-20,load_balancer,datacenter-central,91.06,97.55,1542.32,29.3999,96.41,0.76859,77.8,ddos_attack,5,1
2026-03-21T13:25:18.750845+00:00,device-35,router,branch-newyork,18.57,53.76,31.72,0.1181,25.76,0.00067,48.1,healthy,0,0
2026-03-16T13:01:18.750845+00:00,device-22,load_balancer,branch-newyork,56.81,28.04,36.3,0.0969,7.69,0.00107,38.7,healthy,0,0
2026-03-13T18:13:18.750845+00:00,device-23,router,datacenter-central,88.12,62.71,2421.06,33.8834,78.57,0.30009,74.4,bgp_flapping,4,1
2026-03-18T11:11:18.750845+00:00,device-37,server,branch-newyork,30.74,32.78,9.28,0.207,11.07,0.00493,40.4,healthy,0,0
2026-03-22T14:17:18.750845+00:00,device-33,firewall,datacenter-central,28.56,40.48,23.6,0.2102,36.04,0.00206,42.8,healthy,0,0
2026-03-15T03:11:18.750845+00:00,device-27,load_balancer,branch-losangeles,10.37,42.86,41.98,0.2825,14.59,0.0002,33.2,healthy,0,0
2026-03-18T04:25:18.750845+00:00,device-37,router,datacenter-east,55.71,41.03,39.04,0.2711,14.96,0.0047,34.4,healthy,0,0
2026-03-19T20:11:18.750845+00:00,device-35,switch,branch-chicago,54.08,58.54,26.92,0.2858,37.22,0.00315,35.4,healthy,0,0
2026-03-20T19:55:18.750845+00:00,device-06,load_balancer,branch-chicago,24.65,22.89,43.03,0.205,37.63,0.0022,46.6,healthy,0,0
2026-03-16T19:02:18.750845+00:00,device-18,router,branch-chicago,93.75,82.78,293.18,2.3704,87.87,0.03407,74.0,high_cpu,1,1
2026-03-22T12:37:18.750845+00:00,device-41,server,datacenter-east,51.68,67.97,29.07,0.2367,9.14,0.002,31.8,healthy,0,0
2026-03-17T02:51:18.750845+00:00,device-36,firewall,datacenter-east,25.94,34.69,31.82,0.0504,14.7,0.00435,35.3,healthy,0,0
2026-03-15T07:17:18.750845+00:00,device-37,firewall,datacenter-central,23.68,53.79,43.17,0.2725,54.72,0.00395,48.7,healthy,0,0
2026-03-12T05:19:18.750845+00:00,device-10,server,branch-chicago,70.63,89.66,328.22,3.2272,71.66,0.07685,72.1,memory_exhaustion,2,1
2026-03-18T13:10:18.750845+00:00,device-11,router,datacenter-east,93.11,83.08,281.8,1.267,82.04,0.03644,76.3,high_cpu,1,1
2026-03-21T11:49:18.750845+00:00,device-19,router,datacenter-east,36.43,49.14,35.26,0.1621,50.69,0.00038,30.2,healthy,0,0
2026-03-14T17:39:18.750845+00:00,device-50,server,datacenter-central,32.49,63.18,44.46,0.1988,32.2,0.00403,33.4,healthy,0,0
2026-03-15T17:17:18.750845+00:00,device-31,router,branch-newyork,12.2,55.32,34.39,0.0677,55.36,0.00325,49.3,healthy,0,0
2026-03-21T11:07:18.750845+00:00,device-50,firewall,datacenter-central,34.46,21.07,6.75,0.2953,61.58,0.00023,36.2,healthy,0,0
2026-03-19T13:55:18.750845+00:00,device-36,load_balancer,datacenter-west,23.61,10.54,16.72,0.2135,27.24,0.0005,48.7,healthy,0,0
2026-03-14T15:09:18.750845+00:00,device-28,router,datacenter-central,56.17,57.59,34.86,0.1782,36.86,0.00036,48.0,healthy,0,0
2026-03-25T13:52:18.750845+00:00,device-17,firewall,datacenter-east,91.23,94.82,2951.43,44.7403,99.12,0.32801,83.9,ddos_attack,5,1
2026-03-20T16:31:18.750845+00:00,device-39,load_balancer,branch-losangeles,50.56,66.37,4.73,0.1369,59.09,0.00344,31.1,healthy,0,0
2026-03-22T22:05:18.750845+00:00,device-45,load_balancer,datacenter-central,43.91,12.92,22.01,0.2132,13.66,0.00291,32.5,healthy,0,0
2026-03-12T08:07:18.750845+00:00,device-10,switch,branch-losangeles,65.64,96.92,116.9,4.502,79.03,0.09964,60.3,memory_exhaustion,2,1
2026-03-23T19:05:18.750845+00:00,device-18,load_balancer,branch-losangeles,93.19,82.54,2683.63,56.1236,96.55,0.52563,76.2,ddos_attack,5,1
2026-03-21T03:05:18.750845+00:00,device-12,switch,datacenter-central,50.72,20.05,28.97,0.2377,33.16,0.00052,46.7,healthy,0,0
2026-03-14T00:01:18.750845+00:00,device-16,server,datacenter-east,32.31,62.2,19.49,0.2797,5.71,0.0006,34.5,healthy,0,0
2026-03-14T16:10:18.750845+00:00,device-14,router,datacenter-west,85.54,61.61,1582.43,31.9019,73.7,0.12886,72.3,bgp_flapping,4,1
2026-03-16T04:57:18.750845+00:00,device-28,firewall,datacenter-central,15.95,33.61,26.13,0.1061,24.82,0.00424,33.8,healthy,0,0
2026-03-15T14:31:18.750845+00:00,device-35,server,datacenter-east,32.7,10.37,27.99,0.24,55.25,0.0016,30.0,healthy,0,0
2026-03-19T00:49:18.750845+00:00,device-04,firewall,branch-chicago,30.35,32.78,25.17,0.0609,38.35,0.00075,33.0,healthy,0,0
2026-03-15T01:42:18.750845+00:00,device-13,firewall,branch-newyork,94.98,97.15,3964.72,37.5365,97.44,0.75521,76.5,ddos_attack,5,1
2026-03-12T06:45:18.750845+00:00,device-27,switch,datacenter-east,24.41,19.27,44.31,0.1253,61.8,0.002,31.2,healthy,0,0
2026-03-19T10:19:18.750845+00:00,device-11,firewall,branch-newyork,28.36,57.34,3.0,0.0185,34.05,0.0019,46.9,healthy,0,0
2026-03-13T16:55:18.750845+00:00,device-47,server,datacenter-central,27.28,32.24,5.5,0.2862,17.07,0.00471,46.1,healthy,0,0
2026-03-18T01:07:18.750845+00:00,device-23,switch,branch-newyork,36.72,45.2,24.06,0.0364,39.85,0.00406,37.8,healthy,0,0
2026-03-20T22:59:18.750845+00:00,device-15,router,branch-newyork,84.11,80.54,1273.03,20.665,94.38,0.15864,69.2,bgp_flapping,4,1
2026-03-22T15:59:18.750845+00:00,device-37,firewall,datacenter-east,41.14,19.54,11.56,0.1843,45.87,0.00044,49.5,healthy,0,0
2026-03-20T09:49:18.750845+00:00,device-40,server,datacenter-east,61.1,50.1,3.94,0.0749,60.19,0.00297,43.6,healthy,0,0
2026-03-22T09:31:18.750845+00:00,device-40,firewall,branch-chicago,14.0,62.23,14.82,0.2,57.42,0.00047,49.9,healthy,0,0
2026-03-15T10:53:18.750845+00:00,device-43,switch,branch-losangeles,36.56,47.99,10.86,0.1379,47.42,0.00434,43.6,healthy,0,0
2026-03-12T02:49:18.750845+00:00,device-41,router,datacenter-west,13.26,21.18,7.14,0.1649,38.59,0.00012,40.6,healthy,0,0
2026-03-13T19:05:18.750845+00:00,device-26,server,branch-newyork,72.41,97.15,411.12,1.137,63.05,0.04681,64.1,memory_exhaustion,2,1
2026-03-13T23:49:18.750845+00:00,device-20,switch,datacenter-east,14.81,40.89,15.43,0.0978,24.25,0.0022,38.3,healthy,0,0
2026-03-13T12:15:18.750845+00:00,device-25,firewall,datacenter-west,17.51,56.57,22.65,0.025,57.85,0.00241,38.4,healthy,0,0
2026-03-20T11:13:18.750845+00:00,device-41,router,datacenter-east,48.46,39.21,27.29,0.2251,9.62,0.00274,43.3,healthy,0,0
2026-03-19T00:51:18.750845+00:00,device-14,server,datacenter-central,58.73,36.35,30.98,0.0639,10.02,0.00238,44.8,healthy,0,0
2026-03-16T13:07:18.750845+00:00,device-14,server,datacenter-east,27.16,37.27,20.56,0.2907,32.77,0.0047,40.8,healthy,0,0
2026-03-14T00:19:18.750845+00:00,device-29,router,branch-chicago,29.16,21.0,26.04,0.1908,24.73,0.00499,48.0,healthy,0,0
2026-03-14T18:17:18.750845+00:00,device-26,router,branch-chicago,13.56,29.24,18.32,0.0147,18.52,0.00287,33.0,healthy,0,0
2026-03-22T06:07:18.750845+00:00,device-32,load_balancer,branch-newyork,58.41,23.34,6.35,0.2334,59.2,0.00424,48.5,healthy,0,0
2026-03-20T09:05:18.750845+00:00,device-15,load_balancer,branch-newyork,45.3,38.12,14.09,0.1604,35.48,0.00203,36.9,healthy,0,0
2026-03-14T10:43:18.750845+00:00,device-45,server,branch-chicago,27.22,46.33,17.49,0.2426,28.02,0.00082,35.0,healthy,0,0
2026-03-13T22:05:18.750845+00:00,device-15,load_balancer,datacenter-central,52.23,38.75,22.99,0.2173,11.25,0.00439,38.5,healthy,0,0
2026-03-25T00:04:18.750845+00:00,device-45,switch,datacenter-west,48.94,98.87,488.3,2.4774,74.39,0.04405,58.6,memory_exhaustion,2,1
2026-03-22T13:31:18.750845+00:00,device-30,load_balancer,datacenter-east,91.47,85.29,1242.28,35.187,98.43,0.32195,78.6,ddos_attack,5,1
2026-03-17T11:51:18.750845+00:00,device-19,router,branch-losangeles,16.34,57.04,10.71,0.2709,46.18,0.00033,30.1,healthy,0,0
2026-03-22T21:39:18.750845+00:00,device-02,router,branch-losangeles,20.93,65.72,26.31,0.1755,34.88,0.00024,44.2,healthy,0,0
2026-03-15T12:35:18.750845+00:00,device-49,load_balancer,branch-newyork,25.6,22.87,3.84,0.0527,32.91,0.00178,39.6,healthy,0,0
2026-03-15T23:33:18.750845+00:00,device-04,firewall,datacenter-west,30.15,26.35,12.18,0.2505,5.48,0.00316,40.5,healthy,0,0
2026-03-13T10:09:18.750845+00:00,device-05,switch,datacenter-central,10.09,16.24,26.82,0.0999,34.23,0.00356,44.9,healthy,0,0
2026-03-15T19:45:18.750845+00:00,device-06,firewall,branch-chicago,64.43,19.68,40.92,0.2589,45.35,0.00161,33.6,healthy,0,0
2026-03-18T00:36:18.750845+00:00,device-02,switch,branch-newyork,67.42,91.05,446.11,1.474,67.81,0.08818,64.4,memory_exhaustion,2,1
2026-03-12T18:33:18.750845+00:00,device-31,load_balancer,datacenter-west,58.14,13.05,39.9,0.1721,44.88,0.00354,32.4,healthy,0,0
2026-03-16T00:29:18.750845+00:00,device-07,switch,datacenter-central,57.18,62.58,17.45,0.2418,33.81,0.00164,32.0,healthy,0,0
2026-03-18T14:41:18.750845+00:00,device-06,server,datacenter-west,37.88,55.64,42.8,0.1759,62.73,0.00126,45.3,healthy,0,0
2026-03-18T06:51:18.750845+00:00,device-44,router,branch-losangeles,29.64,67.94,14.46,0.16,19.97,0.00264,47.7,healthy,0,0
2026-03-19T16:47:18.750845+00:00,device-25,switch,datacenter-central,62.86,65.34,30.86,0.0329,17.83,0.00323,47.9,healthy,0,0
2026-03-14T00:53:18.750845+00:00,device-02,load_balancer,datacenter-west,9.26,53.58,33.69,0.1301,44.22,0.00133,42.6,healthy,0,0
2026-03-22T17:19:18.750845+00:00,device-33,load_balancer,branch-losangeles,8.17,25.74,33.05,0.0535,14.38,0.00348,32.3,healthy,0,0
2026-03-23T00:17:18.750845+00:00,device-14,server,branch-newyork,63.95,40.09,38.66,0.1208,11.73,0.00375,38.7,healthy,0,0
2026-03-19T21:13:18.750845+00:00,device-46,load_balancer,datacenter-east,54.12,59.87,16.54,0.2677,22.75,0.0015,38.5,healthy,0,0
2026-03-14T03:27:18.750845+00:00,device-44,load_balancer,branch-chicago,9.88,57.24,42.72,0.0886,34.6,0.0044,39.9,healthy,0,0
2026-03-17T01:25:18.750845+00:00,device-49,switch,branch-chicago,27.96,49.25,33.43,0.2542,30.39,0.00425,43.8,healthy,0,0
2026-03-14T01:27:18.750845+00:00,device-43,server,datacenter-central,43.21,65.1,39.93,0.2643,33.76,0.00282,33.6,healthy,0,0
2026-03-17T07:51:18.750845+00:00,device-48,switch,branch-chicago,51.65,54.25,557.16,18.8338,61.01,0.28016,52.5,packet_loss,3,1
2026-03-13T11:30:18.750845+00:00,device-43,router,branch-newyork,28.76,37.53,614.64,12.7784,62.36,0.18759,40.4,packet_loss,3,1
2026-03-17T07:19:18.750845+00:00,device-20,load_balancer,datacenter-west,22.85,35.2,8.93,0.1016,9.27,0.00058,44.5,healthy,0,0
2026-03-20T20:05:18.750845+00:00,device-05,firewall,branch-newyork,12.71,68.83,17.34,0.1725,53.65,0.00234,35.1,healthy,0,0
2026-03-21T14:13:18.750845+00:00,device-20,server,branch-newyork,52.46,57.34,11.63,0.2197,20.68,0.00469,38.2,healthy,0,0
2026-03-22T03:27:18.750845+00:00,device-07,server,datacenter-west,51.89,65.11,30.99,0.2599,57.34,0.00113,48.9,healthy,0,0
2026-03-22T02:02:18.750845+00:00,device-30,load_balancer,datacenter-central,93.46,83.42,1656.35,53.8119,95.29,0.49222,78.4,ddos_attack,5,1
2026-03-15T10:49:18.750845+00:00,device-15,firewall,branch-newyork,6.2,16.77,39.36,0.2755,30.25,0.00339,37.3,healthy,0,0
2026-03-15T15:15:18.750845+00:00,device-48,switch,datacenter-west,43.95,49.02,43.24,0.1946,31.43,0.00437,34.9,healthy,0,0
2026-03-21T16:21:18.750845+00:00,device-09,router,datacenter-east,11.62,40.94,39.63,0.2831,19.04,0.00348,43.3,healthy,0,0
2026-03-22T08:09:18.750845+00:00,device-49,load_balancer,datacenter-central,63.39,20.76,29.56,0.0978,20.05,0.00282,39.1,healthy,0,0
2026-03-13T12:13:18.750845+00:00,device-19,router,datacenter-east,22.3,55.44,43.33,0.2885,20.65,0.00191,36.2,healthy,0,0
2026-03-15T16:05:18.750845+00:00,device-06,switch,branch-newyork,47.79,63.38,9.53,0.0716,43.89,0.00214,36.4,healthy,0,0
2026-03-16T06:29:18.750845+00:00,device-42,switch,datacenter-west,45.04,37.76,12.81,0.0641,7.98,0.00207,49.8,healthy,0,0
2026-03-13T21:54:18.750845+00:00,device-31,router,branch-chicago,88.83,62.4,2754.05,24.311,83.95,0.21279,69.1,bgp_flapping,4,1
2026-03-14T21:57:18.750845+00:00,device-08,load_balancer,branch-losangeles,63.67,12.13,35.65,0.0202,29.33,0.00324,37.6,healthy,0,0
2026-03-19T20:43:18.750845+00:00,device-35,router,branch-newyork,32.07,60.56,40.77,0.2959,6.46,0.00168,42.5,healthy,0,0
2026-03-14T06:53:18.750845+00:00,device-49,router,datacenter-central,26.58,54.9,28.26,0.2831,51.47,0.00088,40.8,healthy,0,0
2026-03-13T21:40:18.750845+00:00,device-24,router,branch-newyork,26.4,30.34,568.24,16.9967,69.96,0.16549,53.1,packet_loss,3,1
2026-03-19T20:57:18.750845+00:00,device-21,firewall,datacenter-east,41.51,47.69,3.0,0.2418,43.08,0.0022,40.0,healthy,0,0
2026-03-17T05:35:18.750845+00:00,device-03,server,datacenter-central,34.98,37.25,24.3,0.1131,24.3,0.00383,45.0,healthy,0,0
2026-03-19T19:31:18.750845+00:00,device-09,firewall,branch-losangeles,30.9,32.96,33.68,0.1063,38.91,0.00357,33.6,healthy,0,0
2026-03-17T17:47:18.750845+00:00,device-41,server,datacenter-east,37.0,38.29,44.83,0.1686,47.75,0.00402,44.4,healthy,0,0
2026-03-14T18:59:18.750845+00:00,device-33,firewall,datacenter-west,42.59,31.51,14.39,0.1651,58.16,0.00318,47.6,healthy,0,0
2026-03-18T04:23:18.750845+00:00,device-26,switch,datacenter-west,39.24,39.75,41.58,0.1742,6.2,0.00496,32.4,healthy,0,0
2026-03-13T12:59:18.750845+00:00,device-15,firewall,datacenter-west,27.92,63.59,32.39,0.1174,54.86,0.00091,33.1,healthy,0,0
2026-03-12T07:37:18.750845+00:00,device-08,switch,branch-losangeles,53.14,12.78,2.45,0.0429,24.03,0.00047,48.4,healthy,0,0
2026-03-14T00:33:18.750845+00:00,device-43,load_balancer,branch-chicago,25.98,10.95,20.38,0.2468,49.55,0.00492,34.1,healthy,0,0
2026-03-12T17:21:18.750845+00:00,device-43,load_balancer,branch-newyork,48.46,65.9,3.12,0.0658,45.87,0.00394,38.8,healthy,0,0
2026-03-15T04:29:18.750845+00:00,device-28,router,datacenter-central,47.94,61.5,15.05,0.241,62.83,0.00048,46.7,healthy,0,0
2026-03-13T12:25:18.750845+00:00,device-01,router,datacenter-east,7.87,61.19,3.16,0.1369,18.94,0.00121,33.7,healthy,0,0
2026-03-22T15:13:18.750845+00:00,device-38,router,branch-newyork,63.68,51.29,19.49,0.2634,62.51,0.0005,38.9,healthy,0,0
2026-03-13T07:47:18.750845+00:00,device-18,server,datacenter-west,18.91,63.73,25.46,0.1407,32.78,0.00012,48.5,healthy,0,0
2026-03-21T02:59:18.750845+00:00,device-10,load_balancer,datacenter-central,38.55,18.74,12.16,0.1388,55.61,0.00276,46.1,healthy,0,0
2026-03-22T21:03:18.750845+00:00,device-33,switch,branch-chicago,45.37,22.43,16.33,0.0681,44.36,0.00309,41.8,healthy,0,0
2026-03-20T23:09:18.750845+00:00,device-39,router,datacenter-central,30.7,54.61,43.35,0.1855,30.87,0.00245,49.7,healthy,0,0
2026-03-19T00:37:18.750845+00:00,device-15,firewall,datacenter-east,15.48,38.23,32.18,0.1175,56.57,0.0012,33.0,healthy,0,0
2026-03-14T20:33:18.750845+00:00,device-44,switch,datacenter-central,7.37,63.99,11.58,0.0942,19.25,0.00016,48.8,healthy,0,0
2026-03-13T17:59:18.750845+00:00,device-40,router,branch-losangeles,63.76,43.92,8.71,0.2056,48.05,0.00339,43.2,healthy,0,0
2026-03-19T17:11:18.750845+00:00,device-31,server,datacenter-west,6.79,63.91,25.07,0.042,32.11,0.00347,34.3,healthy,0,0
2026-03-19T16:55:18.750845+00:00,device-30,switch,branch-chicago,8.8,58.1,7.09,0.2477,53.79,0.00457,41.1,healthy,0,0
2026-03-19T22:43:18.750845+00:00,device-49,switch,datacenter-west,42.1,59.04,42.31,0.1554,63.75,0.00314,46.1,healthy,0,0
2026-03-21T08:21:18.750845+00:00,device-41,server,datacenter-west,62.27,17.8,20.51,0.118,22.21,0.00399,41.6,healthy,0,0
2026-03-12T06:27:18.750845+00:00,device-49,load_balancer,datacenter-central,52.23,10.83,36.4,0.1668,34.17,0.00315,41.8,healthy,0,0
2026-03-21T14:55:18.750845+00:00,device-25,router,branch-newyork,55.42,40.62,3.32,0.1515,30.62,0.0043,32.8,healthy,0,0
2026-03-19T04:48:18.750845+00:00,device-49,router,branch-newyork,97.4,62.3,299.09,1.6038,87.12,0.0279,76.0,high_cpu,1,1
2026-03-16T13:17:18.750845+00:00,device-02,load_balancer,datacenter-east,15.38,66.09,38.81,0.096,18.34,0.00338,48.1,healthy,0,0
2026-03-19T14:05:18.750845+00:00,device-01,server,branch-newyork,28.4,20.87,1.14,0.1572,27.63,0.00017,43.4,healthy,0,0
2026-03-13T05:51:18.750845+00:00,device-37,router,branch-newyork,40.09,36.49,22.64,0.0838,64.05,7e-05,46.3,healthy,0,0
2026-03-18T19:21:18.750845+00:00,device-13,server,datacenter-east,38.46,63.92,35.1,0.1182,36.74,0.00294,45.8,healthy,0,0
2026-03-12T02:13:18.750845+00:00,device-28,load_balancer,branch-newyork,53.96,47.47,27.12,0.2791,18.23,0.00048,46.8,healthy,0,0
2026-03-20T02:37:18.750845+00:00,device-02,load_balancer,datacenter-east,39.55,53.2,30.23,0.2539,34.15,0.00087,39.2,healthy,0,0
2026-03-17T18:31:18.750845+00:00,device-33,server,branch-newyork,47.1,31.71,40.49,0.2329,62.19,0.00449,46.1,healthy,0,0
2026-03-23T02:17:18.750845+00:00,device-50,switch,branch-losangeles,64.65,24.29,31.58,0.0571,30.97,0.00474,31.2,healthy,0,0
2026-03-19T11:49:18.750845+00:00,device-43,server,branch-chicago,24.34,17.74,24.35,0.2526,42.63,0.00194,33.2,healthy,0,0
2026-03-13T04:17:18.750845+00:00,device-37,firewall,branch-losangeles,36.95,41.48,28.61,0.0446,39.18,0.00144,36.1,healthy,0,0
2026-03-15T08:27:18.750845+00:00,device-31,switch,branch-chicago,9.14,35.35,13.07,0.2685,32.26,0.00307,45.2,healthy,0,0
2026-03-20T06:23:18.750845+00:00,device-31,load_balancer,branch-losangeles,37.22,47.92,15.05,0.0161,11.81,0.00266,38.4,healthy,0,0
2026-03-14T11:39:18.750845+00:00,device-10,router,datacenter-east,43.0,26.03,16.8,0.0684,32.6,0.00072,42.5,healthy,0,0
2026-03-24T06:23:18.750845+00:00,device-37,switch,branch-losangeles,50.71,42.19,1794.53,29.7151,30.9,0.08646,51.6,packet_loss,3,1
2026-03-23T01:31:18.750845+00:00,device-26,switch,datacenter-east,31.31,47.68,16.89,0.2368,44.67,0.00173,43.1,healthy,0,0
2026-03-22T17:03:18.750845+00:00,device-03,switch,branch-losangeles,21.21,20.19,37.93,0.2735,20.69,0.00306,36.3,healthy,0,0
2026-03-14T17:43:18.750845+00:00,device-07,server,datacenter-east,37.89,10.43,41.45,0.0778,62.9,0.00395,31.5,healthy,0,0
2026-03-23T02:29:18.750845+00:00,device-12,router,datacenter-west,93.64,83.99,81.91,0.7426,84.61,0.01803,62.8,high_cpu,1,1
2026-03-13T18:58:18.750845+00:00,device-01,switch,datacenter-central,63.67,93.32,168.51,3.963,69.81,0.08746,57.8,memory_exhaustion,2,1
2026-03-22T17:21:18.750845+00:00,device-24,load_balancer,datacenter-central,20.77,43.0,12.52,0.2878,48.63,0.00015,40.0,healthy,0,0
2026-03-18T04:13:18.750845+00:00,device-12,router,branch-chicago,49.21,44.68,23.17,0.1197,50.03,0.00243,49.8,healthy,0,0
2026-03-22T11:03:18.750845+00:00,device-33,firewall,datacenter-central,64.82,43.13,30.25,0.0794,58.83,0.00404,34.3,healthy,0,0
2026-03-16T11:31:18.750845+00:00,device-40,firewall,datacenter-west,17.75,52.93,43.0,0.1797,45.95,0.00478,47.4,healthy,0,0
2026-03-19T11:05:18.750845+00:00,device-05,load_balancer,branch-newyork,11.8,27.1,36.74,0.1642,62.69,0.00472,47.0,healthy,0,0
2026-03-19T09:38:18.750845+00:00,device-30,firewall,branch-chicago,92.92,87.17,1601.24,49.6974,99.28,0.76919,78.8,ddos_attack,5,1
2026-03-25T19:38:18.750845+00:00,device-21,router,datacenter-west,89.8,73.45,174.02,0.9288,78.87,0.01777,72.7,high_cpu,1,1
2026-03-19T18:33:18.750845+00:00,device-46,server,datacenter-central,44.58,14.17,33.5,0.0839,52.19,0.00115,45.1,healthy,0,0
2026-03-17T19:43:18.750845+00:00,device-46,load_balancer,datacenter-west,28.56,10.89,33.67,0.0565,40.78,0.00425,41.3,healthy,0,0
2026-03-19T10:53:18.750845+00:00,device-13,firewall,datacenter-west,23.02,32.89,43.64,0.157,6.87,0.0037,31.7,healthy,0,0
2026-03-21T18:59:18.750845+00:00,device-31,switch,datacenter-west,45.81,56.37,37.19,0.211,12.66,0.00371,42.3,healthy,0,0
2026-03-20T23:37:18.750845+00:00,device-13,firewall,branch-losangeles,30.48,36.94,30.34,0.2031,11.73,0.00384,31.3,healthy,0,0
2026-03-18T23:01:18.750845+00:00,device-06,server,datacenter-central,60.88,37.66,42.38,0.1143,61.79,0.00274,46.5,healthy,0,0
2026-03-21T19:33:18.750845+00:00,device-10,router,branch-losangeles,19.14,47.61,14.64,0.2806,11.16,0.00325,34.6,healthy,0,0
2026-03-16T03:31:18.750845+00:00,device-05,router,branch-losangeles,88.66,77.99,184.13,0.5827,88.75,0.03327,67.6,high_cpu,1,1
2026-03-19T23:41:18.750845+00:00,device-15,server,branch-newyork,55.63,28.99,5.17,0.1025,48.76,0.00065,45.1,healthy,0,0
2026-03-14T12:13:18.750845+00:00,device-13,firewall,branch-chicago,53.24,66.65,16.72,0.255,11.63,0.00273,30.2,healthy,0,0
2026-03-17T20:35:18.750845+00:00,device-09,server,branch-newyork,57.44,98.9,399.85,5.8115,67.82,0.0654,56.6,memory_exhaustion,2,1
2026-03-13T09:57:18.750845+00:00,device-31,server,branch-chicago,45.89,51.53,35.39,0.2465,29.17,0.00113,43.6,healthy,0,0
2026-03-20T08:53:18.750845+00:00,device-31,router,datacenter-west,38.02,49.28,28.5,0.1588,62.27,0.0048,34.4,healthy,0,0
2026-03-22T15:29:18.750845+00:00,device-35,load_balancer,datacenter-central,21.49,46.99,20.69,0.2222,33.95,0.00312,46.4,healthy,0,0
2026-03-23T11:59:18.750845+00:00,device-36,router,datacenter-west,72.43,79.06,1853.81,24.6529,80.58,0.21196,56.3,bgp_flapping,4,1
2026-03-12T06:37:18.750845+00:00,device-31,firewall,branch-chicago,63.62,19.02,20.88,0.1181,53.19,0.00126,33.7,healthy,0,0
2026-03-18T22:21:18.750845+00:00,device-02,load_balancer,datacenter-central,17.35,12.84,16.87,0.2409,8.6,0.00201,49.4,healthy,0,0
2026-03-15T23:54:18.750845+00:00,device-35,server,datacenter-west,44.07,91.78,290.28,6.9729,54.54,0.04221,70.6,memory_exhaustion,2,1
2026-03-15T06:35:18.750845+00:00,device-16,server,branch-newyork,43.84,15.09,14.41,0.1295,24.38,0.00428,40.7,healthy,0,0
2026-03-19T17:27:18.750845+00:00,device-19,load_balancer,datacenter-west,20.48,58.65,44.73,0.1785,8.18,0.00246,46.3,healthy,0,0
2026-03-13T21:33:18.750845+00:00,device-37,server,branch-losangeles,23.15,61.54,27.15,0.201,62.68,0.00027,47.1,healthy,0,0
2026-03-18T21:41:18.750845+00:00,device-46,server,branch-newyork,8.61,43.07,6.81,0.0417,10.43,0.00409,46.1,healthy,0,0
2026-03-18T17:30:18.750845+00:00,device-31,router,branch-newyork,40.08,20.57,1923.86,23.9627,30.99,0.28794,48.8,packet_loss,3,1
2026-03-13T18:07:18.750845+00:00,device-05,server,branch-losangeles,43.99,50.02,6.57,0.1798,56.44,0.00424,33.7,healthy,0,0
2026-03-15T07:43:18.750845+00:00,device-20,load_balancer,branch-chicago,16.14,56.44,28.63,0.1492,39.11,0.00118,45.8,healthy,0,0
2026-03-20T10:37:18.750845+00:00,device-09,server,datacenter-east,19.65,18.36,20.73,0.0985,44.83,0.00319,48.9,healthy,0,0
2026-03-17T01:05:18.750845+00:00,device-42,switch,datacenter-east,64.01,35.58,41.97,0.0573,32.54,0.00433,41.9,healthy,0,0
2026-03-18T10:43:18.750845+00:00,device-01,switch,branch-newyork,33.52,65.74,43.87,0.2294,53.43,0.00497,46.0,healthy,0,0
2026-03-19T12:12:18.750845+00:00,device-09,router,datacenter-central,97.29,66.53,254.85,2.7304,89.01,0.03953,67.2,high_cpu,1,1
2026-03-17T09:26:18.750845+00:00,device-17,router,branch-losangeles,78.51,66.82,957.52,16.4383,82.01,0.11395,55.1,bgp_flapping,4,1
2026-03-16T16:12:18.750845+00:00,device-08,switch,datacenter-east,47.69,93.69,372.79,6.9146,65.05,0.02713,60.7,memory_exhaustion,2,1
2026-03-14T04:13:18.750845+00:00,device-35,firewall,branch-newyork,15.46,63.86,43.65,0.0174,44.97,0.00379,49.8,healthy,0,0
2026-03-18T05:49:18.750845+00:00,device-15,router,datacenter-east,9.62,23.05,24.07,0.1312,54.93,0.00313,38.7,healthy,0,0
2026-03-13T03:30:18.750845+00:00,device-15,router,branch-chicago,76.12,64.43,2029.17,15.5385,67.49,0.16799,70.3,bgp_flapping,4,1
2026-03-13T20:49:18.750845+00:00,device-23,switch,branch-newyork,21.5,15.71,4.82,0.2836,28.24,0.00268,31.3,healthy,0,0
2026-03-16T05:47:18.750845+00:00,device-40,firewall,datacenter-central,15.98,52.38,4.42,0.1875,9.51,0.00455,31.5,healthy,0,0
2026-03-19T19:07:18.750845+00:00,device-42,switch,branch-chicago,49.86,15.06,26.17,0.2236,22.41,0.00183,35.6,healthy,0,0
2026-03-18T18:31:18.750845+00:00,device-15,server,datacenter-east,49.65,17.1,11.31,0.0671,25.66,0.00469,37.3,healthy,0,0
2026-03-17T01:47:18.750845+00:00,device-47,load_balancer,datacenter-central,93.73,83.24,4122.0,50.8597,98.52,0.7957,70.8,ddos_attack,5,1
2026-03-13T18:41:18.750845+00:00,device-28,server,datacenter-east,54.84,55.27,2.53,0.0398,23.6,0.00333,49.3,healthy,0,0
2026-03-14T12:44:18.750845+00:00,device-28,firewall,branch-losangeles,91.15,92.22,4098.33,37.1114,97.18,0.34304,68.0,ddos_attack,5,1
2026-03-22T13:27:18.750845+00:00,device-01,router,branch-chicago,20.12,47.29,3.9,0.1744,22.24,0.00483,33.3,healthy,0,0
2026-03-16T13:36:18.750845+00:00,device-04,server,branch-losangeles,66.43,91.76,176.71,3.801,53.61,0.02599,55.1,memory_exhaustion,2,1
2026-03-13T18:59:18.750845+00:00,device-17,router,branch-newyork,37.15,11.07,3.75,0.2741,64.16,0.0017,40.3,healthy,0,0
2026-03-17T18:05:18.750845+00:00,device-12,router,datacenter-east,63.28,66.11,41.7,0.0897,57.93,0.00346,46.2,healthy,0,0
2026-03-13T13:45:18.750845+00:00,device-12,firewall,branch-chicago,32.65,28.86,13.06,0.0091,42.9,0.00101,46.4,healthy,0,0
2026-03-17T04:05:18.750845+00:00,device-43,switch,branch-chicago,29.7,55.77,1533.66,31.9672,50.64,0.08081,49.5,packet_loss,3,1
2026-03-18T09:41:18.750845+00:00,device-25,load_balancer,branch-chicago,41.77,68.11,7.13,0.1646,23.9,0.00208,33.7,healthy,0,0
2026-03-19T02:17:18.750845+00:00,device-20,firewall,branch-losangeles,45.31,45.0,18.19,0.1208,43.72,0.00248,33.2,healthy,0,0
2026-03-22T11:19:18.750845+00:00,device-46,router,branch-newyork,35.06,67.02,27.87,0.1614,35.96,0.00317,43.7,healthy,0,0
2026-03-22T07:29:18.750845+00:00,device-40,server,datacenter-east,19.82,35.15,36.85,0.1721,43.39,0.00472,47.6,healthy,0,0
2026-03-17T18:07:18.750845+00:00,device-39,firewall,datacenter-central,52.45,33.2,44.58,0.1609,24.47,0.00051,42.8,healthy,0,0
2026-03-19T15:53:18.750845+00:00,device-45,server,branch-newyork,64.58,39.05,40.29,0.2898,43.0,0.00211,38.7,healthy,0,0
2026-03-18T12:26:18.750845+00:00,device-35,switch,branch-losangeles,37.95,40.52,368.06,23.9946,42.82,0.17072,35.6,packet_loss,3,1
2026-03-24T22:03:18.750845+00:00,device-30,load_balancer,branch-newyork,95.12,90.54,4352.42,52.9117,97.3,0.28566,77.1,ddos_attack,5,1
2026-03-13T07:43:18.750845+00:00,device-48,router,datacenter-west,46.26,64.48,35.8,0.0202,58.0,0.0044,38.0,healthy,0,0
2026-03-13T01:23:18.750845+00:00,device-08,router,branch-losangeles,16.17,44.52,12.14,0.2332,41.31,0.00389,48.7,healthy,0,0
2026-03-18T07:55:18.750845+00:00,device-21,load_balancer,datacenter-central,26.21,53.19,5.35,0.1616,7.83,0.00124,47.9,healthy,0,0
2026-03-23T01:23:18.750845+00:00,device-39,firewall,datacenter-west,5.62,40.76,23.06,0.2774,38.15,0.00367,48.9,healthy,0,0
2026-03-15T20:05:18.750845+00:00,device-36,load_balancer,datacenter-west,26.83,56.23,13.82,0.0587,7.43,2e-05,35.1,healthy,0,0
2026-03-14T03:49:18.750845+00:00,device-40,switch,branch-chicago,59.45,40.08,22.45,0.1183,23.83,0.00094,39.0,healthy,0,0
2026-03-17T17:21:18.750845+00:00,device-01,firewall,branch-chicago,38.65,38.63,10.87,0.0747,37.3,0.00229,44.1,healthy,0,0
2026-03-18T13:14:18.750845+00:00,device-24,firewall,datacenter-east,93.35,84.34,1857.41,28.4567,96.38,0.67454,65.8,ddos_attack,5,1
2026-03-18T17:33:18.750845+00:00,device-05,load_balancer,datacenter-east,12.41,47.39,14.39,0.0402,38.69,0.00465,45.5,healthy,0,0
2026-03-21T01:05:18.750845+00:00,device-18,router,datacenter-central,36.65,59.26,43.24,0.2323,31.1,0.00334,34.7,healthy,0,0
2026-03-12T21:03:18.750845+00:00,device-07,firewall,datacenter-east,16.33,18.39,41.92,0.214,24.55,0.00045,32.0,healthy,0,0
2026-03-21T22:37:18.750845+00:00,device-29,switch,branch-losangeles,36.75,30.45,31.8,0.1224,24.54,0.00454,34.3,healthy,0,0
2026-03-19T23:43:18.750845+00:00,device-33,router,datacenter-central,49.86,48.31,1367.27,30.5617,57.22,0.05121,50.4,packet_loss,3,1
2026-03-16T14:55:18.750845+00:00,device-29,switch,branch-chicago,43.0,12.8,37.86,0.0735,53.23,0.00141,46.9,healthy,0,0
2026-03-19T00:34:18.750845+00:00,device-45,switch,branch-losangeles,53.7,24.18,534.52,12.8203,54.87,0.11547,46.2,packet_loss,3,1
2026-03-20T10:03:18.750845+00:00,device-41,server,branch-newyork,33.07,17.97,33.05,0.152,21.09,0.0001,39.2,healthy,0,0
2026-03-17T12:23:18.750845+00:00,device-18,firewall,datacenter-east,38.91,42.44,26.95,0.1821,21.63,0.00161,37.0,healthy,0,0
2026-03-13T00:29:18.750845+00:00,device-50,firewall,branch-losangeles,42.08,11.7,27.53,0.0676,51.75,0.00388,42.7,healthy,0,0
2026-03-16T02:57:18.750845+00:00,device-32,server,datacenter-central,56.74,24.62,40.94,0.2923,42.32,0.00116,42.8,healthy,0,0
2026-03-17T04:55:18.750845+00:00,device-05,server,datacenter-west,19.59,57.85,33.0,0.2191,56.31,0.00082,33.2,healthy,0,0
2026-03-13T20:01:18.750845+00:00,device-12,router,branch-losangeles,50.68,12.36,41.79,0.1915,42.53,0.0011,47.7,healthy,0,0
2026-03-15T12:27:18.750845+00:00,device-20,switch,datacenter-west,6.44,43.51,27.86,0.0602,36.08,0.00296,35.1,healthy,0,0
2026-03-14T02:27:18.750845+00:00,device-34,firewall,branch-chicago,23.6,52.45,40.29,0.1923,15.82,0.00318,45.5,healthy,0,0
2026-03-13T18:11:18.750845+00:00,device-31,switch,branch-newyork,26.18,38.06,31.62,0.2766,20.78,0.00085,35.8,healthy,0,0
2026-03-21T20:05:18.750845+00:00,device-17,server,datacenter-central,14.55,12.42,5.69,0.1183,21.04,0.00044,42.0,healthy,0,0
2026-03-21T13:23:18.750845+00:00,device-08,router,datacenter-west,32.8,16.49,14.6,0.0033,13.34,0.00237,39.6,healthy,0,0
2026-03-13T03:17:18.750845+00:00,device-32,load_balancer,branch-losangeles,90.08,80.28,4804.1,51.7803,98.04,0.22805,77.4,ddos_attack,5,1
2026-03-13T09:09:18.750845+00:00,device-42,server,branch-losangeles,25.31,12.3,29.64,0.079,19.8,0.00457,41.5,healthy,0,0
2026-03-12T03:39:18.750845+00:00,device-41,firewall,datacenter-central,14.61,36.44,5.88,0.1318,36.7,0.00343,39.6,healthy,0,0
2026-03-18T07:51:18.750845+00:00,device-40,switch,datacenter-east,17.02,36.36,7.33,0.1566,43.4,0.00174,36.6,healthy,0,0
2026-03-18T11:29:18.750845+00:00,device-16,firewall,branch-chicago,50.95,66.68,1.97,0.2873,62.89,0.00111,42.3,healthy,0,0
2026-03-16T07:03:18.750845+00:00,device-18,switch,datacenter-east,40.22,20.85,39.61,0.2178,31.05,0.00431,34.7,healthy,0,0
2026-03-12T02:51:18.750845+00:00,device-14,firewall,branch-chicago,38.57,63.97,32.61,0.2985,35.29,0.00298,33.2,healthy,0,0
2026-03-15T15:55:18.750845+00:00,device-11,switch,datacenter-central,48.73,34.42,16.72,0.1154,19.08,0.00436,34.5,healthy,0,0
2026-03-16T18:25:18.750845+00:00,device-23,switch,branch-chicago,45.85,51.55,9.57,0.0411,63.99,0.00332,45.7,healthy,0,0
2026-03-13T09:53:18.750845+00:00,device-12,firewall,branch-losangeles,31.21,38.43,14.53,0.0123,59.73,0.00169,37.6,healthy,0,0
2026-03-12T15:45:18.750845+00:00,device-46,switch,branch-chicago,54.62,58.62,12.7,0.2432,38.91,0.00059,30.1,healthy,0,0
2026-03-21T12:33:18.750845+00:00,device-26,load_balancer,branch-newyork,62.12,42.89,38.36,0.1785,8.8,0.0045,30.6,healthy,0,0
2026-03-16T11:11:18.750845+00:00,device-34,router,datacenter-east,19.42,49.71,25.08,0.2539,42.75,0.00377,39.9,healthy,0,0
2026-03-22T13:59:18.750845+00:00,device-14,firewall,branch-newyork,52.62,44.85,5.65,0.055,14.28,0.00339,40.2,healthy,0,0
2026-03-12T04:47:18.750845+00:00,device-30,server,datacenter-east,31.46,55.92,31.35,0.1172,24.31,0.00048,44.3,healthy,0,0
2026-03-13T08:23:18.750845+00:00,device-16,switch,branch-newyork,50.38,47.61,9.56,0.1925,60.12,0.00021,48.5,healthy,0,0
2026-03-15T06:31:18.750845+00:00,device-33,router,branch-newyork,21.17,34.41,32.15,0.0291,10.31,0.00481,48.3,healthy,0,0
2026-03-22T12:33:18.750845+00:00,device-22,router,branch-losangeles,25.81,26.7,12.85,0.1386,35.04,0.00103,30.2,healthy,0,0
2026-03-14T14:19:18.750845+00:00,device-15,switch,branch-chicago,15.05,40.39,27.89,0.0085,33.76,0.00195,39.3,healthy,0,0
2026-03-21T03:15:18.750845+00:00,device-44,load_balancer,branch-losangeles,42.5,59.92,36.97,0.0337,46.32,0.00102,47.8,healthy,0,0
2026-03-13T01:21:18.750845+00:00,device-35,router,datacenter-central,93.81,77.7,169.55,0.9308,76.51,0.01947,71.1,high_cpu,1,1
2026-03-18T05:25:18.750845+00:00,device-30,server,branch-chicago,43.58,41.07,38.96,0.0622,45.0,0.00052,46.4,healthy,0,0
2026-03-12T18:27:18.750845+00:00,device-21,load_balancer,branch-chicago,12.84,50.04,19.7,0.1712,11.44,0.0025,30.2,healthy,0,0
2026-03-16T04:48:18.750845+00:00,device-01,router,datacenter-central,78.27,62.12,766.47,20.4614,71.62,0.20776,74.6,bgp_flapping,4,1
2026-03-22T17:37:18.750845+00:00,device-43,server,branch-losangeles,53.57,69.46,44.08,0.0862,52.99,0.00472,38.2,healthy,0,0
2026-03-19T01:32:18.750845+00:00,device-44,firewall,datacenter-east,94.12,95.71,3527.81,35.4792,98.77,0.69028,70.2,ddos_attack,5,1
2026-03-20T16:49:18.750845+00:00,device-49,router,branch-newyork,46.09,51.76,39.3,0.0929,47.47,0.00283,36.5,healthy,0,0
2026-03-14T10:03:18.750845+00:00,device-27,load_balancer,branch-newyork,32.01,45.84,13.71,0.1511,52.93,0.0005,40.2,healthy,0,0
2026-03-18T07:35:18.750845+00:00,device-32,firewall,branch-chicago,38.1,17.0,10.55,0.138,6.2,0.00202,43.7,healthy,0,0
2026-03-19T03:23:18.750845+00:00,device-02,switch,datacenter-east,49.64,40.58,26.34,0.2711,40.28,0.00068,47.0,healthy,0,0
2026-03-22T12:21:18.750845+00:00,device-36,switch,branch-losangeles,63.42,11.5,42.19,0.1105,16.63,0.00447,46.8,healthy,0,0
2026-03-12T14:33:18.750845+00:00,device-14,load_balancer,branch-losangeles,98.81,88.89,1279.16,57.9997,95.42,0.71099,73.6,ddos_attack,5,1
2026-03-16T18:33:18.750845+00:00,device-12,firewall,branch-chicago,23.49,53.72,31.23,0.0438,32.65,0.00088,33.9,healthy,0,0
2026-03-12T06:31:18.750845+00:00,device-47,firewall,datacenter-west,14.98,66.53,19.62,0.1987,30.43,0.00319,35.4,healthy,0,0
2026-03-16T06:49:18.750845+00:00,device-35,router,datacenter-west,57.69,16.86,18.15,0.0269,9.1,0.00283,38.6,healthy,0,0
2026-03-19T12:31:18.750845+00:00,device-20,router,datacenter-west,81.76,85.74,2832.45,30.5319,60.34,0.44682,62.8,bgp_flapping,4,1
2026-03-13T22:36:18.750845+00:00,device-42,firewall,datacenter-central,90.77,91.48,1293.47,26.8322,95.4,0.76368,68.6,ddos_attack,5,1
2026-03-16T17:56:18.750845+00:00,device-49,load_balancer,branch-chicago,92.08,90.1,1880.79,30.4447,97.86,0.30347,73.2,ddos_attack,5,1
2026-03-19T22:27:18.750845+00:00,device-04,switch,datacenter-central,36.42,11.31,44.84,0.2349,18.0,0.00149,49.9,healthy,0,0
2026-03-20T05:07:18.750845+00:00,device-08,firewall,datacenter-central,12.72,62.48,9.42,0.1465,10.31,0.00209,46.9,healthy,0,0
2026-03-16T03:51:18.750845+00:00,device-48,server,branch-losangeles,12.38,55.84,12.21,0.2844,21.11,0.00112,36.2,healthy,0,0
2026-03-18T03:03:18.750845+00:00,device-04,firewall,branch-newyork,6.68,43.58,19.5,0.1411,39.75,0.00237,39.7,healthy,0,0
2026-03-24T02:23:18.750845+00:00,device-48,switch,datacenter-central,54.77,93.83,415.42,1.0802,75.76,0.03541,68.1,memory_exhaustion,2,1
2026-03-17T00:49:18.750845+00:00,device-35,router,branch-newyork,36.59,52.47,14.78,0.1685,41.49,0.0021,39.8,healthy,0,0
2026-03-23T02:49:18.750845+00:00,device-04,firewall,branch-newyork,43.3,24.32,10.27,0.2096,37.84,0.00309,40.2,healthy,0,0
2026-03-16T04:17:18.750845+00:00,device-26,load_balancer,branch-chicago,34.88,40.16,43.01,0.2076,28.28,0.00319,47.7,healthy,0,0
2026-03-22T05:33:18.750845+00:00,device-02,switch,branch-losangeles,18.52,35.62,13.74,0.2945,17.87,0.00319,49.1,healthy,0,0
2026-03-13T00:57:18.750845+00:00,device-07,server,branch-newyork,59.41,42.96,26.96,0.1919,29.86,0.00228,36.7,healthy,0,0
2026-03-22T07:47:18.750845+00:00,device-48,load_balancer,branch-newyork,29.32,29.16,7.37,0.0817,12.61,0.00211,31.2,healthy,0,0
2026-03-20T14:17:18.750845+00:00,device-09,server,datacenter-central,59.58,43.12,29.37,0.2694,15.69,0.00342,31.6,healthy,0,0
2026-03-12T11:13:18.750845+00:00,device-05,router,datacenter-central,70.57,85.24,2712.93,33.2294,83.9,0.3016,65.1,bgp_flapping,4,1
2026-03-15T01:21:18.750845+00:00,device-23,router,datacenter-east,48.82,23.96,27.8,0.2126,17.06,0.00332,42.4,healthy,0,0
2026-03-14T13:49:18.750845+00:00,device-39,server,branch-newyork,47.05,38.62,29.31,0.1883,38.01,0.00115,37.2,healthy,0,0
2026-03-20T01:09:18.750845+00:00,device-19,switch,branch-newyork,61.52,11.73,14.84,0.2632,54.5,0.00333,33.4,healthy,0,0
2026-03-18T02:35:18.750845+00:00,device-39,load_balancer,branch-losangeles,33.99,14.21,16.3,0.223,42.01,0.00304,30.1,healthy,0,0
2026-03-21T00:19:18.750845+00:00,device-09,switch,branch-newyork,43.28,36.86,34.65,0.1411,10.37,0.0037,46.4,healthy,0,0
2026-03-21T19:17:18.750845+00:00,device-17,server,branch-losangeles,44.01,22.15,18.86,0.0535,10.95,0.00135,47.8,healthy,0,0
2026-03-15T09:56:18.750845+00:00,device-16,server,datacenter-central,85.23,67.38,221.43,0.7531,81.7,0.0398,79.6,high_cpu,1,1
2026-03-21T09:17:18.750845+00:00,device-19,server,branch-losangeles,58.17,42.89,39.37,0.2716,28.24,9e-05,35.2,healthy,0,0
2026-03-13T19:43:18.750845+00:00,device-09,load_balancer,datacenter-west,57.66,50.16,31.65,0.0512,11.52,0.00369,36.0,healthy,0,0
2026-03-21T10:07:18.750845+00:00,device-27,server,datacenter-central,50.92,23.55,22.06,0.062,37.04,0.00391,33.0,healthy,0,0
2026-03-13T11:39:18.750845+00:00,device-06,load_balancer,datacenter-west,61.18,27.42,22.55,0.2563,31.87,0.00394,41.6,healthy,0,0
2026-03-12T17:19:18.750845+00:00,device-18,server,branch-losangeles,15.07,16.67,5.08,0.136,50.25,0.00058,41.3,healthy,0,0
2026-03-15T17:41:18.750845+00:00,device-43,router,branch-losangeles,54.52,17.1,8.88,0.2646,50.67,0.00201,47.0,healthy,0,0
2026-03-19T12:41:18.750845+00:00,device-37,server,datacenter-east,38.01,40.84,6.42,0.0096,23.56,0.00362,43.4,healthy,0,0
2026-03-20T03:34:18.750845+00:00,device-45,switch,branch-chicago,72.35,96.51,463.93,1.8596,53.85,0.04458,55.4,memory_exhaustion,2,1
2026-03-20T21:43:18.750845+00:00,device-29,router,branch-chicago,92.53,85.95,1633.62,19.9043,69.84,0.32883,59.4,bgp_flapping,4,1
2026-03-18T05:37:18.750845+00:00,device-28,switch,datacenter-west,9.28,29.54,2.39,0.0011,19.32,0.00103,36.5,healthy,0,0
2026-03-17T13:51:18.750845+00:00,device-39,router,branch-newyork,51.08,58.43,24.26,0.2186,13.48,0.00362,47.9,healthy,0,0
2026-03-18T15:13:18.750845+00:00,device-36,server,datacenter-east,58.93,31.02,24.21,0.1979,21.02,0.00065,34.3,healthy,0,0
2026-03-12T18:13:18.750845+00:00,device-20,switch,branch-losangeles,47.76,66.82,11.69,0.04,36.99,0.00367,49.7,healthy,0,0
2026-03-14T20:31:18.750845+00:00,device-16,server,datacenter-east,31.92,32.58,4.28,0.2058,47.3,0.00241,40.5,healthy,0,0
2026-03-22T23:47:18.750845+00:00,device-01,router,branch-losangeles,11.81,69.67,5.54,0.2295,24.63,0.0009,33.9,healthy,0,0
2026-03-13T12:57:18.750845+00:00,device-30,load_balancer,branch-losangeles,27.18,21.61,5.54,0.0372,57.35,0.00138,31.8,healthy,0,0
2026-03-18T14:19:18.750845+00:00,device-09,load_balancer,datacenter-east,46.16,27.21,40.44,0.0043,33.73,0.00431,48.4,healthy,0,0
2026-03-17T17:11:18.750845+00:00,device-34,load_balancer,branch-losangeles,46.4,23.74,44.22,0.1417,56.12,6e-05,44.7,healthy,0,0
2026-03-18T21:55:18.750845+00:00,device-48,firewall,datacenter-east,14.84,24.96,13.93,0.1474,36.91,0.00151,38.9,healthy,0,0
2026-03-15T23:15:18.750845+00:00,device-07,load_balancer,branch-chicago,45.85,17.55,8.92,0.0856,16.36,0.00059,37.6,healthy,0,0
2026-03-15T19:27:18.750845+00:00,device-34,router,datacenter-west,37.96,26.76,12.82,0.0668,29.27,0.00211,30.8,healthy,0,0
2026-03-13T13:07:18.750845+00:00,device-26,server,datacenter-west,33.13,16.47,34.39,0.0441,15.55,0.00295,32.6,healthy,0,0
2026-03-25T08:30:18.750845+00:00,device-37,server,datacenter-west,98.91,75.08,114.25,1.1682,87.51,0.0295,77.1,high_cpu,1,1
2026-03-13T07:17:18.750845+00:00,device-42,firewall,datacenter-west,25.82,46.49,21.01,0.1481,56.82,0.00029,47.2,healthy,0,0
2026-03-20T22:03:18.750845+00:00,device-46,firewall,branch-chicago,96.2,95.09,2087.29,37.6671,99.94,0.49229,82.4,ddos_attack,5,1
2026-03-16T15:51:18.750845+00:00,device-23,load_balancer,branch-losangeles,6.67,40.23,22.47,0.2304,18.69,0.00147,30.3,healthy,0,0
2026-03-21T06:29:18.750845+00:00,device-26,firewall,datacenter-central,26.35,17.53,13.18,0.0705,11.3,0.00385,38.8,healthy,0,0
2026-03-13T10:43:18.750845+00:00,device-25,load_balancer,branch-newyork,58.09,17.12,42.1,0.2039,35.86,0.00104,30.1,healthy,0,0
2026-03-16T15:37:18.750845+00:00,device-06,switch,datacenter-west,13.5,19.16,13.41,0.0016,41.05,0.00238,37.6,healthy,0,0
2026-03-15T13:05:18.750845+00:00,device-01,server,branch-losangeles,60.91,22.15,35.87,0.1969,35.64,0.00335,30.4,healthy,0,0
2026-03-19T10:51:18.750845+00:00,device-44,server,datacenter-east,36.56,39.56,20.75,0.0551,17.1,0.00419,41.0,healthy,0,0
2026-03-16T19:11:18.750845+00:00,device-16,switch,datacenter-east,39.68,37.15,37.27,0.2108,27.14,0.00121,32.8,healthy,0,0
2026-03-17T22:31:18.750845+00:00,device-14,router,datacenter-west,31.47,50.57,33.33,0.1319,28.25,0.00247,41.6,healthy,0,0
2026-03-20T03:49:18.750845+00:00,device-20,router,datacenter-west,79.2,62.92,2971.72,18.6385,76.86,0.39208,62.7,bgp_flapping,4,1
2026-03-15T14:13:18.750845+00:00,device-46,firewall,datacenter-central,27.99,64.55,12.3,0.0174,40.02,0.00444,49.5,healthy,0,0
2026-03-18T16:41:18.750845+00:00,device-16,server,datacenter-west,16.27,42.05,10.85,0.279,23.49,0.00477,44.9,healthy,0,0
2026-03-22T00:32:18.750845+00:00,device-40,router,datacenter-east,74.62,67.61,2063.96,24.5024,76.11,0.37203,57.7,bgp_flapping,4,1
2026-03-12T17:47:18.750845+00:00,device-11,firewall,branch-chicago,64.42,26.63,4.83,0.1069,32.2,0.00124,47.4,healthy,0,0
2026-03-18T02:26:18.750845+00:00,device-05,switch,datacenter-west,40.12,48.02,953.81,31.8268,59.0,0.13611,35.4,packet_loss,3,1
2026-03-23T17:06:18.750845+00:00,device-30,router,branch-chicago,90.6,71.19,1064.1,24.2377,65.3,0.16073,64.9,bgp_flapping,4,1
2026-03-14T16:15:18.750845+00:00,device-16,load_balancer,branch-losangeles,60.95,36.2,41.77,0.2763,57.39,0.00431,40.3,healthy,0,0
2026-03-16T08:48:18.750845+00:00,device-41,server,datacenter-west,70.79,97.16,426.18,3.0198,68.54,0.03542,66.0,memory_exhaustion,2,1
2026-03-15T09:11:18.750845+00:00,device-25,router,datacenter-east,30.2,17.59,23.45,0.274,9.93,0.00494,44.9,healthy,0,0
2026-03-13T21:47:18.750845+00:00,device-20,router,branch-losangeles,32.05,24.11,34.52,0.2586,11.47,0.001,31.8,healthy,0,0
2026-03-15T16:03:18.750845+00:00,device-30,switch,datacenter-central,56.06,24.72,6.77,0.2194,35.05,0.00356,40.4,healthy,0,0
2026-03-14T06:15:18.750845+00:00,device-38,firewall,datacenter-central,56.88,19.5,32.56,0.2336,5.47,0.00051,31.6,healthy,0,0
2026-03-22T09:51:18.750845+00:00,device-22,load_balancer,datacenter-west,29.88,38.56,35.7,0.2471,61.0,0.00442,42.4,healthy,0,0
2026-03-21T13:19:18.750845+00:00,device-47,router,branch-losangeles,9.98,30.71,6.66,0.2278,44.21,0.00236,46.2,healthy,0,0
2026-03-18T09:25:18.750845+00:00,device-06,server,branch-losangeles,29.91,24.14,15.02,0.1635,62.92,0.00111,31.4,healthy,0,0
2026-03-18T16:01:18.750845+00:00,device-31,load_balancer,branch-losangeles,33.52,55.83,33.23,0.1361,13.41,0.00377,48.1,healthy,0,0
2026-03-16T17:27:18.750845+00:00,device-32,load_balancer,branch-losangeles,43.92,37.4,30.95,0.065,9.7,0.00227,43.4,healthy,0,0
2026-03-13T03:54:18.750845+00:00,device-30,load_balancer,branch-chicago,98.32,95.76,4971.95,20.4294,96.63,0.72936,67.6,ddos_attack,5,1
2026-03-20T16:37:18.750845+00:00,device-14,switch,datacenter-west,31.29,43.28,28.67,0.135,14.91,0.0018,42.8,healthy,0,0
2026-03-16T11:59:18.750845+00:00,device-14,load_balancer,datacenter-west,42.37,60.03,19.13,0.2147,35.46,0.00066,45.8,healthy,0,0
2026-03-16T05:19:18.750845+00:00,device-40,switch,datacenter-central,21.34,58.55,43.13,0.19,33.78,0.00268,48.8,healthy,0,0
2026-03-22T09:49:18.750845+00:00,device-40,switch,branch-chicago,44.47,32.14,43.51,0.1839,13.65,0.00091,44.8,healthy,0,0
2026-03-22T17:27:18.750845+00:00,device-01,switch,datacenter-west,38.91,44.76,26.49,0.2555,25.4,0.0023,31.4,healthy,0,0
2026-03-19T09:23:18.750845+00:00,device-02,firewall,datacenter-west,95.35,87.75,4727.42,36.3841,97.62,0.37703,72.3,ddos_attack,5,1
2026-03-22T00:13:18.750845+00:00,device-09,switch,branch-losangeles,55.85,40.32,9.45,0.1833,41.6,0.00418,48.6,healthy,0,0
2026-03-19T20:15:18.750845+00:00,device-20,load_balancer,datacenter-central,14.59,45.95,33.12,0.1585,39.84,0.00263,34.6,healthy,0,0
2026-03-19T14:11:18.750845+00:00,device-32,firewall,branch-newyork,91.94,86.23,2353.66,27.1689,98.61,0.51894,68.3,ddos_attack,5,1
2026-03-12T21:45:18.750845+00:00,device-46,firewall,datacenter-central,48.64,55.01,9.44,0.0747,56.09,0.00251,30.2,healthy,0,0
2026-03-16T05:35:18.750845+00:00,device-42,load_balancer,datacenter-west,60.35,53.59,40.8,0.2203,32.55,0.00423,49.8,healthy,0,0
2026-03-13T17:43:18.750845+00:00,device-01,load_balancer,branch-newyork,61.67,60.27,26.2,0.1998,55.99,0.00453,34.3,healthy,0,0
2026-03-16T10:27:18.750845+00:00,device-17,switch,datacenter-west,31.92,49.1,20.31,0.0026,35.66,0.00378,36.2,healthy,0,0
2026-03-17T10:07:18.750845+00:00,device-50,router,branch-losangeles,22.94,42.72,11.06,0.0724,63.83,0.00477,45.9,healthy,0,0
2026-03-13T11:49:18.750845+00:00,device-15,router,branch-newyork,36.54,17.64,23.27,0.2288,16.79,0.00138,34.9,healthy,0,0
2026-03-12T22:03:18.750845+00:00,device-07,switch,branch-chicago,23.03,49.16,24.22,0.2397,24.01,0.00335,42.7,healthy,0,0
2026-03-20T08:29:18.750845+00:00,device-09,load_balancer,datacenter-central,57.72,12.98,16.04,0.1949,47.83,7e-05,40.0,healthy,0,0
2026-03-15T18:35:18.750845+00:00,device-35,firewall,branch-losangeles,53.03,19.35,4.24,0.1541,5.92,0.00378,44.3,healthy,0,0
2026-03-20T01:59:18.750845+00:00,device-10,router,datacenter-east,8.68,68.7,16.69,0.2105,24.17,0.00102,44.7,healthy,0,0
2026-03-21T22:27:18.750845+00:00,device-04,switch,datacenter-central,62.45,34.29,11.32,0.1781,11.54,0.0009,43.1,healthy,0,0
2026-03-18T06:57:18.750845+00:00,device-35,load_balancer,branch-losangeles,40.42,29.51,10.36,0.0409,44.2,0.0022,40.3,healthy,0,0
2026-03-12T06:33:18.750845+00:00,device-34,router,branch-chicago,48.49,48.9,41.94,0.273,27.16,0.00496,35.1,healthy,0,0
2026-03-18T02:09:18.750845+00:00,device-32,switch,datacenter-east,31.93,68.62,9.08,0.0038,12.28,0.00264,36.7,healthy,0,0
2026-03-20T03:25:18.750845+00:00,device-11,firewall,branch-losangeles,58.28,59.82,9.27,0.1423,63.95,0.00269,42.7,healthy,0,0
2026-03-15T05:09:18.750845+00:00,device-29,router,datacenter-central,11.78,56.08,33.64,0.2688,51.28,0.00451,32.7,healthy,0,0
2026-03-13T23:35:18.750845+00:00,device-44,server,branch-losangeles,49.12,64.3,37.21,0.0298,29.01,0.00416,41.3,healthy,0,0
2026-03-22T10:49:18.750845+00:00,device-24,router,datacenter-central,45.75,60.12,44.64,0.2829,64.21,0.00297,44.4,healthy,0,0
2026-03-20T17:37:18.750845+00:00,device-43,switch,branch-chicago,13.51,32.3,2.43,0.0261,53.79,0.00357,32.7,healthy,0,0
2026-03-13T22:17:18.750845+00:00,device-32,firewall,datacenter-west,54.12,41.19,27.9,0.1313,40.8,0.00467,37.4,healthy,0,0
2026-03-18T09:49:18.750845+00:00,device-10,firewall,datacenter-west,46.46,67.68,36.91,0.2483,48.9,0.00353,40.3,healthy,0,0
2026-03-21T20:35:18.750845+00:00,device-50,load_balancer,datacenter-west,54.0,35.73,44.47,0.2651,42.53,0.0007,39.2,healthy,0,0
2026-03-14T22:01:18.750845+00:00,device-45,switch,datacenter-west,52.26,27.85,13.57,0.2247,12.43,0.00496,47.7,healthy,0,0
2026-03-19T10:07:18.750845+00:00,device-20,switch,datacenter-west,18.38,16.85,4.49,0.0235,44.22,0.00021,43.2,healthy,0,0
2026-03-18T15:49:18.750845+00:00,device-27,firewall,datacenter-central,47.65,52.7,22.46,0.2316,41.61,0.00497,33.1,healthy,0,0
2026-03-22T20:21:18.750845+00:00,device-26,server,datacenter-east,14.42,12.06,34.49,0.2017,42.76,0.00049,44.1,healthy,0,0
2026-03-19T22:31:18.750845+00:00,device-37,load_balancer,datacenter-central,28.13,67.51,32.01,0.102,52.07,0.00188,49.4,healthy,0,0
2026-03-12T19:47:18.750845+00:00,device-37,switch,datacenter-east,35.78,22.36,37.79,0.0979,58.55,0.00115,45.6,healthy,0,0
2026-03-16T03:33:18.750845+00:00,device-28,firewall,branch-newyork,34.44,40.77,15.39,0.0562,23.38,0.00401,47.7,healthy,0,0
2026-03-14T19:55:18.750845+00:00,device-13,switch,branch-chicago,16.72,41.45,20.61,0.0441,15.49,0.00221,36.3,healthy,0,0
2026-03-12T02:43:18.750845+00:00,device-15,router,datacenter-central,17.01,49.37,3.66,0.0639,49.27,0.00202,35.3,healthy,0,0
2026-03-13T15:41:18.750845+00:00,device-41,router,branch-losangeles,62.1,64.21,17.82,0.0584,25.43,0.00427,45.7,healthy,0,0
2026-03-12T13:01:18.750845+00:00,device-24,switch,branch-losangeles,18.15,31.81,25.81,0.2484,25.4,0.00173,48.1,healthy,0,0
2026-03-15T04:51:18.750845+00:00,device-10,switch,branch-newyork,29.74,57.63,8.6,0.2857,22.46,0.00163,34.9,healthy,0,0
2026-03-13T07:45:18.750845+00:00,device-26,router,branch-chicago,40.68,41.44,39.85,0.0717,44.74,0.0001,46.8,healthy,0,0
2026-03-14T21:49:18.750845+00:00,device-21,server,branch-chicago,41.02,49.45,23.95,0.0119,37.84,0.00195,41.0,healthy,0,0
2026-03-14T06:47:18.750845+00:00,device-21,router,datacenter-central,63.94,19.87,12.67,0.2702,60.2,0.00413,49.8,healthy,0,0
2026-03-16T04:19:18.750845+00:00,device-01,firewall,branch-losangeles,95.7,84.0,3308.28,27.145,95.2,0.54483,78.5,ddos_attack,5,1
2026-03-12T22:21:18.750845+00:00,device-29,firewall,branch-chicago,34.95,62.3,20.16,0.0554,9.89,0.00216,37.7,healthy,0,0
2026-03-21T13:59:18.750845+00:00,device-13,load_balancer,branch-losangeles,26.79,39.25,16.36,0.1689,23.02,0.00162,34.5,healthy,0,0
2026-03-14T04:57:18.750845+00:00,device-03,load_balancer,branch-newyork,47.95,26.75,15.05,0.1546,37.92,0.00294,41.1,healthy,0,0
2026-03-20T15:15:18.750845+00:00,device-20,router,datacenter-central,56.45,53.27,44.73,0.1521,20.06,0.00181,44.1,healthy,0,0
2026-03-17T14:17:18.750845+00:00,device-50,load_balancer,datacenter-east,5.32,33.21,8.86,0.1493,40.93,0.00258,49.8,healthy,0,0
2026-03-13T06:07:18.750845+00:00,device-38,firewall,branch-losangeles,42.72,52.52,8.73,0.0186,44.01,0.00497,34.2,healthy,0,0
2026-03-22T18:45:18.750845+00:00,device-22,firewall,branch-chicago,44.31,36.0,37.75,0.2206,15.47,0.00493,47.4,healthy,0,0
2026-03-13T10:16:18.750845+00:00,device-23,router,datacenter-central,87.52,73.96,124.13,0.973,85.26,0.03915,66.1,high_cpu,1,1
2026-03-22T12:31:18.750845+00:00,device-46,firewall,branch-losangeles,28.5,37.7,33.03,0.1514,18.02,0.00199,41.6,healthy,0,0
2026-03-20T13:03:18.750845+00:00,device-26,firewall,datacenter-west,26.49,31.19,9.14,0.2657,33.04,0.00374,32.6,healthy,0,0
2026-03-19T08:35:18.750845+00:00,device-34,router,branch-losangeles,78.13,79.02,1347.54,34.868,92.1,0.19925,59.1,bgp_flapping,4,1
2026-03-15T19:07:18.750845+00:00,device-43,switch,branch-losangeles,15.56,50.21,43.41,0.241,35.95,0.00325,44.1,healthy,0,0
2026-03-24T07:08:18.750845+00:00,device-47,switch,branch-chicago,38.47,40.24,312.31,28.8587,66.47,0.05708,44.6,packet_loss,3,1
2026-03-13T03:47:18.750845+00:00,device-23,router,branch-chicago,26.08,10.62,41.46,0.1341,53.75,0.00397,34.6,healthy,0,0
2026-03-17T16:03:18.750845+00:00,device-08,firewall,datacenter-west,22.23,52.46,27.43,0.2554,40.59,0.00358,42.9,healthy,0,0
2026-03-21T19:57:18.750845+00:00,device-24,server,datacenter-west,61.86,57.49,27.6,0.0336,34.22,0.00323,49.1,healthy,0,0
2026-03-13T07:21:18.750845+00:00,device-24,load_balancer,branch-chicago,32.89,38.36,37.52,0.1667,61.5,0.0022,49.2,healthy,0,0
2026-03-22T14:43:18.750845+00:00,device-08,router,datacenter-east,48.06,42.41,3.35,0.1269,25.74,0.00421,34.1,healthy,0,0
2026-03-22T08:15:18.750845+00:00,device-02,switch,datacenter-east,44.47,48.65,10.8,0.2164,58.71,0.00073,46.7,healthy,0,0
2026-03-13T21:43:18.750845+00:00,device-14,load_balancer,branch-newyork,34.57,61.67,31.07,0.0257,33.64,0.00093,30.4,healthy,0,0
2026-03-20T14:21:18.750845+00:00,device-07,server,branch-newyork,61.26,35.11,22.58,0.0826,62.47,0.00448,42.8,healthy,0,0
2026-03-22T11:33:18.750845+00:00,device-11,firewall,datacenter-central,26.71,56.85,7.96,0.2591,58.98,0.00264,35.3,healthy,0,0
2026-03-15T02:37:18.750845+00:00,device-49,load_balancer,branch-chicago,97.15,84.82,3286.7,30.3198,95.48,0.60958,76.6,ddos_attack,5,1
2026-03-15T08:31:18.750845+00:00,device-15,server,branch-newyork,48.02,95.54,390.27,5.3478,58.98,0.02155,62.1,memory_exhaustion,2,1
2026-03-19T11:07:18.750845+00:00,device-39,switch,branch-newyork,33.86,52.13,22.65,0.2583,34.79,0.00385,47.4,healthy,0,0
2026-03-22T16:03:18.750845+00:00,device-38,server,datacenter-west,98.51,72.59,192.52,2.2643,87.46,0.0331,74.9,high_cpu,1,1
2026-03-25T21:40:18.750845+00:00,device-45,switch,datacenter-central,40.62,26.4,1027.65,20.4637,35.72,0.18282,53.3,packet_loss,3,1
2026-03-20T02:55:18.750845+00:00,device-02,switch,branch-chicago,20.91,18.78,7.73,0.0688,34.57,0.00103,33.9,healthy,0,0
2026-03-12T20:41:18.750845+00:00,device-47,load_balancer,branch-newyork,33.33,53.59,40.61,0.1064,13.35,0.00333,39.6,healthy,0,0
2026-03-15T15:45:18.750845+00:00,device-22,load_balancer,branch-newyork,38.44,46.33,23.46,0.1054,58.57,0.00351,38.3,healthy,0,0
2026-03-20T15:13:18.750845+00:00,device-24,firewall,datacenter-central,41.56,33.25,31.21,0.1147,43.8,0.00075,30.9,healthy,0,0
2026-03-20T06:12:18.750845+00:00,device-36,switch,branch-losangeles,52.64,36.77,1736.66,11.1199,42.76,0.24817,37.5,packet_loss,3,1
2026-03-16T20:21:18.750845+00:00,device-01,router,datacenter-west,61.78,55.12,13.82,0.0234,50.14,0.00293,47.1,healthy,0,0
2026-03-12T17:57:18.750845+00:00,device-35,router,branch-losangeles,50.46,38.68,39.72,0.0215,63.95,0.00089,32.1,healthy,0,0
2026-03-17T02:05:18.750845+00:00,device-22,server,branch-newyork,45.71,28.01,11.71,0.2623,63.09,0.00059,39.2,healthy,0,0
2026-03-19T14:47:18.750845+00:00,device-50,router,branch-losangeles,20.29,52.02,1969.22,37.9688,42.33,0.14805,38.1,packet_loss,3,1
2026-03-19T18:01:18.750845+00:00,device-41,load_balancer,datacenter-west,45.04,52.88,31.17,0.0762,24.36,0.00368,33.5,healthy,0,0
2026-03-21T11:53:18.750845+00:00,device-50,router,datacenter-east,44.36,68.78,29.61,0.0694,34.94,0.00476,32.8,healthy,0,0
2026-03-18T23:23:18.750845+00:00,device-05,load_balancer,datacenter-east,54.22,26.46,42.29,0.118,41.72,0.00358,44.5,healthy,0,0
2026-03-24T23:52:18.750845+00:00,device-08,switch,branch-chicago,44.2,37.11,1582.67,21.5269,45.87,0.19376,39.8,packet_loss,3,1
2026-03-22T09:05:18.750845+00:00,device-40,load_balancer,datacenter-central,21.1,26.46,18.85,0.0234,19.87,0.00171,43.9,healthy,0,0
2026-03-12T16:59:18.750845+00:00,device-20,switch,datacenter-east,38.47,57.31,3.42,0.2688,30.07,0.00394,35.9,healthy,0,0
2026-03-23T19:22:18.750845+00:00,device-05,switch,branch-losangeles,60.42,92.7,297.31,4.0197,67.75,0.06503,65.7,memory_exhaustion,2,1
2026-03-14T15:34:18.750845+00:00,device-41,server,branch-chicago,57.36,95.61,153.98,1.4785,54.41,0.06604,68.1,memory_exhaustion,2,1
2026-03-19T08:25:18.750845+00:00,device-27,server,branch-newyork,86.77,78.77,294.04,1.9824,79.23,0.0135,67.9,high_cpu,1,1
2026-03-22T00:01:18.750845+00:00,device-28,switch,branch-chicago,22.23,28.81,24.14,0.1414,59.94,0.00167,36.2,healthy,0,0
2026-03-19T19:33:18.750845+00:00,device-28,router,datacenter-east,91.87,64.2,160.52,0.8181,73.7,0.02223,60.5,high_cpu,1,1
2026-03-15T18:09:18.750845+00:00,device-44,server,branch-newyork,98.07,60.25,107.6,2.8303,79.81,0.03668,64.4,high_cpu,1,1
2026-03-22T21:35:18.750845+00:00,device-42,server,branch-chicago,20.11,53.42,24.0,0.0036,33.63,0.00192,49.8,healthy,0,0
2026-03-12T14:23:18.750845+00:00,device-10,firewall,datacenter-east,51.25,10.67,19.2,0.1708,17.83,0.00257,40.8,healthy,0,0
2026-03-21T22:33:18.750845+00:00,device-34,firewall,datacenter-west,16.63,41.55,13.42,0.1758,18.97,0.00078,47.8,healthy,0,0
2026-03-12T03:41:18.750845+00:00,device-39,switch,branch-newyork,42.17,90.82,300.32,1.1323,57.53,0.02851,60.0,memory_exhaustion,2,1
2026-03-22T05:03:18.750845+00:00,device-10,switch,branch-chicago,47.47,44.22,1754.58,24.3585,46.81,0.28252,41.4,packet_loss,3,1
2026-03-18T22:53:18.750845+00:00,device-36,switch,datacenter-east,12.17,54.22,23.16,0.268,21.01,0.00229,39.6,healthy,0,0
2026-03-17T01:01:18.750845+00:00,device-02,firewall,branch-chicago,56.74,66.89,31.88,0.2948,56.73,0.00261,48.8,healthy,0,0
2026-03-13T07:19:18.750845+00:00,device-49,router,branch-losangeles,85.78,85.92,2933.42,16.4984,64.92,0.28487,65.1,bgp_flapping,4,1
2026-03-14T16:41:18.750845+00:00,device-13,load_balancer,datacenter-east,5.26,16.85,35.63,0.0588,34.17,0.00385,45.8,healthy,0,0
2026-03-23T04:26:18.750845+00:00,device-19,switch,datacenter-central,39.31,48.88,436.84,22.7849,68.76,0.13573,38.8,packet_loss,3,1
2026-03-20T09:39:18.750845+00:00,device-04,router,branch-losangeles,33.66,55.81,1279.86,28.4122,32.74,0.09557,40.1,packet_loss,3,1
2026-03-14T00:39:18.750845+00:00,device-37,server,datacenter-central,28.98,17.1,15.88,0.2797,37.57,0.00089,46.3,healthy,0,0
2026-03-15T17:03:18.750845+00:00,device-32,router,datacenter-east,43.61,19.32,27.77,0.2043,11.52,0.00331,38.4,healthy,0,0
2026-03-12T17:31:18.750845+00:00,device-47,firewall,datacenter-central,33.19,18.82,35.89,0.0475,8.35,0.00381,42.3,healthy,0,0
2026-03-15T12:21:18.750845+00:00,device-42,load_balancer,branch-newyork,47.66,51.46,32.7,0.1082,51.73,7e-05,46.9,healthy,0,0
2026-03-22T01:31:18.750845+00:00,device-18,server,datacenter-west,63.76,42.35,34.56,0.0879,40.64,0.00219,44.6,healthy,0,0
2026-03-17T12:39:18.750845+00:00,device-41,router,datacenter-central,38.33,28.62,1.63,0.2957,50.11,0.0014,48.7,healthy,0,0
2026-03-16T03:05:18.750845+00:00,device-18,switch,branch-newyork,6.88,20.73,14.67,0.0264,43.94,0.00482,43.9,healthy,0,0
2026-03-20T21:35:18.750845+00:00,device-46,router,branch-chicago,23.3,20.68,8.13,0.0558,23.61,0.00169,43.5,healthy,0,0
2026-03-20T07:07:18.750845+00:00,device-44,server,branch-losangeles,74.05,90.82,167.72,4.4372,56.0,0.09334,57.8,memory_exhaustion,2,1
2026-03-14T11:53:18.750845+00:00,device-46,firewall,branch-chicago,46.93,59.61,15.74,0.0743,8.45,0.00165,33.4,healthy,0,0
2026-03-18T00:51:18.750845+00:00,device-09,router,branch-chicago,48.77,43.58,27.47,0.2145,45.17,0.00121,42.8,healthy,0,0
2026-03-15T12:43:18.750845+00:00,device-43,server,datacenter-west,13.96,22.39,1.09,0.1411,35.22,0.00408,37.2,healthy,0,0
2026-03-12T02:01:18.750845+00:00,device-46,switch,branch-losangeles,6.75,65.17,20.68,0.2267,28.16,0.00294,31.8,healthy,0,0
2026-03-12T22:45:18.750845+00:00,device-31,server,datacenter-east,35.5,67.64,35.42,0.2931,62.06,0.00113,38.7,healthy,0,0
2026-03-15T03:27:18.750845+00:00,device-34,load_balancer,branch-losangeles,93.13,87.24,1513.28,45.7154,99.4,0.7777,71.8,ddos_attack,5,1
2026-03-19T00:07:18.750845+00:00,device-29,router,branch-losangeles,6.53,34.45,39.25,0.0262,63.09,0.00254,35.5,healthy,0,0
2026-03-17T20:35:18.750845+00:00,device-46,load_balancer,branch-newyork,26.73,18.76,36.15,0.1293,10.14,0.00245,37.1,healthy,0,0
2026-03-14T19:21:18.750845+00:00,device-25,server,datacenter-central,23.07,65.84,14.73,0.1042,24.05,0.00419,48.6,healthy,0,0
2026-03-14T01:27:18.750845+00:00,device-14,switch,branch-newyork,47.9,52.71,1229.7,14.0758,36.37,0.06152,45.0,packet_loss,3,1
2026-03-20T17:43:18.750845+00:00,device-10,firewall,branch-losangeles,18.02,41.77,32.55,0.2712,58.94,0.0037,30.9,healthy,0,0
2026-03-16T17:07:18.750845+00:00,device-23,firewall,branch-newyork,54.87,36.1,42.83,0.067,20.13,0.00481,43.1,healthy,0,0
2026-03-16T01:23:18.750845+00:00,device-38,server,datacenter-west,56.31,34.66,25.4,0.0508,24.41,0.00413,38.6,healthy,0,0
2026-03-20T02:21:18.750845+00:00,device-03,router,datacenter-east,13.21,22.79,40.31,0.1692,63.39,0.00443,32.3,healthy,0,0
2026-03-13T19:03:18.750845+00:00,device-12,switch,branch-losangeles,16.06,54.76,9.14,0.2494,12.3,0.00494,48.3,healthy,0,0
2026-03-22T00:07:18.750845+00:00,device-04,switch,branch-chicago,5.36,35.88,6.25,0.118,45.48,0.00471,39.2,healthy,0,0
2026-03-14T10:29:18.750845+00:00,device-28,load_balancer,datacenter-west,15.84,35.96,27.41,0.2789,58.75,0.00423,37.8,healthy,0,0
2026-03-21T21:09:18.750845+00:00,device-23,server,branch-chicago,61.51,64.77,12.08,0.1429,19.14,0.00354,35.1,healthy,0,0
2026-03-22T05:21:18.750845+00:00,device-23,router,branch-losangeles,90.57,79.79,274.4,0.8317,81.07,0.02774,78.5,high_cpu,1,1
2026-03-14T15:19:18.750845+00:00,device-33,switch,datacenter-east,52.97,21.7,20.0,0.021,39.18,0.00074,39.7,healthy,0,0
2026-03-17T11:19:18.750845+00:00,device-22,load_balancer,branch-chicago,56.61,54.44,40.12,0.0951,15.21,0.00442,42.0,healthy,0,0
2026-03-16T17:41:18.750845+00:00,device-40,firewall,datacenter-east,92.62,81.49,2302.05,23.3315,95.3,0.23732,80.2,ddos_attack,5,1
2026-03-19T09:51:18.750845+00:00,device-08,router,datacenter-west,46.49,55.88,43.91,0.1132,24.83,9e-05,49.1,healthy,0,0
2026-03-18T11:15:18.750845+00:00,device-46,load_balancer,branch-chicago,7.04,34.72,42.76,0.2823,22.76,0.00234,30.8,healthy,0,0
2026-03-16T03:45:18.750845+00:00,device-29,load_balancer,branch-losangeles,30.99,21.56,15.57,0.2393,9.78,9e-05,30.2,healthy,0,0
2026-03-21T04:39:18.750845+00:00,device-39,load_balancer,branch-losangeles,53.64,53.08,43.39,0.0737,55.04,0.00012,31.5,healthy,0,0
2026-03-22T04:58:18.750845+00:00,device-10,server,datacenter-west,57.23,89.35,140.72,1.4376,54.78,0.0511,57.7,memory_exhaustion,2,1
2026-03-15T10:15:18.750845+00:00,device-18,switch,branch-losangeles,47.65,42.55,39.1,0.1473,51.1,0.00197,33.0,healthy,0,0
2026-03-21T01:31:18.750845+00:00,device-14,switch,branch-losangeles,57.12,25.01,12.41,0.2932,62.47,0.00014,46.6,healthy,0,0
2026-03-19T12:53:18.750845+00:00,device-46,switch,branch-losangeles,74.31,94.12,285.63,7.8649,54.19,0.06505,68.4,memory_exhaustion,2,1
2026-03-17T11:45:18.750845+00:00,device-18,server,branch-losangeles,45.28,50.18,35.29,0.1865,35.09,0.00487,33.6,healthy,0,0
2026-03-22T12:42:18.750845+00:00,device-01,router,branch-losangeles,93.74,80.51,858.62,28.1253,84.07,0.26461,65.9,bgp_flapping,4,1
2026-03-19T12:55:18.750845+00:00,device-19,load_balancer,datacenter-central,43.28,55.9,24.29,0.1254,47.95,0.00037,36.2,healthy,0,0
2026-03-12T02:47:18.750845+00:00,device-50,load_balancer,branch-losangeles,28.89,46.52,2.19,0.1106,7.74,0.00229,37.7,healthy,0,0
2026-03-13T13:27:18.750845+00:00,device-43,server,datacenter-central,27.41,50.81,2.46,0.2456,59.05,0.00361,35.9,healthy,0,0
2026-03-22T00:59:18.750845+00:00,device-12,firewall,branch-losangeles,7.19,42.27,5.6,0.0562,43.69,0.00122,39.5,healthy,0,0
2026-03-21T16:09:18.750845+00:00,device-26,switch,branch-chicago,52.59,46.56,7.42,0.2243,25.78,0.00462,34.7,healthy,0,0
2026-03-17T13:01:18.750845+00:00,device-02,switch,datacenter-west,48.91,38.21,238.55,22.2551,63.72,0.26699,47.9,packet_loss,3,1
2026-03-18T09:35:18.750845+00:00,device-33,router,datacenter-east,35.59,15.04,35.43,0.172,37.12,0.00151,45.3,healthy,0,0
2026-03-18T10:03:18.750845+00:00,device-15,router,branch-newyork,78.02,89.1,2551.79,26.5211,66.65,0.34985,63.2,bgp_flapping,4,1
2026-03-19T02:00:18.750845+00:00,device-27,router,datacenter-east,91.66,83.06,2242.59,23.9613,81.41,0.19722,60.9,bgp_flapping,4,1
2026-03-16T08:15:18.750845+00:00,device-17,firewall,datacenter-central,40.19,61.33,7.43,0.0988,25.2,0.00306,38.9,healthy,0,0
2026-03-15T14:17:18.750845+00:00,device-12,router,datacenter-central,30.19,64.99,12.07,0.1842,10.42,0.00159,43.7,healthy,0,0
2026-03-21T17:25:18.750845+00:00,device-20,load_balancer,datacenter-east,23.79,54.51,35.85,0.2588,8.29,0.00483,49.7,healthy,0,0
2026-03-22T09:39:18.750845+00:00,device-09,firewall,branch-losangeles,56.33,60.57,1.43,0.1449,58.41,0.00427,37.5,healthy,0,0
2026-03-14T07:51:18.750845+00:00,device-43,switch,branch-chicago,17.37,21.03,44.82,0.1413,16.65,0.00046,43.8,healthy,0,0
2026-03-17T00:23:18.750845+00:00,device-05,load_balancer,branch-losangeles,6.95,43.28,3.08,0.1449,54.29,0.00282,46.1,healthy,0,0
2026-03-17T21:23:18.750845+00:00,device-15,firewall,branch-newyork,10.75,58.86,18.21,0.1375,38.64,0.00354,41.6,healthy,0,0
2026-03-21T01:35:18.750845+00:00,device-36,firewall,branch-losangeles,60.4,21.18,8.0,0.29,61.52,0.00218,32.5,healthy,0,0
2026-03-12T04:21:18.750845+00:00,device-24,switch,branch-losangeles,56.21,18.9,41.48,0.2296,18.46,0.00464,33.0,healthy,0,0
2026-03-14T03:39:18.750845+00:00,device-23,router,branch-newyork,43.25,48.62,12.51,0.1073,37.92,0.00167,39.4,healthy,0,0
2026-03-19T06:19:18.750845+00:00,device-38,switch,datacenter-west,39.02,37.22,32.96,0.1261,9.8,0.00392,46.8,healthy,0,0
2026-03-21T19:10:18.750845+00:00,device-37,router,branch-newyork,92.08,83.09,201.0,2.0082,71.85,0.03219,71.1,high_cpu,1,1
2026-03-19T07:47:18.750845+00:00,device-08,firewall,datacenter-east,35.51,47.63,36.37,0.2607,62.47,0.00032,37.1,healthy,0,0
2026-03-18T03:39:18.750845+00:00,device-32,switch,branch-chicago,22.53,14.96,19.76,0.2081,20.01,0.00276,49.2,healthy,0,0
2026-03-19T04:31:18.750845+00:00,device-16,load_balancer,datacenter-central,47.79,60.91,4.37,0.2588,54.68,0.00073,47.4,healthy,0,0
2026-03-13T20:27:18.750845+00:00,device-46,server,branch-chicago,15.75,62.8,43.55,0.0735,62.24,0.00251,45.6,healthy,0,0
2026-03-13T04:45:18.750845+00:00,device-15,firewall,datacenter-west,17.66,12.91,1.32,0.1945,54.41,0.00258,33.8,healthy,0,0
2026-03-21T00:01:18.750845+00:00,device-10,switch,datacenter-east,20.15,62.27,21.55,0.2541,57.15,0.00387,30.4,healthy,0,0
2026-03-20T03:27:18.750845+00:00,device-25,server,datacenter-central,24.34,69.0,28.98,0.1669,54.47,0.00484,32.4,healthy,0,0
2026-03-19T07:43:18.750845+00:00,device-23,server,datacenter-east,57.35,67.68,35.11,0.0814,9.83,0.00343,45.7,healthy,0,0
2026-03-24T22:32:18.750845+00:00,device-28,switch,datacenter-west,38.57,37.05,691.02,14.0718,36.18,0.15779,36.0,packet_loss,3,1
2026-03-17T23:25:18.750845+00:00,device-24,firewall,datacenter-central,93.46,88.46,4223.08,48.4398,99.99,0.26641,81.5,ddos_attack,5,1
2026-03-13T07:35:18.750845+00:00,device-23,load_balancer,datacenter-central,59.95,35.25,35.01,0.0373,49.87,0.00118,33.4,healthy,0,0
2026-03-19T14:51:18.750845+00:00,device-40,router,datacenter-central,39.03,19.54,42.67,0.2829,52.46,0.0037,41.8,healthy,0,0
2026-03-18T23:15:18.750845+00:00,device-47,router,branch-losangeles,15.47,18.65,40.93,0.1717,5.34,0.00311,33.6,healthy,0,0
2026-03-24T20:46:18.750845+00:00,device-24,router,branch-newyork,80.79,69.67,1058.85,15.8425,90.82,0.33054,70.4,bgp_flapping,4,1
2026-03-20T09:07:18.750845+00:00,device-02,router,datacenter-west,18.28,29.89,42.52,0.0006,18.01,0.003,48.5,healthy,0,0
2026-03-20T02:59:18.750845+00:00,device-48,firewall,branch-newyork,59.16,32.7,36.83,0.055,15.47,0.0009,41.9,healthy,0,0
2026-03-18T12:57:18.750845+00:00,device-12,server,branch-losangeles,59.06,43.78,14.47,0.2222,51.57,0.00447,30.3,healthy,0,0
2026-03-22T17:53:18.750845+00:00,device-03,router,datacenter-east,5.65,29.31,37.15,0.2261,46.31,0.0016,41.6,healthy,0,0
2026-03-17T00:02:18.750845+00:00,device-04,router,datacenter-west,97.35,81.22,172.29,0.6623,71.81,0.03318,60.8,high_cpu,1,1
2026-03-14T04:39:18.750845+00:00,device-02,switch,datacenter-central,15.38,63.1,24.34,0.0209,59.71,0.00273,35.5,healthy,0,0
2026-03-12T07:07:18.750845+00:00,device-29,firewall,branch-chicago,47.43,33.26,8.33,0.0231,27.47,0.00093,49.3,healthy,0,0
2026-03-20T12:01:18.750845+00:00,device-26,switch,branch-losangeles,22.25,17.5,35.65,0.1316,18.1,0.00405,40.2,healthy,0,0
2026-03-20T21:57:18.750845+00:00,device-13,router,datacenter-west,7.1,35.12,25.12,0.2726,54.45,0.00125,32.3,healthy,0,0
2026-03-22T22:19:18.750845+00:00,device-31,server,branch-chicago,43.9,28.1,4.15,0.2496,38.22,0.00432,35.5,healthy,0,0
2026-03-19T18:36:18.750845+00:00,device-07,router,branch-losangeles,70.75,71.22,889.77,22.3231,61.07,0.14698,55.1,bgp_flapping,4,1
2026-03-20T21:37:18.750845+00:00,device-19,server,datacenter-east,64.89,65.96,3.65,0.2217,43.91,0.00474,46.4,healthy,0,0
2026-03-15T04:35:18.750845+00:00,device-03,switch,branch-newyork,49.52,41.71,6.16,0.2338,54.72,0.00295,37.5,healthy,0,0
2026-03-15T06:33:18.750845+00:00,device-17,load_balancer,datacenter-central,51.18,26.26,18.0,0.2234,58.03,0.00193,39.1,healthy,0,0
2026-03-22T02:45:18.750845+00:00,device-26,router,datacenter-central,89.79,76.09,269.47,0.7121,75.55,0.01937,68.7,high_cpu,1,1
2026-03-17T12:41:18.750845+00:00,device-12,router,datacenter-central,23.68,11.33,12.2,0.2082,56.16,0.0039,49.1,healthy,0,0
2026-03-23T01:47:18.750845+00:00,device-04,load_balancer,branch-chicago,56.24,54.17,29.82,0.113,47.34,0.00434,47.7,healthy,0,0
2026-03-19T12:57:18.750845+00:00,device-21,router,branch-chicago,32.77,44.61,722.04,39.8603,68.43,0.07209,39.8,packet_loss,3,1
2026-03-19T02:05:18.750845+00:00,device-26,router,datacenter-east,48.88,18.03,7.46,0.2338,57.63,0.00292,31.6,healthy,0,0
2026-03-14T01:47:18.750845+00:00,device-07,firewall,datacenter-central,45.74,14.92,23.05,0.2265,54.88,0.00094,39.8,healthy,0,0
2026-03-15T20:29:18.750845+00:00,device-14,switch,branch-losangeles,59.19,40.75,8.48,0.0712,37.33,0.00046,44.5,healthy,0,0
2026-03-19T13:09:18.750845+00:00,device-03,firewall,datacenter-central,14.83,31.62,25.41,0.2338,62.91,0.00048,44.4,healthy,0,0
2026-03-17T16:39:18.750845+00:00,device-20,server,branch-chicago,30.5,15.53,27.42,0.2291,33.95,0.00451,32.7,healthy,0,0
2026-03-13T20:57:18.750845+00:00,device-08,switch,branch-losangeles,59.22,51.42,9.96,0.0562,58.5,0.00052,36.8,healthy,0,0
2026-03-14T22:12:18.750845+00:00,device-35,firewall,branch-chicago,93.7,92.72,1071.0,23.0612,98.39,0.79714,75.3,ddos_attack,5,1
2026-03-16T10:22:18.750845+00:00,device-46,switch,datacenter-central,27.2,37.57,226.8,33.3442,53.4,0.151,35.9,packet_loss,3,1
2026-03-21T23:39:18.750845+00:00,device-07,switch,branch-losangeles,22.89,67.83,32.43,0.2399,59.58,0.00041,31.0,healthy,0,0
2026-03-12T05:57:18.750845+00:00,device-02,switch,branch-chicago,35.97,36.41,276.3,17.7851,52.66,0.18228,49.7,packet_loss,3,1
2026-03-17T14:09:18.750845+00:00,device-25,switch,branch-chicago,17.35,38.92,14.69,0.1966,57.21,0.00439,39.7,healthy,0,0
2026-03-16T23:07:18.750845+00:00,device-35,switch,branch-chicago,63.29,12.7,27.09,0.0982,49.37,0.00192,42.2,healthy,0,0
2026-03-20T13:26:18.750845+00:00,device-12,server,datacenter-central,86.54,67.4,202.72,1.1977,70.93,0.01562,66.4,high_cpu,1,1
2026-03-22T12:53:18.750845+00:00,device-22,switch,datacenter-west,48.67,56.39,25.57,0.1577,53.98,0.0039,48.6,healthy,0,0
2026-03-22T07:51:18.750845+00:00,device-44,server,datacenter-central,17.08,66.38,24.98,0.2166,47.03,3e-05,35.9,healthy,0,0
2026-03-15T22:01:18.750845+00:00,device-19,load_balancer,datacenter-central,18.23,29.98,22.24,0.1463,16.51,0.00109,37.7,healthy,0,0
2026-03-15T20:23:18.750845+00:00,device-05,switch,branch-chicago,49.2,69.08,9.91,0.1357,25.75,0.00259,33.4,healthy,0,0
2026-03-17T13:39:18.750845+00:00,device-26,load_balancer,branch-newyork,11.04,39.0,17.39,0.1007,39.66,0.00495,50.0,healthy,0,0
2026-03-17T02:39:18.750845+00:00,device-42,switch,datacenter-west,59.28,31.33,25.48,0.0892,26.84,0.00266,44.6,healthy,0,0
2026-03-20T23:21:18.750845+00:00,device-31,firewall,datacenter-west,26.31,41.63,16.6,0.0196,18.38,0.00326,30.2,healthy,0,0
2026-03-22T19:33:18.750845+00:00,device-04,firewall,datacenter-central,47.69,65.98,39.73,0.2467,63.17,0.00353,34.0,healthy,0,0
2026-03-20T04:33:18.750845+00:00,device-30,firewall,branch-newyork,57.28,37.6,33.72,0.2982,36.74,0.00058,31.2,healthy,0,0
2026-03-18T19:17:18.750845+00:00,device-18,server,datacenter-east,55.22,15.04,7.7,0.2905,20.49,0.00037,49.9,healthy,0,0
2026-03-19T20:35:18.750845+00:00,device-19,switch,datacenter-west,14.08,26.39,39.47,0.0853,33.28,0.00034,35.5,healthy,0,0
2026-03-12T07:25:18.750845+00:00,device-27,load_balancer,datacenter-central,50.8,54.87,42.2,0.1513,41.82,0.00441,33.8,healthy,0,0
2026-03-14T16:53:18.750845+00:00,device-14,firewall,branch-chicago,20.63,36.42,31.41,0.2265,52.23,0.00384,35.7,healthy,0,0
2026-03-19T22:56:18.750845+00:00,device-48,router,datacenter-west,33.51,31.38,411.85,18.8353,64.03,0.20379,38.4,packet_loss,3,1
2026-03-22T18:51:18.750845+00:00,device-49,firewall,branch-newyork,26.72,10.16,26.62,0.1529,49.46,0.005,40.3,healthy,0,0
2026-03-12T23:43:18.750845+00:00,device-35,firewall,branch-losangeles,48.72,22.69,30.21,0.2791,11.05,0.00447,42.4,healthy,0,0
2026-03-13T01:19:18.750845+00:00,device-11,server,datacenter-central,25.08,14.1,17.62,0.2515,49.34,0.00223,34.9,healthy,0,0
2026-03-22T03:43:18.750845+00:00,device-22,router,branch-newyork,7.84,13.11,25.93,0.0523,64.15,0.0028,44.3,healthy,0,0
2026-03-15T19:57:18.750845+00:00,device-49,router,datacenter-east,63.05,42.71,32.03,0.0818,23.1,0.00035,36.9,healthy,0,0
2026-03-12T08:55:18.750845+00:00,device-13,load_balancer,branch-newyork,52.18,48.31,12.43,0.1367,37.63,0.00455,39.9,healthy,0,0
2026-03-16T01:27:18.750845+00:00,device-33,server,branch-chicago,29.75,44.23,43.28,0.0912,20.6,0.00138,40.2,healthy,0,0
2026-03-22T00:23:18.750845+00:00,device-24,router,datacenter-west,63.35,45.45,9.25,0.2957,64.79,0.00278,33.7,healthy,0,0
2026-03-13T23:39:18.750845+00:00,device-09,load_balancer,branch-newyork,51.08,13.85,32.8,0.1294,6.66,0.00149,49.8,healthy,0,0
2026-03-13T11:31:18.750845+00:00,device-16,load_balancer,branch-newyork,38.78,29.81,11.02,0.0294,46.73,0.00248,44.3,healthy,0,0
2026-03-18T22:37:18.750845+00:00,device-40,server,branch-losangeles,44.74,50.28,11.43,0.1206,56.54,0.00111,43.9,healthy,0,0
2026-03-12T20:37:18.750845+00:00,device-12,firewall,datacenter-west,59.76,40.61,18.46,0.1126,39.93,0.00472,33.0,healthy,0,0
2026-03-12T14:07:18.750845+00:00,device-32,router,datacenter-west,44.42,52.51,22.37,0.1432,46.31,0.00121,34.5,healthy,0,0
2026-03-13T02:35:18.750845+00:00,device-17,switch,branch-losangeles,53.24,24.97,34.51,0.1853,56.23,0.00403,31.5,healthy,0,0
2026-03-23T04:15:18.750845+00:00,device-34,firewall,branch-losangeles,56.72,61.92,36.77,0.1674,37.52,0.00227,42.3,healthy,0,0
2026-03-19T15:49:18.750845+00:00,device-32,firewall,branch-chicago,63.24,35.26,38.78,0.071,54.01,0.00304,33.4,healthy,0,0
2026-03-19T06:43:18.750845+00:00,device-35,router,branch-chicago,36.2,63.7,38.48,0.23,63.2,0.00106,43.7,healthy,0,0
2026-03-22T00:03:18.750845+00:00,device-09,firewall,branch-newyork,42.1,16.99,34.51,0.0385,16.95,0.00412,34.9,healthy,0,0
2026-03-21T20:37:18.750845+00:00,device-25,router,branch-chicago,44.99,52.78,14.26,0.2186,53.26,0.0037,39.8,healthy,0,0
2026-03-20T04:21:18.750845+00:00,device-22,server,datacenter-west,22.42,50.53,20.06,0.2316,42.54,0.00288,36.7,healthy,0,0
2026-03-18T00:19:18.750845+00:00,device-25,firewall,branch-losangeles,13.42,48.18,41.9,0.1099,52.96,0.00143,38.4,healthy,0,0
2026-03-19T20:11:18.750845+00:00,device-46,load_balancer,branch-losangeles,95.46,93.86,4186.41,39.7699,98.58,0.35692,74.6,ddos_attack,5,1
2026-03-22T17:47:18.750845+00:00,device-07,firewall,datacenter-east,60.8,10.04,29.87,0.0798,18.96,0.00279,39.0,healthy,0,0
2026-03-14T00:31:18.750845+00:00,device-10,router,branch-losangeles,38.68,18.08,43.84,0.2454,29.54,0.00301,39.2,healthy,0,0
2026-03-18T16:09:18.750845+00:00,device-04,server,datacenter-east,67.65,96.24,489.85,1.2968,55.48,0.02092,59.6,memory_exhaustion,2,1
2026-03-17T01:53:18.750845+00:00,device-31,router,datacenter-east,8.95,49.01,27.48,0.1168,41.57,0.00292,38.5,healthy,0,0
2026-03-20T17:27:18.750845+00:00,device-18,server,datacenter-west,14.24,52.6,43.83,0.2389,45.63,0.00406,45.2,healthy,0,0
2026-03-21T15:53:18.750845+00:00,device-17,firewall,datacenter-east,57.25,59.86,12.92,0.1105,61.87,0.00037,36.4,healthy,0,0
2026-03-12T17:25:18.750845+00:00,device-14,firewall,datacenter-east,58.6,62.14,31.62,0.0135,47.72,0.00082,32.8,healthy,0,0
2026-03-12T04:33:18.750845+00:00,device-45,switch,datacenter-west,50.82,29.53,22.05,0.2432,56.36,0.00197,37.7,healthy,0,0
2026-03-25T12:31:18.750845+00:00,device-43,load_balancer,branch-newyork,92.39,97.09,4675.52,25.7478,95.82,0.66275,71.2,ddos_attack,5,1
2026-03-14T01:19:18.750845+00:00,device-34,router,branch-chicago,12.47,66.95,8.53,0.2002,52.36,0.00051,49.6,healthy,0,0
2026-03-20T04:45:18.750845+00:00,device-01,load_balancer,datacenter-east,13.07,14.1,40.02,0.111,13.32,0.00197,33.7,healthy,0,0
2026-03-17T17:35:18.750845+00:00,device-42,load_balancer,branch-newyork,98.95,90.7,4529.13,35.7607,95.87,0.20607,79.7,ddos_attack,5,1
2026-03-19T00:33:18.750845+00:00,device-27,load_balancer,branch-chicago,64.17,20.54,4.98,0.0896,16.4,0.00433,33.8,healthy,0,0
2026-03-25T21:23:18.750845+00:00,device-37,firewall,datacenter-east,94.95,89.57,1383.42,47.9658,95.83,0.61057,66.2,ddos_attack,5,1
2026-03-14T11:43:18.750845+00:00,device-20,firewall,datacenter-east,53.22,32.52,1.23,0.0991,41.75,0.00116,39.8,healthy,0,0
2026-03-23T03:03:18.750845+00:00,device-19,server,datacenter-west,62.98,98.14,448.85,6.2831,55.42,0.04817,74.4,memory_exhaustion,2,1
2026-03-16T14:32:18.750845+00:00,device-22,server,branch-chicago,44.44,98.89,326.82,1.1324,70.28,0.05111,65.7,memory_exhaustion,2,1
2026-03-16T07:45:18.750845+00:00,device-40,switch,datacenter-east,50.76,26.43,1.07,0.2354,52.85,0.00347,49.8,healthy,0,0
2026-03-23T20:26:18.750845+00:00,device-03,router,datacenter-central,25.69,33.94,1434.49,35.2176,55.75,0.24438,53.7,packet_loss,3,1
2026-03-21T14:49:18.750845+00:00,device-17,server,datacenter-east,53.65,39.01,20.74,0.1153,11.67,0.00241,38.9,healthy,0,0
2026-03-15T19:43:18.750845+00:00,device-48,switch,datacenter-west,50.59,46.37,511.93,13.4562,56.1,0.242,41.8,packet_loss,3,1
2026-03-22T22:43:18.750845+00:00,device-22,switch,datacenter-central,34.45,33.86,22.89,0.1333,14.64,0.00404,32.7,healthy,0,0
2026-03-23T01:33:18.750845+00:00,device-17,switch,branch-chicago,5.73,24.26,18.36,0.2933,57.87,0.00126,49.1,healthy,0,0
2026-03-15T10:33:18.750845+00:00,device-34,server,branch-losangeles,41.38,98.9,316.72,1.2759,79.47,0.07694,55.6,memory_exhaustion,2,1
2026-03-12T03:23:18.750845+00:00,device-30,server,datacenter-east,19.7,27.0,44.26,0.1322,22.35,0.00076,46.0,healthy,0,0
2026-03-20T15:41:18.750845+00:00,device-45,router,branch-chicago,63.7,57.97,29.55,0.166,9.07,0.00236,40.5,healthy,0,0
2026-03-13T20:12:18.750845+00:00,device-15,router,branch-newyork,89.21,84.91,226.11,1.0343,84.19,0.02654,68.1,high_cpu,1,1
2026-03-20T19:43:18.750845+00:00,device-10,router,branch-newyork,27.16,47.46,1099.42,36.4311,54.26,0.27286,42.1,packet_loss,3,1
2026-03-18T13:39:18.750845+00:00,device-24,server,branch-losangeles,19.93,68.87,27.63,0.2625,30.61,0.00204,36.1,healthy,0,0
2026-03-19T07:09:18.750845+00:00,device-33,server,datacenter-central,50.13,55.67,12.21,0.0322,32.27,0.00234,36.9,healthy,0,0
2026-03-20T07:45:18.750845+00:00,device-46,server,datacenter-east,12.95,58.57,20.2,0.1262,64.59,0.00285,47.8,healthy,0,0
2026-03-16T20:46:18.750845+00:00,device-38,router,datacenter-central,77.66,81.85,2794.3,31.9066,93.58,0.37051,70.2,bgp_flapping,4,1
2026-03-14T09:29:18.750845+00:00,device-21,server,branch-losangeles,12.08,43.0,44.82,0.1163,62.41,0.00161,33.5,healthy,0,0
2026-03-21T06:53:18.750845+00:00,device-46,load_balancer,branch-newyork,50.42,23.18,1.02,0.1634,43.22,0.00244,30.9,healthy,0,0
2026-03-22T22:41:18.750845+00:00,device-09,router,branch-newyork,6.35,48.04,9.03,0.2736,52.37,0.00492,32.2,healthy,0,0
2026-03-21T18:13:18.750845+00:00,device-16,load_balancer,datacenter-west,32.09,30.43,36.71,0.2887,20.95,0.00051,40.8,healthy,0,0
2026-03-15T20:11:18.750845+00:00,device-50,load_balancer,datacenter-east,43.96,62.95,39.27,0.2842,36.53,0.00305,36.6,healthy,0,0
2026-03-21T03:21:18.750845+00:00,device-11,router,branch-losangeles,42.74,35.24,9.33,0.0899,47.29,0.00373,45.4,healthy,0,0
2026-03-17T06:13:18.750845+00:00,device-40,router,branch-newyork,15.98,27.19,42.62,0.0167,41.75,0.00446,48.2,healthy,0,0
2026-03-15T13:07:18.750845+00:00,device-33,switch,branch-chicago,19.43,43.35,13.34,0.2821,25.21,0.0001,43.2,healthy,0,0
2026-03-16T12:29:18.750845+00:00,device-45,firewall,branch-newyork,12.43,67.07,39.97,0.1385,41.48,1e-05,36.4,healthy,0,0
2026-03-17T12:03:18.750845+00:00,device-10,server,datacenter-west,35.26,17.76,1.48,0.1907,17.96,0.00043,43.7,healthy,0,0
2026-03-17T04:21:18.750845+00:00,device-49,load_balancer,datacenter-east,6.19,35.44,12.9,0.0892,45.12,0.0009,35.6,healthy,0,0
2026-03-18T03:49:18.750845+00:00,device-23,router,branch-newyork,55.7,54.8,44.79,0.1895,28.33,0.00307,41.9,healthy,0,0
2026-03-14T01:50:18.750845+00:00,device-02,firewall,branch-losangeles,97.25,98.43,3808.1,45.9042,98.36,0.48612,77.5,ddos_attack,5,1
2026-03-18T11:19:18.750845+00:00,device-40,server,branch-chicago,63.24,54.84,40.92,0.0297,50.85,0.00381,30.5,healthy,0,0
2026-03-21T11:55:18.750845+00:00,device-24,switch,branch-losangeles,51.2,46.28,36.87,0.234,17.56,0.00419,32.5,healthy,0,0
2026-03-18T08:59:18.750845+00:00,device-24,server,datacenter-central,21.4,34.02,4.19,0.1692,16.57,0.001,49.5,healthy,0,0
2026-03-18T15:25:18.750845+00:00,device-29,load_balancer,branch-losangeles,33.53,29.15,30.37,0.0357,40.54,0.00321,36.6,healthy,0,0
2026-03-22T15:00:18.750845+00:00,device-27,switch,branch-losangeles,44.12,91.69,498.64,3.5849,63.03,0.07229,62.9,memory_exhaustion,2,1
2026-03-15T11:49:18.750845+00:00,device-50,switch,branch-losangeles,20.37,49.02,23.38,0.1197,46.36,0.00419,37.0,healthy,0,0
2026-03-20T14:09:18.750845+00:00,device-23,firewall,branch-chicago,55.4,26.64,36.29,0.0326,60.37,0.00393,49.3,healthy,0,0
2026-03-16T19:41:18.750845+00:00,device-28,router,datacenter-east,97.16,68.67,145.22,2.9199,88.32,0.04898,79.8,high_cpu,1,1
2026-03-12T10:39:18.750845+00:00,device-33,router,datacenter-central,11.95,42.5,15.41,0.0939,42.24,0.00436,48.4,healthy,0,0
2026-03-16T15:01:18.750845+00:00,device-08,load_balancer,branch-newyork,22.52,58.4,34.37,0.2,63.0,0.00015,31.8,healthy,0,0
2026-03-17T05:26:18.750845+00:00,device-23,firewall,datacenter-west,94.27,85.74,4413.21,48.6749,95.08,0.58525,82.3,ddos_attack,5,1
2026-03-18T23:31:18.750845+00:00,device-11,load_balancer,branch-newyork,91.43,83.9,4990.61,33.8974,99.87,0.60571,72.4,ddos_attack,5,1
2026-03-20T18:03:18.750845+00:00,device-30,server,datacenter-west,89.56,78.09,132.02,2.4876,82.65,0.03106,69.2,high_cpu,1,1
2026-03-12T12:52:18.750845+00:00,device-40,switch,branch-chicago,64.21,92.01,256.06,6.142,72.51,0.05061,61.7,memory_exhaustion,2,1
2026-03-21T20:23:18.750845+00:00,device-10,server,datacenter-east,57.53,35.26,5.66,0.2759,56.86,0.00057,37.9,healthy,0,0
2026-03-15T09:33:18.750845+00:00,device-04,server,branch-newyork,14.04,19.54,37.33,0.2637,62.87,0.00148,35.6,healthy,0,0
2026-03-13T09:21:18.750845+00:00,device-33,router,datacenter-central,47.11,28.45,35.18,0.2653,26.68,0.0002,43.1,healthy,0,0
2026-03-19T19:47:18.750845+00:00,device-24,load_balancer,branch-chicago,47.06,30.83,42.34,0.1257,42.46,0.00027,43.6,healthy,0,0
2026-03-20T03:48:18.750845+00:00,device-25,router,datacenter-central,91.44,89.38,2688.04,32.5021,66.9,0.19113,55.6,bgp_flapping,4,1
2026-03-16T07:21:18.750845+00:00,device-16,router,branch-losangeles,41.19,33.43,4.54,0.0898,17.23,0.00044,47.5,healthy,0,0
2026-03-14T21:19:18.750845+00:00,device-16,load_balancer,datacenter-west,28.83,52.99,11.86,0.2316,26.23,0.00428,45.3,healthy,0,0
2026-03-20T03:11:18.750845+00:00,device-40,switch,branch-chicago,11.36,28.93,1.94,0.1651,62.97,0.00115,31.9,healthy,0,0
2026-03-13T15:39:18.750845+00:00,device-40,server,datacenter-central,43.43,57.12,7.86,0.0304,34.72,0.00137,33.4,healthy,0,0
2026-03-21T13:33:18.750845+00:00,device-43,switch,branch-chicago,26.53,41.28,32.38,0.1266,49.71,0.00034,39.9,healthy,0,0
2026-03-19T10:55:18.750845+00:00,device-50,switch,branch-newyork,16.88,62.31,15.15,0.0418,20.15,0.00073,31.9,healthy,0,0
2026-03-16T20:03:18.750845+00:00,device-35,server,branch-chicago,27.91,35.29,31.42,0.0906,42.29,0.0045,49.9,healthy,0,0
2026-03-15T14:39:18.750845+00:00,device-10,server,datacenter-west,30.01,61.98,22.81,0.2285,32.01,0.00269,41.7,healthy,0,0
2026-03-12T15:59:18.750845+00:00,device-05,router,datacenter-central,54.87,52.4,44.46,0.1653,13.81,0.00378,42.6,healthy,0,0
2026-03-17T02:53:18.750845+00:00,device-24,router,branch-losangeles,11.57,57.58,25.04,0.239,29.04,0.00326,44.8,healthy,0,0
2026-03-18T10:59:18.750845+00:00,device-39,switch,datacenter-central,25.08,28.65,39.98,0.1537,14.46,0.00019,39.6,healthy,0,0
2026-03-19T06:59:18.750845+00:00,device-13,router,datacenter-west,59.1,26.82,35.09,0.2784,53.66,0.00231,47.8,healthy,0,0
2026-03-23T19:19:18.750845+00:00,device-10,router,branch-chicago,85.35,72.56,94.06,2.1999,73.88,0.04351,66.1,high_cpu,1,1
2026-03-22T15:19:18.750845+00:00,device-05,server,datacenter-west,49.33,21.88,38.5,0.1008,47.02,0.00093,49.8,healthy,0,0
2026-03-19T01:35:18.750845+00:00,device-39,switch,datacenter-east,55.87,22.06,17.06,0.222,31.92,0.00332,39.2,healthy,0,0
2026-03-20T02:33:18.750845+00:00,device-50,firewall,branch-newyork,27.45,33.87,13.18,0.131,49.36,0.00409,34.3,healthy,0,0
2026-03-17T16:09:18.750845+00:00,device-34,server,datacenter-east,86.99,80.88,269.55,2.3238,76.4,0.03411,74.3,high_cpu,1,1
2026-03-16T15:57:18.750845+00:00,device-01,switch,branch-losangeles,43.51,28.68,31.57,0.0731,54.09,0.00023,30.4,healthy,0,0
2026-03-15T05:41:18.750845+00:00,device-36,router,datacenter-central,48.02,11.89,20.93,0.251,54.97,0.00429,40.8,healthy,0,0
2026-03-25T18:47:18.750845+00:00,device-04,router,branch-newyork,30.07,55.27,1919.23,10.5991,50.23,0.1284,36.9,packet_loss,3,1
2026-03-21T03:33:18.750845+00:00,device-04,firewall,branch-chicago,22.29,62.65,31.53,0.2754,45.96,0.00454,44.1,healthy,0,0
2026-03-18T04:31:18.750845+00:00,device-36,switch,branch-losangeles,63.23,30.45,8.03,0.1006,49.5,0.00327,32.4,healthy,0,0
2026-03-17T18:03:18.750845+00:00,device-15,load_balancer,branch-losangeles,10.64,36.73,19.51,0.0702,54.94,0.0038,38.6,healthy,0,0
2026-03-17T01:03:18.750845+00:00,device-13,switch,branch-newyork,34.02,29.66,15.03,0.1225,28.1,0.0039,32.5,healthy,0,0
2026-03-15T20:03:18.750845+00:00,device-08,server,branch-chicago,20.35,60.69,33.32,0.2436,37.4,0.00474,41.1,healthy,0,0
2026-03-18T02:03:18.750845+00:00,device-25,router,branch-chicago,35.46,18.87,20.77,0.0265,23.34,0.00373,33.8,healthy,0,0
2026-03-16T19:13:18.750845+00:00,device-42,router,datacenter-central,8.82,35.65,15.14,0.1975,14.15,0.00331,44.5,healthy,0,0
2026-03-12T21:47:18.750845+00:00,device-08,load_balancer,branch-losangeles,36.71,66.83,23.32,0.0562,18.64,0.00173,49.8,healthy,0,0
2026-03-15T01:55:18.750845+00:00,device-06,server,branch-newyork,30.64,13.03,18.09,0.1417,24.95,0.00418,47.6,healthy,0,0
2026-03-19T09:05:18.750845+00:00,device-02,firewall,branch-losangeles,6.68,39.53,4.5,0.0832,8.65,0.00497,34.8,healthy,0,0
2026-03-16T18:01:18.750845+00:00,device-29,server,branch-newyork,53.89,89.18,313.71,2.8622,62.37,0.08455,61.8,memory_exhaustion,2,1
2026-03-20T23:43:18.750845+00:00,device-39,router,branch-chicago,36.98,51.72,31.6,0.1614,44.86,0.0002,36.6,healthy,0,0
2026-03-13T10:27:18.750845+00:00,device-37,server,branch-newyork,6.53,18.42,41.23,0.2076,49.67,0.00235,47.7,healthy,0,0
2026-03-12T13:39:18.750845+00:00,device-10,server,datacenter-central,56.93,40.97,3.3,0.0906,31.33,0.00193,36.2,healthy,0,0
2026-03-18T19:27:18.750845+00:00,device-12,switch,branch-chicago,11.72,56.16,37.27,0.2226,43.59,0.00253,30.2,healthy,0,0
2026-03-16T22:21:18.750845+00:00,device-32,switch,datacenter-east,33.7,63.9,38.73,0.2177,60.67,0.00434,45.6,healthy,0,0
2026-03-25T14:34:18.750845+00:00,device-14,switch,datacenter-east,61.5,93.27,327.13,7.14,64.02,0.04679,72.5,memory_exhaustion,2,1
2026-03-18T02:37:18.750845+00:00,device-43,load_balancer,datacenter-central,41.35,38.34,9.78,0.0967,17.44,0.00259,47.1,healthy,0,0
2026-03-16T07:13:18.750845+00:00,device-43,server,branch-losangeles,25.43,17.62,25.48,0.1726,64.13,0.00393,42.5,healthy,0,0
2026-03-17T16:29:18.750845+00:00,device-36,switch,branch-newyork,35.0,39.05,14.61,0.0512,45.43,0.00016,31.9,healthy,0,0
2026-03-22T16:59:18.750845+00:00,device-48,server,branch-chicago,92.84,75.87,238.19,1.2979,76.47,0.01989,60.9,high_cpu,1,1
2026-03-12T14:33:18.750845+00:00,device-50,router,branch-newyork,25.98,24.7,23.86,0.1483,14.79,0.002,48.4,healthy,0,0
2026-03-19T16:36:18.750845+00:00,device-17,router,branch-newyork,76.39,78.75,1735.83,30.248,69.07,0.30675,61.6,bgp_flapping,4,1
2026-03-22T19:19:18.750845+00:00,device-14,switch,branch-newyork,42.97,88.64,230.59,4.3306,78.88,0.0985,59.8,memory_exhaustion,2,1
2026-03-17T01:39:18.750845+00:00,device-28,load_balancer,datacenter-central,16.6,34.47,18.7,0.2702,37.58,0.00306,45.5,healthy,0,0
2026-03-19T11:15:18.750845+00:00,device-19,router,datacenter-west,20.09,66.81,11.76,0.1435,37.53,0.00125,38.1,healthy,0,0
2026-03-17T08:41:18.750845+00:00,device-04,router,branch-chicago,6.32,34.88,9.38,0.1715,28.88,0.00351,31.2,healthy,0,0
2026-03-12T05:57:18.750845+00:00,device-06,switch,branch-losangeles,9.53,43.02,13.94,0.0153,31.38,0.00405,31.9,healthy,0,0
2026-03-16T02:00:18.750845+00:00,device-19,router,datacenter-central,91.44,85.81,2349.18,27.0999,92.99,0.47548,68.2,bgp_flapping,4,1
2026-03-17T11:33:18.750845+00:00,device-06,server,datacenter-west,56.23,14.1,17.57,0.2796,18.42,0.00375,49.7,healthy,0,0
2026-03-21T15:08:18.750845+00:00,device-08,server,branch-newyork,65.45,95.37,348.47,6.7764,66.12,0.03936,66.3,memory_exhaustion,2,1
2026-03-22T04:39:18.750845+00:00,device-02,server,branch-chicago,36.18,65.51,31.41,0.2306,11.96,0.00452,39.7,healthy,0,0
2026-03-12T12:23:18.750845+00:00,device-45,load_balancer,branch-losangeles,18.84,64.47,37.12,0.2571,50.57,0.00334,33.6,healthy,0,0
2026-03-20T13:21:18.750845+00:00,device-37,load_balancer,datacenter-east,60.07,14.83,8.73,0.2353,40.87,0.00018,46.4,healthy,0,0
2026-03-15T02:27:18.750845+00:00,device-44,load_balancer,datacenter-central,18.83,29.97,10.04,0.134,49.05,0.00236,40.8,healthy,0,0
2026-03-25T15:31:18.750845+00:00,device-28,router,datacenter-west,81.68,61.29,2920.17,32.8577,87.42,0.17745,56.8,bgp_flapping,4,1
2026-03-14T01:09:18.750845+00:00,device-15,load_balancer,branch-chicago,56.33,42.8,23.69,0.2731,20.82,0.00151,45.5,healthy,0,0
2026-03-15T13:21:18.750845+00:00,device-09,router,branch-newyork,53.73,42.44,6.37,0.2225,32.77,0.00409,31.3,healthy,0,0
2026-03-22T17:59:18.750845+00:00,device-31,firewall,branch-newyork,13.85,25.11,4.33,0.2839,54.52,0.00111,31.9,healthy,0,0
2026-03-16T19:33:18.750845+00:00,device-07,firewall,branch-chicago,30.51,59.49,7.88,0.235,35.49,0.00268,46.3,healthy,0,0
2026-03-15T22:49:18.750845+00:00,device-47,server,datacenter-west,59.25,33.89,37.87,0.0287,60.05,0.00198,45.0,healthy,0,0
2026-03-12T19:45:18.750845+00:00,device-47,router,branch-losangeles,38.34,28.67,12.27,0.2773,8.33,0.00137,46.4,healthy,0,0
2026-03-22T23:29:18.750845+00:00,device-34,switch,datacenter-west,56.0,59.35,1.66,0.1404,9.26,0.00429,37.7,healthy,0,0
2026-03-22T19:02:18.750845+00:00,device-01,load_balancer,branch-chicago,96.75,97.2,3954.42,41.2311,97.13,0.42647,72.5,ddos_attack,5,1
2026-03-21T16:48:18.750845+00:00,device-16,router,datacenter-east,41.78,43.0,506.53,23.1465,61.72,0.23398,39.1,packet_loss,3,1
2026-03-14T02:45:18.750845+00:00,device-30,router,branch-newyork,31.95,39.37,40.83,0.165,16.94,0.00196,47.5,healthy,0,0
2026-03-16T18:23:18.750845+00:00,device-11,load_balancer,branch-chicago,26.41,26.0,40.77,0.1337,31.48,0.00458,45.2,healthy,0,0
2026-03-25T22:25:18.750845+00:00,device-27,server,branch-newyork,43.57,88.51,260.56,4.1637,63.7,0.04897,55.5,memory_exhaustion,2,1
2026-03-14T23:51:18.750845+00:00,device-45,router,branch-newyork,8.52,30.08,4.15,0.2581,63.91,0.00407,46.1,healthy,0,0
2026-03-16T09:11:18.750845+00:00,device-16,router,branch-newyork,39.98,22.07,13.72,0.07,49.0,0.00091,42.2,healthy,0,0
2026-03-19T06:21:18.750845+00:00,device-01,router,branch-losangeles,33.3,24.45,13.19,0.1616,6.49,3e-05,38.6,healthy,0,0
2026-03-21T03:19:18.750845+00:00,device-05,load_balancer,branch-chicago,46.65,34.02,24.52,0.0891,34.16,0.00054,40.3,healthy,0,0
2026-03-22T03:05:18.750845+00:00,device-14,router,branch-newyork,17.46,68.6,11.95,0.1937,30.63,0.00193,44.0,healthy,0,0
2026-03-20T07:19:18.750845+00:00,device-19,router,datacenter-west,70.64,83.53,2429.0,17.9722,69.97,0.19565,72.1,bgp_flapping,4,1
2026-03-16T04:09:18.750845+00:00,device-01,router,branch-losangeles,17.07,58.33,32.97,0.1409,37.13,0.00324,33.0,healthy,0,0
2026-03-14T01:59:18.750845+00:00,device-23,server,branch-newyork,52.23,46.1,2.62,0.2642,54.24,0.00362,48.5,healthy,0,0
2026-03-17T23:38:18.750845+00:00,device-34,load_balancer,branch-newyork,90.25,94.44,1056.73,56.4072,96.83,0.39506,66.8,ddos_attack,5,1
2026-03-20T15:59:18.750845+00:00,device-35,router,branch-newyork,59.8,69.69,7.59,0.0042,61.95,0.001,30.7,healthy,0,0
2026-03-17T17:59:18.750845+00:00,device-16,firewall,branch-losangeles,5.84,50.35,7.82,0.095,29.05,0.0005,31.3,healthy,0,0
2026-03-15T05:37:18.750845+00:00,device-28,server,datacenter-east,61.31,18.5,9.06,0.0737,22.67,0.00338,32.5,healthy,0,0
2026-03-14T19:15:18.750845+00:00,device-46,firewall,branch-newyork,62.22,35.19,26.18,0.124,57.54,0.00261,35.3,healthy,0,0
2026-03-22T06:44:18.750845+00:00,device-44,router,branch-losangeles,34.44,40.58,691.77,38.439,49.5,0.11629,38.7,packet_loss,3,1
2026-03-22T17:09:18.750845+00:00,device-23,firewall,branch-newyork,57.75,49.98,13.64,0.1805,8.37,0.00207,40.9,healthy,0,0
2026-03-15T09:49:18.750845+00:00,device-11,load_balancer,branch-newyork,50.48,35.19,13.66,0.1468,12.36,0.00191,31.2,healthy,0,0
2026-03-17T19:53:18.750845+00:00,device-06,router,datacenter-central,33.25,30.35,13.27,0.0358,20.63,0.00157,48.8,healthy,0,0
2026-03-14T19:32:18.750845+00:00,device-46,server,branch-newyork,49.46,95.6,124.11,6.7012,71.9,0.07396,71.4,memory_exhaustion,2,1
2026-03-15T18:11:18.750845+00:00,device-09,firewall,branch-chicago,59.12,57.63,6.8,0.078,45.98,0.00447,34.8,healthy,0,0
2026-03-24T00:51:18.750845+00:00,device-29,router,datacenter-east,93.91,77.76,2926.47,31.4803,83.98,0.29425,73.7,bgp_flapping,4,1
2026-03-17T05:02:18.750845+00:00,device-23,router,branch-chicago,48.22,49.43,746.24,36.0476,34.19,0.22439,54.6,packet_loss,3,1
2026-03-17T21:11:18.750845+00:00,device-07,firewall,branch-losangeles,50.25,22.31,21.8,0.1148,53.54,0.00424,42.2,healthy,0,0
2026-03-13T16:59:18.750845+00:00,device-14,router,branch-newyork,22.1,38.63,40.56,0.1439,56.87,0.0019,49.2,healthy,0,0
2026-03-22T04:51:18.750845+00:00,device-22,router,branch-chicago,45.79,54.23,5.66,0.245,62.39,0.0046,39.6,healthy,0,0
2026-03-16T07:13:18.750845+00:00,device-07,server,branch-newyork,93.94,83.04,284.98,1.5655,87.84,0.02465,62.5,high_cpu,1,1
2026-03-22T04:35:18.750845+00:00,device-12,router,branch-newyork,56.38,38.15,30.76,0.0413,56.49,0.00091,43.9,healthy,0,0
2026-03-16T16:41:18.750845+00:00,device-41,switch,datacenter-east,13.44,39.26,27.75,0.0922,5.67,0.00399,35.0,healthy,0,0
2026-03-23T02:31:18.750845+00:00,device-18,router,datacenter-east,62.26,46.12,21.28,0.2277,50.39,0.00128,38.3,healthy,0,0
2026-03-17T05:37:18.750845+00:00,device-36,switch,datacenter-east,55.87,22.92,1.86,0.2157,30.3,0.00378,50.0,healthy,0,0
2026-03-17T03:03:18.750845+00:00,device-42,load_balancer,branch-chicago,16.43,36.7,37.23,0.116,45.75,0.00466,36.1,healthy,0,0
2026-03-18T09:45:18.750845+00:00,device-25,firewall,datacenter-west,44.23,69.79,9.99,0.2462,59.39,0.00145,41.2,healthy,0,0
2026-03-20T21:31:18.750845+00:00,device-11,router,datacenter-west,45.92,14.2,41.25,0.2678,14.6,0.00047,38.2,healthy,0,0
2026-03-14T21:07:18.750845+00:00,device-05,firewall,branch-newyork,32.74,17.71,11.33,0.0029,47.6,0.00086,32.9,healthy,0,0
2026-03-14T05:51:18.750845+00:00,device-46,load_balancer,branch-chicago,25.08,41.19,34.14,0.1106,46.41,0.00182,39.4,healthy,0,0
2026-03-16T10:11:18.750845+00:00,device-15,router,branch-chicago,58.23,49.34,10.85,0.0883,35.37,0.00345,33.9,healthy,0,0
2026-03-16T23:33:18.750845+00:00,device-28,firewall,branch-chicago,45.74,54.19,27.95,0.2782,58.46,0.00378,49.1,healthy,0,0
2026-03-14T11:27:18.750845+00:00,device-06,load_balancer,datacenter-east,27.4,56.52,37.13,0.0129,29.82,0.00128,39.1,healthy,0,0
2026-03-16T18:09:18.750845+00:00,device-22,firewall,branch-losangeles,36.07,32.45,39.05,0.0126,64.15,0.0034,47.5,healthy,0,0
2026-03-12T03:05:18.750845+00:00,device-25,load_balancer,branch-losangeles,54.87,54.97,19.94,0.0951,41.32,0.00439,47.0,healthy,0,0
2026-03-13T05:43:18.750845+00:00,device-33,firewall,branch-newyork,52.48,14.25,43.82,0.2386,11.65,0.0045,37.5,healthy,0,0
2026-03-20T06:47:18.750845+00:00,device-13,server,datacenter-central,50.52,42.94,42.9,0.1105,22.06,0.00127,49.1,healthy,0,0
2026-03-21T20:52:18.750845+00:00,device-24,firewall,datacenter-east,91.85,92.61,3993.61,21.9756,98.99,0.46377,68.3,ddos_attack,5,1
2026-03-18T12:35:18.750845+00:00,device-23,switch,branch-chicago,69.97,94.65,190.73,4.9289,71.19,0.06405,68.1,memory_exhaustion,2,1
2026-03-19T07:05:18.750845+00:00,device-02,load_balancer,datacenter-central,30.25,38.12,8.88,0.2736,48.98,0.0028,37.7,healthy,0,0
2026-03-12T22:27:18.750845+00:00,device-50,switch,branch-chicago,29.98,16.05,21.89,0.1729,33.1,0.00485,31.3,healthy,0,0
2026-03-16T18:59:18.750845+00:00,device-20,firewall,branch-newyork,50.83,52.87,22.62,0.2134,55.92,0.00113,47.4,healthy,0,0
2026-03-16T01:43:18.750845+00:00,device-39,switch,datacenter-central,63.83,58.61,15.36,0.1462,57.85,0.00386,33.1,healthy,0,0
2026-03-13T21:39:18.750845+00:00,device-08,firewall,branch-chicago,43.73,44.37,10.56,0.2139,63.22,0.00108,49.9,healthy,0,0
2026-03-12T21:55:18.750845+00:00,device-25,server,datacenter-west,62.47,48.71,43.78,0.1829,53.94,0.00405,40.8,healthy,0,0
2026-03-18T14:03:18.750845+00:00,device-19,router,datacenter-central,57.71,67.24,28.51,0.2677,55.44,0.00061,48.9,healthy,0,0
2026-03-20T16:43:18.750845+00:00,device-05,firewall,datacenter-west,49.16,40.33,29.5,0.042,50.16,0.00456,36.0,healthy,0,0
2026-03-23T19:51:18.750845+00:00,device-16,switch,branch-newyork,60.7,91.68,439.4,1.1024,72.45,0.08727,72.5,memory_exhaustion,2,1
2026-03-15T13:47:18.750845+00:00,device-35,firewall,branch-newyork,40.48,60.59,36.62,0.2248,35.23,0.00135,41.0,healthy,0,0
2026-03-19T02:49:18.750845+00:00,device-44,firewall,datacenter-central,31.9,45.92,4.93,0.0949,13.48,0.00081,41.9,healthy,0,0
2026-03-16T05:36:18.750845+00:00,device-38,switch,branch-losangeles,43.89,98.84,199.48,7.1167,78.14,0.08555,70.2,memory_exhaustion,2,1
2026-03-17T11:03:18.750845+00:00,device-36,firewall,branch-chicago,31.85,56.68,16.65,0.2182,36.95,0.00435,32.2,healthy,0,0
2026-03-22T21:59:18.750845+00:00,device-45,switch,branch-newyork,49.37,37.24,28.44,0.0781,64.96,0.00242,46.0,healthy,0,0
2026-03-22T01:03:18.750845+00:00,device-02,switch,datacenter-east,27.5,41.53,19.06,0.0516,43.33,0.00091,31.4,healthy,0,0
2026-03-12T23:37:18.750845+00:00,device-27,load_balancer,datacenter-west,45.1,50.39,37.91,0.2675,12.93,0.0048,44.6,healthy,0,0
2026-03-18T18:59:18.750845+00:00,device-41,server,datacenter-east,38.07,46.47,41.69,0.2776,33.16,0.00143,36.2,healthy,0,0
2026-03-14T08:39:18.750845+00:00,device-25,load_balancer,datacenter-east,27.43,15.7,16.48,0.1583,51.9,0.00419,32.5,healthy,0,0
2026-03-15T21:39:18.750845+00:00,device-12,switch,branch-chicago,35.41,48.24,7.77,0.0129,57.12,0.0002,41.0,healthy,0,0
2026-03-14T17:15:18.750845+00:00,device-13,load_balancer,datacenter-west,55.99,34.06,10.69,0.2003,64.04,0.0012,31.9,healthy,0,0
2026-03-15T17:27:18.750845+00:00,device-44,router,branch-chicago,8.74,21.41,13.63,0.1208,42.02,0.00165,43.8,healthy,0,0
2026-03-16T07:35:18.750845+00:00,device-29,switch,datacenter-central,29.79,20.9,18.69,0.1735,60.8,0.00122,34.7,healthy,0,0
2026-03-15T17:51:18.750845+00:00,device-40,switch,branch-newyork,38.18,41.08,31.94,0.0866,53.83,0.00209,46.0,healthy,0,0
2026-03-22T23:33:18.750845+00:00,device-47,load_balancer,branch-chicago,46.88,53.02,33.39,0.0627,9.01,0.00492,46.3,healthy,0,0
2026-03-24T01:29:18.750845+00:00,device-21,router,datacenter-central,73.28,80.49,1726.82,26.3559,92.5,0.48017,66.0,bgp_flapping,4,1
2026-03-12T20:23:18.750845+00:00,device-21,load_balancer,datacenter-east,32.05,54.88,10.98,0.2962,38.24,0.00243,30.4,healthy,0,0
2026-03-21T01:53:18.750845+00:00,device-27,switch,branch-losangeles,20.37,58.41,2.0,0.2279,55.87,0.00293,41.0,healthy,0,0
2026-03-13T19:35:18.750845+00:00,device-03,load_balancer,datacenter-central,56.54,11.79,26.18,0.0463,7.29,0.00458,30.3,healthy,0,0
2026-03-16T17:01:18.750845+00:00,device-43,switch,branch-chicago,14.56,20.62,4.78,0.1104,10.37,0.00317,48.6,healthy,0,0
2026-03-21T11:11:18.750845+00:00,device-07,firewall,branch-newyork,7.45,22.38,15.85,0.0647,20.46,7e-05,47.9,healthy,0,0
2026-03-14T20:29:18.750845+00:00,device-46,load_balancer,branch-newyork,46.47,17.85,8.26,0.0873,52.42,0.00419,33.3,healthy,0,0
2026-03-19T18:09:18.750845+00:00,device-18,router,datacenter-west,24.77,65.39,16.86,0.1075,6.3,0.00248,33.9,healthy,0,0
2026-03-16T16:43:18.750845+00:00,device-25,firewall,branch-losangeles,44.74,29.37,10.24,0.2887,6.65,0.00045,48.1,healthy,0,0
2026-03-23T21:17:18.750845+00:00,device-45,router,datacenter-central,87.49,76.85,178.86,1.7029,86.61,0.02838,61.0,high_cpu,1,1
2026-03-17T21:55:18.750845+00:00,device-15,load_balancer,branch-chicago,33.8,56.97,38.59,0.1792,22.5,0.00499,39.1,healthy,0,0
2026-03-19T13:29:18.750845+00:00,device-33,switch,datacenter-east,38.01,19.07,28.78,0.1738,22.88,0.00365,43.2,healthy,0,0
2026-03-13T04:59:18.750845+00:00,device-23,load_balancer,datacenter-central,47.63,39.75,43.29,0.2113,53.78,0.00304,38.5,healthy,0,0
2026-03-12T05:35:18.750845+00:00,device-44,switch,branch-losangeles,42.43,24.53,1007.71,11.3082,42.54,0.2248,45.4,packet_loss,3,1
2026-03-20T14:47:18.750845+00:00,device-32,load_balancer,branch-chicago,35.86,17.78,31.73,0.1866,56.38,0.00107,35.0,healthy,0,0
2026-03-19T10:27:18.750845+00:00,device-31,switch,branch-newyork,46.61,59.79,2.23,0.0814,27.12,0.00141,46.5,healthy,0,0
2026-03-19T10:43:18.750845+00:00,device-05,firewall,datacenter-east,63.23,26.65,38.43,0.192,47.58,0.00413,46.7,healthy,0,0
2026-03-22T21:15:18.750845+00:00,device-46,load_balancer,datacenter-central,24.5,18.56,24.64,0.0863,19.79,0.00335,36.7,healthy,0,0
2026-03-13T09:05:18.750845+00:00,device-41,router,branch-losangeles,20.21,11.52,11.46,0.1771,10.6,0.00469,45.6,healthy,0,0
2026-03-13T21:30:18.750845+00:00,device-25,server,datacenter-east,91.55,67.81,195.75,2.8778,70.91,0.03865,60.8,high_cpu,1,1
2026-03-12T11:15:18.750845+00:00,device-06,load_balancer,branch-losangeles,50.21,56.22,11.99,0.1414,47.69,0.00212,44.7,healthy,0,0
2026-03-16T05:27:18.750845+00:00,device-45,switch,branch-chicago,35.26,19.21,38.64,0.2449,50.54,0.00082,46.9,healthy,0,0
2026-03-14T06:27:18.750845+00:00,device-14,server,branch-chicago,51.12,41.28,4.33,0.1693,21.81,0.0008,41.8,healthy,0,0
2026-03-22T10:45:18.750845+00:00,device-44,router,datacenter-east,60.1,24.08,5.36,0.0595,54.22,0.00137,46.6,healthy,0,0
2026-03-16T08:13:18.750845+00:00,device-30,router,branch-chicago,20.76,23.35,31.86,0.1019,39.8,0.00465,41.2,healthy,0,0
2026-03-22T22:17:18.750845+00:00,device-37,load_balancer,branch-chicago,41.1,46.02,14.4,0.1703,25.86,0.0007,42.2,healthy,0,0
2026-03-16T02:59:18.750845+00:00,device-28,router,datacenter-east,5.13,61.89,13.76,0.1815,22.18,0.00233,33.8,healthy,0,0
2026-03-19T08:05:18.750845+00:00,device-50,load_balancer,datacenter-east,57.73,64.16,11.44,0.1832,60.93,4e-05,31.2,healthy,0,0
2026-03-18T17:45:18.750845+00:00,device-44,switch,datacenter-west,58.85,47.73,20.21,0.287,21.15,0.00294,47.4,healthy,0,0
2026-03-15T09:05:18.750845+00:00,device-48,load_balancer,datacenter-east,14.08,66.54,44.69,0.1925,59.87,0.00457,48.7,healthy,0,0
2026-03-12T16:09:18.750845+00:00,device-42,router,datacenter-east,12.04,62.59,29.68,0.0066,63.35,0.00325,47.1,healthy,0,0
2026-03-16T09:07:18.750845+00:00,device-04,firewall,branch-chicago,24.71,65.14,10.08,0.1469,51.39,0.00255,30.7,healthy,0,0
2026-03-23T19:36:18.750845+00:00,device-18,router,branch-chicago,89.41,68.01,186.36,2.8723,80.78,0.02277,77.6,high_cpu,1,1
2026-03-23T12:20:18.750845+00:00,device-32,server,datacenter-east,97.1,73.64,102.04,2.9132,88.21,0.01142,69.1,high_cpu,1,1
2026-03-20T09:56:18.750845+00:00,device-43,router,branch-losangeles,92.19,73.96,1506.7,26.2077,63.55,0.16563,74.5,bgp_flapping,4,1
2026-03-16T02:23:18.750845+00:00,device-27,router,branch-chicago,44.26,17.7,2.47,0.0211,54.58,0.00114,35.6,healthy,0,0
2026-03-25T10:19:18.750845+00:00,device-20,server,branch-chicago,90.0,73.41,194.62,1.4652,70.87,0.03586,61.2,high_cpu,1,1
2026-03-15T17:13:18.750845+00:00,device-06,server,datacenter-west,52.58,92.78,387.87,1.2742,60.76,0.03258,70.3,memory_exhaustion,2,1
2026-03-13T16:37:18.750845+00:00,device-20,firewall,datacenter-central,5.89,50.81,31.43,0.119,64.87,0.00049,33.1,healthy,0,0
2026-03-13T06:47:18.750845+00:00,device-38,router,datacenter-west,28.32,25.21,41.99,0.215,18.25,0.00031,31.7,healthy,0,0
2026-03-24T03:02:18.750845+00:00,device-28,load_balancer,branch-chicago,92.1,96.53,3400.38,43.0722,96.53,0.47204,68.2,ddos_attack,5,1
2026-03-13T19:33:18.750845+00:00,device-06,router,branch-losangeles,56.37,54.74,16.34,0.0766,37.21,0.00169,40.2,healthy,0,0
2026-03-20T06:43:18.750845+00:00,device-35,load_balancer,datacenter-west,45.14,21.89,40.31,0.1011,25.76,0.00112,33.9,healthy,0,0
2026-03-19T16:23:18.750845+00:00,device-46,load_balancer,datacenter-west,21.06,25.47,34.55,0.1128,31.59,0.00281,44.8,healthy,0,0
2026-03-15T16:17:18.750845+00:00,device-32,router,branch-losangeles,12.75,29.1,4.52,0.1074,63.17,0.00457,31.5,healthy,0,0
2026-03-18T02:29:18.750845+00:00,device-04,switch,branch-chicago,18.96,65.87,37.71,0.1704,7.37,0.0001,41.5,healthy,0,0
2026-03-12T05:49:18.750845+00:00,device-38,load_balancer,branch-losangeles,42.69,39.37,10.56,0.1066,12.64,0.00281,37.2,healthy,0,0
2026-03-19T19:43:18.750845+00:00,device-02,switch,branch-newyork,11.8,31.99,42.18,0.0296,28.13,0.002,42.3,healthy,0,0
2026-03-22T05:49:18.750845+00:00,device-06,router,branch-chicago,62.67,38.74,38.4,0.0873,36.02,0.00108,46.2,healthy,0,0
2026-03-17T22:09:18.750845+00:00,device-09,switch,datacenter-west,16.64,64.38,32.16,0.2429,27.21,0.00184,40.7,healthy,0,0
2026-03-25T18:57:18.750845+00:00,device-20,switch,datacenter-west,53.85,98.8,100.26,7.0058,75.07,0.06007,55.3,memory_exhaustion,2,1
2026-03-17T06:55:18.750845+00:00,device-21,router,branch-chicago,31.37,50.9,43.0,0.0626,61.68,0.0028,33.4,healthy,0,0
2026-03-14T15:53:18.750845+00:00,device-11,firewall,datacenter-central,28.69,46.46,28.3,0.0311,58.99,0.00325,48.6,healthy,0,0
2026-03-15T02:35:18.750845+00:00,device-50,switch,datacenter-east,30.7,52.21,40.33,0.2464,20.17,0.00019,45.0,healthy,0,0
2026-03-21T02:53:18.750845+00:00,device-23,firewall,branch-newyork,60.34,49.81,34.93,0.0137,44.84,0.00296,39.7,healthy,0,0
2026-03-14T04:59:18.750845+00:00,device-04,switch,branch-losangeles,40.26,33.65,38.43,0.1719,18.45,0.00077,49.5,healthy,0,0
2026-03-13T15:25:18.750845+00:00,device-12,firewall,datacenter-west,47.06,30.63,43.39,0.1303,7.95,0.00077,43.0,healthy,0,0
2026-03-14T08:43:18.750845+00:00,device-28,load_balancer,branch-newyork,35.87,56.14,12.41,0.0201,49.89,0.00089,47.9,healthy,0,0
2026-03-16T08:31:18.750845+00:00,device-13,router,datacenter-central,54.77,51.94,43.72,0.2254,61.72,0.00099,47.9,healthy,0,0
2026-03-13T14:57:18.750845+00:00,device-43,switch,branch-newyork,5.08,36.71,18.77,0.1831,63.57,0.00054,38.9,healthy,0,0
2026-03-22T06:09:18.750845+00:00,device-10,load_balancer,datacenter-east,21.6,63.06,42.24,0.2668,31.02,0.00229,34.2,healthy,0,0
2026-03-20T17:07:18.750845+00:00,device-24,router,branch-newyork,83.21,62.59,1966.4,20.8903,84.86,0.13273,61.7,bgp_flapping,4,1
2026-03-13T08:53:18.750845+00:00,device-28,load_balancer,branch-losangeles,95.23,89.28,3297.13,49.0955,97.77,0.48922,66.5,ddos_attack,5,1
2026-03-19T08:39:18.750845+00:00,device-08,server,datacenter-west,14.42,10.63,34.29,0.1625,26.2,0.00253,48.3,healthy,0,0
2026-03-22T12:15:18.750845+00:00,device-12,switch,datacenter-east,23.55,59.03,1873.37,25.3437,57.75,0.08413,41.9,packet_loss,3,1
2026-03-17T20:15:18.750845+00:00,device-07,load_balancer,datacenter-central,15.52,31.97,41.67,0.0759,54.73,0.00301,39.1,healthy,0,0
2026-03-14T11:29:18.750845+00:00,device-22,router,branch-losangeles,44.93,69.94,15.79,0.0187,62.09,0.00172,47.1,healthy,0,0
2026-03-18T05:41:18.750845+00:00,device-21,switch,datacenter-central,20.89,54.5,10.58,0.1541,43.82,0.0032,39.5,healthy,0,0
2026-03-15T08:21:18.750845+00:00,device-13,router,branch-losangeles,28.47,38.07,17.42,0.2057,44.9,0.00368,42.2,healthy,0,0
2026-03-23T05:14:18.750845+00:00,device-44,switch,datacenter-west,46.55,48.98,1502.03,18.7907,33.6,0.1173,49.8,packet_loss,3,1
2026-03-18T08:53:18.750845+00:00,device-39,load_balancer,datacenter-central,56.76,18.84,16.35,0.2801,26.83,0.00144,38.0,healthy,0,0
2026-03-21T01:32:18.750845+00:00,device-11,router,branch-chicago,86.38,76.59,100.32,2.6318,83.49,0.04235,79.5,high_cpu,1,1
2026-03-14T20:25:18.750845+00:00,device-04,firewall,datacenter-west,22.88,58.71,9.16,0.0721,38.6,0.00287,45.3,healthy,0,0
2026-03-12T17:53:18.750845+00:00,device-07,router,datacenter-central,43.59,26.28,2.1,0.1268,35.2,0.00142,30.4,healthy,0,0
2026-03-17T23:37:18.750845+00:00,device-18,firewall,branch-chicago,27.85,60.44,16.19,0.2972,23.4,0.0007,43.4,healthy,0,0
2026-03-21T10:33:18.750845+00:00,device-46,load_balancer,datacenter-west,9.22,35.8,40.18,0.0183,46.13,0.00433,44.8,healthy,0,0
2026-03-20T09:51:18.750845+00:00,device-05,server,branch-losangeles,38.04,22.96,5.03,0.0292,15.11,0.00063,42.2,healthy,0,0
2026-03-16T16:47:18.750845+00:00,device-19,load_balancer,datacenter-west,11.2,11.47,18.72,0.0171,40.23,0.00273,33.0,healthy,0,0
2026-03-24T05:21:18.750845+00:00,device-50,router,datacenter-east,88.54,70.74,2495.39,19.0609,82.55,0.26766,59.2,bgp_flapping,4,1
2026-03-20T00:47:18.750845+00:00,device-27,router,branch-chicago,46.9,34.84,1586.21,37.0944,32.64,0.23736,54.6,packet_loss,3,1
2026-03-21T21:05:18.750845+00:00,device-04,server,branch-chicago,43.51,16.01,15.62,0.1186,33.36,0.00439,49.0,healthy,0,0
2026-03-12T22:09:18.750845+00:00,device-11,load_balancer,datacenter-east,43.64,50.66,15.63,0.2699,15.65,0.00207,47.3,healthy,0,0
2026-03-22T08:03:18.750845+00:00,device-39,firewall,datacenter-central,34.39,30.26,18.52,0.2818,7.38,0.00318,38.9,healthy,0,0
2026-03-12T21:43:18.750845+00:00,device-18,router,branch-chicago,61.35,17.44,27.22,0.1168,25.81,0.00251,37.3,healthy,0,0
2026-03-19T17:15:18.750845+00:00,device-08,firewall,branch-chicago,43.29,39.96,29.38,0.0415,18.31,0.00283,35.8,healthy,0,0
2026-03-19T02:23:18.750845+00:00,device-20,router,branch-newyork,59.37,36.31,19.39,0.2861,41.33,0.00179,45.1,healthy,0,0
2026-03-19T14:01:18.750845+00:00,device-48,router,branch-newyork,12.06,27.73,18.35,0.0368,32.11,0.0028,43.4,healthy,0,0
2026-03-17T04:15:18.750845+00:00,device-44,server,datacenter-central,10.36,20.68,25.73,0.0439,23.8,0.00101,35.6,healthy,0,0
2026-03-15T00:06:18.750845+00:00,device-32,router,datacenter-central,91.21,72.51,285.48,2.2571,75.32,0.04954,65.8,high_cpu,1,1
2026-03-14T19:17:18.750845+00:00,device-10,router,branch-newyork,45.1,39.88,44.02,0.2815,61.05,0.0043,49.1,healthy,0,0
2026-03-13T02:29:18.750845+00:00,device-25,server,datacenter-west,49.13,69.7,44.95,0.1314,35.37,0.00032,37.5,healthy,0,0
2026-03-21T14:02:18.750845+00:00,device-11,server,branch-newyork,68.99,96.03,296.8,3.4614,67.28,0.06667,65.1,memory_exhaustion,2,1
2026-03-24T07:05:18.750845+00:00,device-45,router,branch-chicago,90.53,86.18,2552.57,17.9408,75.04,0.26332,66.6,bgp_flapping,4,1
2026-03-20T01:29:18.750845+00:00,device-05,router,branch-newyork,44.66,29.7,2.09,0.284,55.46,0.00408,48.2,healthy,0,0
2026-03-14T20:01:18.750845+00:00,device-26,server,branch-chicago,40.71,39.84,37.91,0.1244,17.62,0.00111,41.6,healthy,0,0
2026-03-19T01:03:18.750845+00:00,device-33,load_balancer,branch-newyork,17.98,62.79,23.88,0.0787,19.99,0.00099,44.0,healthy,0,0
2026-03-13T14:37:18.750845+00:00,device-18,firewall,branch-newyork,50.5,18.3,11.27,0.0656,48.95,0.00269,44.6,healthy,0,0
2026-03-19T08:51:18.750845+00:00,device-41,switch,branch-newyork,19.23,63.17,30.21,0.2597,20.85,0.00442,42.3,healthy,0,0
2026-03-25T11:57:18.750845+00:00,device-30,load_balancer,branch-losangeles,98.31,97.55,4661.97,20.3869,97.28,0.67601,69.5,ddos_attack,5,1
2026-03-13T19:09:18.750845+00:00,device-10,firewall,datacenter-east,37.46,68.31,18.34,0.0912,33.83,0.00468,37.6,healthy,0,0
2026-03-20T01:01:18.750845+00:00,device-17,server,datacenter-west,8.47,18.11,25.52,0.2399,14.32,0.00347,33.3,healthy,0,0
2026-03-16T14:31:18.750845+00:00,device-12,switch,branch-newyork,42.96,97.38,202.81,2.4124,75.84,0.09213,71.8,memory_exhaustion,2,1
2026-03-21T12:46:18.750845+00:00,device-43,router,branch-newyork,78.32,77.08,2168.51,22.0496,91.33,0.2052,57.2,bgp_flapping,4,1
2026-03-17T01:51:18.750845+00:00,device-45,switch,datacenter-central,34.42,23.89,9.1,0.0959,40.29,0.0038,34.2,healthy,0,0
2026-03-21T11:01:18.750845+00:00,device-04,switch,branch-chicago,20.21,57.09,9.16,0.2284,32.68,0.00471,48.5,healthy,0,0
2026-03-18T19:57:18.750845+00:00,device-23,load_balancer,datacenter-central,46.49,52.79,21.07,0.2819,43.57,0.00226,31.7,healthy,0,0
2026-03-21T11:27:18.750845+00:00,device-05,switch,branch-newyork,30.92,12.72,37.14,0.1504,37.4,0.00129,44.6,healthy,0,0
2026-03-22T14:45:18.750845+00:00,device-15,server,branch-chicago,61.69,32.9,25.74,0.0109,48.3,0.00267,49.4,healthy,0,0
2026-03-14T21:39:18.750845+00:00,device-36,router,datacenter-west,42.89,63.9,44.9,0.2732,44.3,0.00176,40.6,healthy,0,0
2026-03-14T01:45:18.750845+00:00,device-25,firewall,branch-chicago,91.5,98.13,3180.01,56.1672,96.76,0.47425,82.6,ddos_attack,5,1
2026-03-12T16:03:18.750845+00:00,device-45,switch,datacenter-central,11.25,36.04,41.79,0.1194,17.22,0.00415,35.6,healthy,0,0
2026-03-17T09:03:18.750845+00:00,device-04,router,datacenter-east,6.24,24.28,36.79,0.2725,38.69,0.00192,35.2,healthy,0,0
2026-03-18T02:07:18.750845+00:00,device-46,load_balancer,branch-newyork,31.26,53.86,15.46,0.1625,50.9,0.00091,42.4,healthy,0,0
2026-03-17T10:25:18.750845+00:00,device-32,server,branch-chicago,61.25,38.99,26.33,0.2335,61.76,0.00468,46.0,healthy,0,0
2026-03-22T12:45:18.750845+00:00,device-05,router,datacenter-west,47.79,11.59,35.27,0.2195,43.89,0.00169,43.3,healthy,0,0
2026-03-13T13:55:18.750845+00:00,device-29,server,datacenter-central,40.5,59.37,37.73,0.2581,10.15,0.00167,42.6,healthy,0,0
2026-03-15T00:39:18.750845+00:00,device-29,switch,datacenter-east,59.92,53.95,5.26,0.0487,42.64,0.00219,33.6,healthy,0,0
2026-03-21T09:31:18.750845+00:00,device-46,switch,datacenter-west,60.41,56.65,33.36,0.146,40.14,0.00427,30.5,healthy,0,0
2026-03-13T11:30:18.750845+00:00,device-24,router,branch-newyork,86.53,76.06,1785.42,17.0955,69.8,0.47941,61.1,bgp_flapping,4,1
2026-03-16T22:17:18.750845+00:00,device-16,server,branch-chicago,38.45,34.55,24.94,0.0679,31.11,0.00339,31.3,healthy,0,0
2026-03-13T12:33:18.750845+00:00,device-16,load_balancer,datacenter-east,62.48,31.88,39.52,0.0249,39.25,0.00306,48.9,healthy,0,0
2026-03-14T04:17:18.750845+00:00,device-38,router,branch-chicago,61.85,56.7,21.45,0.0473,10.46,0.00042,46.1,healthy,0,0
2026-03-16T05:41:18.750845+00:00,device-06,router,datacenter-west,9.49,68.48,27.54,0.2653,56.52,0.00068,37.1,healthy,0,0
2026-03-15T09:23:18.750845+00:00,device-41,switch,datacenter-central,42.04,36.31,17.13,0.266,59.88,0.00019,30.3,healthy,0,0
2026-03-17T03:27:18.750845+00:00,device-04,switch,branch-chicago,37.5,42.54,1831.45,35.0085,59.11,0.09636,41.2,packet_loss,3,1
2026-03-20T03:31:18.750845+00:00,device-37,router,branch-newyork,35.96,67.84,3.67,0.1649,36.9,0.00033,34.4,healthy,0,0
2026-03-25T08:59:18.750845+00:00,device-16,router,branch-chicago,77.19,72.72,2738.99,16.0995,76.62,0.39086,67.2,bgp_flapping,4,1
2026-03-13T03:19:18.750845+00:00,device-21,server,branch-newyork,63.23,21.6,28.51,0.239,20.69,0.00138,35.9,healthy,0,0
2026-03-13T15:15:18.750845+00:00,device-33,switch,datacenter-west,53.66,10.69,41.69,0.0775,27.82,0.00283,43.0,healthy,0,0
2026-03-19T00:15:18.750845+00:00,device-41,firewall,branch-losangeles,63.27,44.84,11.53,0.1616,28.5,1e-05,48.8,healthy,0,0
2026-03-19T16:35:18.750845+00:00,device-21,switch,datacenter-west,50.78,43.3,13.91,0.2913,59.37,0.00032,41.0,healthy,0,0
2026-03-14T10:23:18.750845+00:00,device-26,load_balancer,datacenter-east,96.93,93.75,1414.57,49.61,98.16,0.72569,84.3,ddos_attack,5,1
2026-03-20T22:09:18.750845+00:00,device-21,router,branch-losangeles,48.78,22.35,41.54,0.1046,46.02,0.00275,49.7,healthy,0,0
2026-03-15T07:05:18.750845+00:00,device-02,firewall,branch-losangeles,15.9,22.03,9.66,0.1171,52.81,0.00171,31.4,healthy,0,0
2026-03-16T21:27:18.750845+00:00,device-49,firewall,datacenter-east,24.69,68.47,19.81,0.2037,25.88,0.00082,34.1,healthy,0,0
2026-03-13T16:01:18.750845+00:00,device-45,server,datacenter-central,13.87,21.06,9.24,0.0378,52.08,0.00113,43.3,healthy,0,0
2026-03-14T18:23:18.750845+00:00,device-38,server,datacenter-east,19.45,69.64,30.91,0.2903,55.22,0.00294,39.7,healthy,0,0
2026-03-17T06:45:18.750845+00:00,device-28,server,branch-losangeles,15.99,59.84,25.15,0.0257,46.8,0.00224,47.5,healthy,0,0
2026-03-19T16:05:18.750845+00:00,device-13,switch,branch-newyork,41.0,65.56,42.31,0.0682,36.64,0.00328,33.5,healthy,0,0
2026-03-16T23:19:18.750845+00:00,device-18,switch,branch-losangeles,60.8,45.26,39.24,0.2,61.29,0.00223,37.1,healthy,0,0
2026-03-24T04:01:18.750845+00:00,device-23,switch,branch-newyork,39.04,37.19,1225.22,17.0268,35.92,0.20231,35.1,packet_loss,3,1
2026-03-17T01:26:18.750845+00:00,device-12,router,datacenter-west,85.19,80.0,86.01,2.5234,76.25,0.04311,75.1,high_cpu,1,1
2026-03-12T23:50:18.750845+00:00,device-10,load_balancer,branch-losangeles,93.19,83.64,4785.99,33.4266,96.51,0.57207,78.7,ddos_attack,5,1
2026-03-20T18:51:18.750845+00:00,device-17,server,branch-newyork,47.42,43.06,29.46,0.2458,39.68,0.00317,44.8,healthy,0,0
2026-03-18T00:49:18.750845+00:00,device-29,server,branch-losangeles,61.05,14.13,42.88,0.1408,18.88,0.00237,33.4,healthy,0,0
2026-03-15T03:16:18.750845+00:00,device-47,switch,datacenter-central,52.46,89.66,175.69,5.2096,75.35,0.09443,72.1,memory_exhaustion,2,1
2026-03-13T02:49:18.750845+00:00,device-04,load_balancer,datacenter-west,40.71,40.7,40.31,0.0801,63.44,0.00109,45.4,healthy,0,0
2026-03-22T12:27:18.750845+00:00,device-42,load_balancer,branch-chicago,31.34,41.07,17.01,0.1462,38.1,0.00039,34.2,healthy,0,0
2026-03-22T20:25:18.750845+00:00,device-37,firewall,branch-chicago,46.52,27.09,2.13,0.0818,59.87,0.00074,33.1,healthy,0,0
2026-03-13T00:05:18.750845+00:00,device-41,load_balancer,branch-losangeles,32.48,36.0,10.97,0.2006,64.64,0.00365,42.3,healthy,0,0
2026-03-13T02:15:18.750845+00:00,device-36,router,branch-newyork,36.08,37.26,26.8,0.2826,40.33,0.00062,30.6,healthy,0,0
2026-03-16T11:43:18.750845+00:00,device-40,load_balancer,branch-newyork,90.63,83.5,2693.88,39.4563,97.32,0.78684,78.5,ddos_attack,5,1
2026-03-16T08:51:18.750845+00:00,device-42,load_balancer,branch-losangeles,59.11,43.29,18.99,0.0204,32.19,0.00323,42.1,healthy,0,0
2026-03-20T22:35:18.750845+00:00,device-04,server,datacenter-east,22.94,31.67,12.98,0.0336,9.91,0.00371,36.1,healthy,0,0
2026-03-15T03:19:18.750845+00:00,device-34,firewall,branch-chicago,23.4,18.39,12.2,0.0527,21.31,0.00457,35.3,healthy,0,0
2026-03-22T20:57:18.750845+00:00,device-37,router,datacenter-central,29.59,52.85,11.73,0.0582,42.3,0.0023,40.2,healthy,0,0
2026-03-21T00:13:18.750845+00:00,device-26,load_balancer,datacenter-west,8.92,25.77,36.61,0.1121,36.52,0.003,45.8,healthy,0,0
2026-03-14T15:41:18.750845+00:00,device-13,router,branch-newyork,17.04,25.3,7.54,0.0197,22.32,0.00477,39.6,healthy,0,0
2026-03-12T21:07:18.750845+00:00,device-37,load_balancer,datacenter-west,52.47,32.54,31.58,0.2789,6.5,0.00479,46.5,healthy,0,0
2026-03-13T10:21:18.750845+00:00,device-29,router,datacenter-central,60.34,32.1,42.27,0.1861,22.53,0.00066,45.9,healthy,0,0
2026-03-16T20:49:18.750845+00:00,device-27,server,branch-newyork,57.05,49.59,6.9,0.164,61.8,0.00466,46.1,healthy,0,0
2026-03-12T13:18:18.750845+00:00,device-14,router,datacenter-east,26.82,55.47,668.98,25.3112,64.11,0.0968,50.1,packet_loss,3,1
2026-03-16T23:09:18.750845+00:00,device-30,firewall,branch-newyork,63.47,39.11,32.41,0.0405,59.21,0.00072,36.4,healthy,0,0
2026-03-16T21:23:18.750845+00:00,device-32,load_balancer,datacenter-central,34.84,52.08,2.18,0.2094,22.35,0.00463,45.2,healthy,0,0
2026-03-21T07:05:18.750845+00:00,device-27,switch,datacenter-west,48.51,57.64,41.25,0.0698,6.69,0.00171,44.9,healthy,0,0
2026-03-17T22:07:18.750845+00:00,device-29,load_balancer,branch-newyork,46.97,58.91,27.49,0.0741,54.45,0.00313,48.3,healthy,0,0
2026-03-17T20:29:18.750845+00:00,device-46,router,branch-losangeles,54.79,20.26,35.79,0.2783,14.66,0.00108,36.7,healthy,0,0
2026-03-19T15:23:18.750845+00:00,device-28,server,branch-chicago,17.19,51.27,35.61,0.203,31.55,0.00392,38.9,healthy,0,0
2026-03-20T05:15:18.750845+00:00,device-16,router,branch-losangeles,82.4,83.95,2427.01,17.8239,73.71,0.20274,68.3,bgp_flapping,4,1
2026-03-19T23:34:18.750845+00:00,device-31,router,datacenter-central,95.74,79.06,263.61,1.2021,82.61,0.01793,66.6,high_cpu,1,1
2026-03-16T22:25:18.750845+00:00,device-42,load_balancer,datacenter-west,20.74,55.26,12.95,0.0452,17.91,0.00162,46.7,healthy,0,0
2026-03-17T17:25:18.750845+00:00,device-37,load_balancer,branch-newyork,38.52,25.98,26.58,0.0439,34.6,0.00286,47.8,healthy,0,0
2026-03-21T00:17:18.750845+00:00,device-12,router,branch-chicago,36.69,55.15,29.31,0.2626,18.48,0.00384,48.1,healthy,0,0
2026-03-16T13:47:18.750845+00:00,device-27,switch,datacenter-west,21.77,56.0,354.35,18.4553,57.68,0.13138,43.7,packet_loss,3,1
2026-03-20T01:45:18.750845+00:00,device-20,server,branch-losangeles,20.92,39.32,15.38,0.1784,16.05,0.00433,39.0,healthy,0,0
2026-03-13T13:53:18.750845+00:00,device-21,firewall,branch-newyork,46.08,51.94,24.89,0.2638,41.9,0.00385,47.7,healthy,0,0
2026-03-22T10:31:18.750845+00:00,device-01,server,datacenter-central,51.92,33.44,15.78,0.1425,6.96,0.00354,42.4,healthy,0,0
2026-03-20T13:41:18.750845+00:00,device-08,load_balancer,datacenter-central,26.85,27.02,14.52,0.2786,45.04,0.00294,44.9,healthy,0,0
2026-03-14T11:25:18.750845+00:00,device-44,switch,datacenter-east,21.04,64.5,25.46,0.283,63.75,0.00179,30.3,healthy,0,0
2026-03-12T06:11:18.750845+00:00,device-35,server,branch-chicago,40.89,39.89,44.57,0.0793,7.34,0.00464,45.8,healthy,0,0
2026-03-13T01:57:18.750845+00:00,device-50,server,datacenter-central,47.2,45.77,23.55,0.1139,20.72,0.00058,33.5,healthy,0,0
2026-03-14T14:37:18.750845+00:00,device-50,firewall,branch-losangeles,64.64,23.98,5.13,0.2241,14.86,0.00154,33.5,healthy,0,0
2026-03-18T11:39:18.750845+00:00,device-33,switch,datacenter-east,31.53,17.97,25.24,0.2945,7.57,0.00439,30.9,healthy,0,0
2026-03-20T18:57:18.750845+00:00,device-45,load_balancer,branch-chicago,43.77,36.59,39.39,0.2147,16.48,0.00186,34.2,healthy,0,0
2026-03-24T06:08:18.750845+00:00,device-26,router,branch-newyork,91.43,61.04,111.23,1.4853,84.06,0.04996,70.3,high_cpu,1,1
2026-03-16T16:27:18.750845+00:00,device-30,server,datacenter-west,53.04,60.65,26.84,0.1711,62.03,0.00325,31.4,healthy,0,0
2026-03-14T14:21:18.750845+00:00,device-14,switch,branch-newyork,70.17,95.96,418.87,1.5248,66.54,0.02798,61.9,memory_exhaustion,2,1
2026-03-18T17:57:18.750845+00:00,device-39,load_balancer,datacenter-east,20.32,14.6,33.86,0.1858,29.24,0.00178,42.5,healthy,0,0
2026-03-12T22:31:18.750845+00:00,device-17,router,datacenter-central,53.15,47.85,1.55,0.2584,23.79,0.00053,43.1,healthy,0,0
2026-03-15T18:01:18.750845+00:00,device-03,server,branch-newyork,22.38,58.47,31.76,0.254,30.94,0.00099,47.2,healthy,0,0
2026-03-15T11:31:18.750845+00:00,device-17,server,datacenter-east,31.79,46.93,31.62,0.0485,21.22,0.0034,41.6,healthy,0,0
2026-03-21T14:19:18.750845+00:00,device-25,router,branch-chicago,36.02,29.37,7.32,0.106,30.87,0.00227,47.5,healthy,0,0
2026-03-22T20:53:18.750845+00:00,device-16,load_balancer,branch-chicago,52.79,51.08,17.38,0.1215,17.56,0.00394,35.1,healthy,0,0
2026-03-18T14:27:18.750845+00:00,device-36,router,branch-losangeles,37.21,40.4,20.81,0.0824,43.93,0.00392,44.3,healthy,0,0
2026-03-18T07:43:18.750845+00:00,device-06,switch,branch-losangeles,18.55,31.42,15.89,0.0343,44.87,0.00306,30.8,healthy,0,0
2026-03-17T14:18:18.750845+00:00,device-08,switch,datacenter-east,49.64,30.96,366.8,26.3871,60.23,0.24619,42.2,packet_loss,3,1
2026-03-22T04:07:18.750845+00:00,device-06,router,datacenter-central,55.53,53.2,35.98,0.0746,27.5,0.00213,32.5,healthy,0,0
2026-03-19T03:35:18.750845+00:00,device-45,load_balancer,branch-losangeles,64.77,12.84,1.82,0.2094,56.72,0.00234,42.5,healthy,0,0
2026-03-21T01:03:18.750845+00:00,device-11,server,branch-chicago,23.37,41.12,44.09,0.036,19.93,0.00045,48.6,healthy,0,0
2026-03-17T00:39:18.750845+00:00,device-23,firewall,datacenter-central,17.55,12.41,1.22,0.1472,22.32,0.00262,42.9,healthy,0,0
2026-03-21T17:53:18.750845+00:00,device-07,firewall,datacenter-central,7.39,59.84,25.53,0.0828,31.81,0.00466,36.3,healthy,0,0
2026-03-17T08:17:18.750845+00:00,device-38,firewall,datacenter-central,6.63,36.88,39.38,0.054,19.72,0.00196,41.7,healthy,0,0
2026-03-19T01:55:18.750845+00:00,device-01,switch,branch-losangeles,59.7,53.18,5.21,0.1627,27.57,0.00183,36.1,healthy,0,0
2026-03-22T18:21:18.750845+00:00,device-45,router,datacenter-east,58.34,12.3,24.9,0.0778,55.57,0.00181,39.4,healthy,0,0
2026-03-22T20:13:18.750845+00:00,device-31,switch,branch-losangeles,38.59,18.65,34.77,0.1652,11.4,0.0034,35.6,healthy,0,0
2026-03-13T18:14:18.750845+00:00,device-25,switch,datacenter-east,69.05,89.7,414.41,5.4722,57.56,0.09765,66.8,memory_exhaustion,2,1
2026-03-13T03:07:18.750845+00:00,device-37,switch,datacenter-west,25.46,37.95,25.31,0.0428,40.62,0.00044,49.7,healthy,0,0
2026-03-19T09:49:18.750845+00:00,device-11,server,branch-losangeles,41.05,98.86,365.07,2.2842,79.31,0.0642,59.9,memory_exhaustion,2,1
2026-03-21T08:53:18.750845+00:00,device-05,router,datacenter-east,32.3,31.15,7.72,0.1016,43.36,0.00455,41.7,healthy,0,0
2026-03-15T00:37:18.750845+00:00,device-31,load_balancer,datacenter-east,40.4,64.32,8.25,0.2392,16.85,0.00207,40.0,healthy,0,0
2026-03-15T10:27:18.750845+00:00,device-13,firewall,branch-newyork,7.92,56.81,20.04,0.0494,5.95,0.00225,37.4,healthy,0,0
2026-03-13T08:59:18.750845+00:00,device-07,firewall,datacenter-west,37.42,36.16,17.31,0.1108,38.93,0.00285,33.8,healthy,0,0
2026-03-20T15:39:18.750845+00:00,device-31,router,branch-newyork,52.04,47.13,27.77,0.0111,62.13,0.00275,45.4,healthy,0,0
2026-03-19T01:13:18.750845+00:00,device-03,load_balancer,datacenter-west,27.27,25.61,24.03,0.1363,27.33,0.00319,34.1,healthy,0,0
2026-03-21T14:21:18.750845+00:00,device-35,firewall,branch-newyork,21.35,52.96,14.49,0.0582,6.93,0.0,47.1,healthy,0,0
2026-03-15T16:29:18.750845+00:00,device-36,server,branch-chicago,42.95,48.32,15.13,0.0338,26.93,0.0021,41.7,healthy,0,0
2026-03-14T03:53:18.750845+00:00,device-13,router,branch-losangeles,41.58,57.6,15.8,0.1888,36.47,0.00318,34.4,healthy,0,0
2026-03-16T10:41:18.750845+00:00,device-39,firewall,datacenter-central,20.06,21.8,37.92,0.0399,19.72,0.00093,36.2,healthy,0,0
2026-03-16T23:11:18.750845+00:00,device-30,server,datacenter-west,19.16,37.85,20.8,0.08,40.4,0.0008,44.3,healthy,0,0
2026-03-16T02:17:18.750845+00:00,device-05,load_balancer,branch-chicago,6.08,59.94,24.27,0.0926,24.78,0.00038,48.0,healthy,0,0
2026-03-18T05:01:18.750845+00:00,device-23,load_balancer,branch-losangeles,56.75,23.31,8.7,0.0315,42.64,0.0042,48.1,healthy,0,0
2026-03-16T22:07:18.750845+00:00,device-13,firewall,branch-chicago,7.65,56.67,21.44,0.1686,63.55,0.00286,35.0,healthy,0,0
2026-03-12T06:03:18.750845+00:00,device-25,router,datacenter-west,53.98,14.04,19.37,0.0044,11.01,0.0034,48.3,healthy,0,0
2026-03-18T17:35:18.750845+00:00,device-18,firewall,datacenter-east,93.53,96.65,2131.56,50.3075,96.0,0.797,67.1,ddos_attack,5,1
2026-03-22T23:07:18.750845+00:00,device-47,server,datacenter-central,31.07,40.86,40.84,0.2862,62.4,0.0022,44.2,healthy,0,0
2026-03-19T17:39:18.750845+00:00,device-44,router,branch-chicago,32.3,47.97,1328.66,29.7587,67.24,0.23134,45.0,packet_loss,3,1
2026-03-15T12:37:18.750845+00:00,device-42,switch,datacenter-central,61.26,64.0,15.11,0.1365,52.99,0.00256,44.8,healthy,0,0
2026-03-22T14:11:18.750845+00:00,device-22,router,datacenter-central,42.57,37.11,31.44,0.1704,51.76,0.00182,48.0,healthy,0,0
2026-03-19T15:38:18.750845+00:00,device-24,firewall,branch-chicago,91.06,84.55,3679.71,52.1661,97.15,0.51145,69.5,ddos_attack,5,1
2026-03-16T20:53:18.750845+00:00,device-50,switch,branch-chicago,18.8,64.63,13.74,0.1487,37.42,0.00154,47.3,healthy,0,0
2026-03-15T16:31:18.750845+00:00,device-49,router,datacenter-central,52.23,46.58,8.81,0.0312,47.22,1e-05,46.3,healthy,0,0
2026-03-20T17:43:18.750845+00:00,device-17,load_balancer,datacenter-west,91.12,89.22,3886.84,39.9924,98.96,0.59205,65.0,ddos_attack,5,1
2026-03-14T10:13:18.750845+00:00,device-02,server,datacenter-central,13.79,23.56,7.05,0.0848,26.87,0.00294,38.3,healthy,0,0
2026-03-18T18:53:18.750845+00:00,device-15,server,branch-newyork,55.83,56.05,42.23,0.1082,26.1,0.00387,43.0,healthy,0,0
2026-03-18T22:51:18.750845+00:00,device-34,load_balancer,branch-newyork,52.13,29.88,14.62,0.1714,36.48,0.00387,43.0,healthy,0,0
2026-03-12T03:47:18.750845+00:00,device-23,firewall,datacenter-east,57.6,65.17,13.54,0.1106,44.09,0.00142,36.8,healthy,0,0
2026-03-21T14:41:18.750845+00:00,device-11,firewall,branch-chicago,26.94,12.92,2.91,0.0174,51.0,0.00393,40.4,healthy,0,0
2026-03-22T10:55:18.750845+00:00,device-06,firewall,branch-chicago,22.72,68.21,22.89,0.0026,6.7,0.00493,30.3,healthy,0,0
2026-03-15T11:23:18.750845+00:00,device-36,firewall,datacenter-central,45.63,55.91,14.26,0.1568,37.05,0.00234,43.6,healthy,0,0
2026-03-13T09:50:18.750845+00:00,device-12,switch,branch-losangeles,48.74,23.65,1815.48,16.572,46.59,0.13754,50.7,packet_loss,3,1
2026-03-18T13:15:18.750845+00:00,device-06,switch,datacenter-west,49.27,25.11,19.05,0.1504,60.76,0.0011,43.0,healthy,0,0
2026-03-19T12:05:18.750845+00:00,device-16,switch,branch-losangeles,40.18,18.65,14.2,0.176,31.9,0.00143,36.5,healthy,0,0
2026-03-16T19:55:18.750845+00:00,device-09,firewall,branch-chicago,45.88,35.27,1.67,0.2798,26.77,0.00197,37.9,healthy,0,0
2026-03-14T15:23:18.750845+00:00,device-48,router,datacenter-east,40.62,35.26,29.67,0.2974,42.7,0.00094,40.0,healthy,0,0
2026-03-14T07:57:18.750845+00:00,device-12,firewall,datacenter-central,27.69,23.79,9.82,0.1411,50.25,0.00043,32.2,healthy,0,0
2026-03-18T20:55:18.750845+00:00,device-44,router,branch-chicago,35.9,37.35,5.12,0.1679,23.36,0.00365,35.1,healthy,0,0
2026-03-16T19:45:18.750845+00:00,device-28,switch,datacenter-west,24.86,38.41,27.58,0.2354,20.68,0.00395,40.4,healthy,0,0
2026-03-18T06:41:18.750845+00:00,device-09,load_balancer,datacenter-central,36.61,33.77,16.35,0.1701,22.58,0.0035,38.3,healthy,0,0
2026-03-16T08:45:18.750845+00:00,device-45,firewall,branch-chicago,41.25,13.38,31.22,0.2393,59.0,0.00429,31.6,healthy,0,0
2026-03-17T01:58:18.750845+00:00,device-14,server,datacenter-east,50.91,97.25,328.32,4.4174,56.77,0.02643,56.9,memory_exhaustion,2,1
2026-03-24T17:39:18.750845+00:00,device-12,router,branch-losangeles,35.29,43.64,1100.29,26.0959,57.89,0.20799,48.9,packet_loss,3,1
2026-03-24T04:53:18.750845+00:00,device-50,router,datacenter-east,53.25,27.25,363.04,29.045,46.75,0.13676,39.9,packet_loss,3,1
2026-03-18T19:29:18.750845+00:00,device-04,router,datacenter-east,93.65,61.12,173.72,0.697,84.84,0.01833,65.0,high_cpu,1,1
2026-03-16T21:43:18.750845+00:00,device-18,switch,datacenter-west,53.91,23.06,26.39,0.2253,12.73,0.00466,32.4,healthy,0,0
2026-03-21T01:51:18.750845+00:00,device-46,server,datacenter-west,53.98,21.67,5.53,0.0193,13.63,0.00471,35.9,healthy,0,0
2026-03-12T07:03:18.750845+00:00,device-46,switch,datacenter-east,37.05,33.02,35.42,0.021,20.27,0.00438,39.8,healthy,0,0
2026-03-25T16:24:18.750845+00:00,device-14,switch,branch-chicago,69.03,91.82,175.29,7.6939,73.5,0.05157,62.1,memory_exhaustion,2,1
2026-03-12T20:07:18.750845+00:00,device-23,switch,branch-chicago,9.26,66.64,41.25,0.2861,25.86,0.00389,41.3,healthy,0,0
2026-03-15T22:43:18.750845+00:00,device-30,router,branch-chicago,31.37,45.22,37.0,0.0599,9.07,0.00191,44.2,healthy,0,0
2026-03-21T18:23:18.750845+00:00,device-24,router,branch-chicago,79.43,84.83,2704.88,25.2568,60.55,0.1687,60.5,bgp_flapping,4,1
2026-03-21T08:17:18.750845+00:00,device-23,firewall,branch-chicago,56.84,62.27,4.94,0.2591,17.02,0.00227,36.3,healthy,0,0
2026-03-20T22:51:18.750845+00:00,device-23,router,branch-losangeles,42.56,48.93,20.87,0.0692,40.65,0.00156,49.3,healthy,0,0
2026-03-18T19:59:18.750845+00:00,device-45,router,branch-chicago,64.92,63.82,18.33,0.1534,51.5,0.00018,38.4,healthy,0,0
2026-03-15T05:57:18.750845+00:00,device-24,firewall,datacenter-east,42.12,56.4,42.51,0.1235,27.53,0.0027,34.9,healthy,0,0
2026-03-18T09:07:18.750845+00:00,device-17,load_balancer,branch-chicago,60.98,24.83,2.62,0.0332,52.71,0.00014,44.4,healthy,0,0
2026-03-20T08:13:18.750845+00:00,device-25,load_balancer,branch-newyork,42.87,45.35,14.3,0.0705,35.91,0.00286,33.7,healthy,0,0
2026-03-14T22:46:18.750845+00:00,device-11,router,branch-losangeles,98.01,84.81,215.51,1.9729,71.83,0.03032,63.1,high_cpu,1,1
2026-03-12T20:01:18.750845+00:00,device-47,load_balancer,datacenter-west,43.62,21.73,34.99,0.011,19.4,0.00367,48.1,healthy,0,0
2026-03-17T21:29:18.750845+00:00,device-21,server,branch-losangeles,9.49,64.99,9.47,0.128,42.71,0.00266,40.7,healthy,0,0
2026-03-22T02:23:18.750845+00:00,device-32,firewall,branch-newyork,18.5,56.35,18.44,0.0074,28.26,0.0049,39.6,healthy,0,0
2026-03-14T18:43:18.750845+00:00,device-04,server,branch-chicago,17.01,41.86,14.38,0.0036,18.77,0.00039,34.0,healthy,0,0
2026-03-21T03:13:18.750845+00:00,device-44,firewall,branch-newyork,39.53,16.54,32.39,0.1708,62.71,0.00123,40.8,healthy,0,0
2026-03-18T00:53:18.750845+00:00,device-30,firewall,branch-losangeles,42.9,13.81,31.46,0.2765,47.94,0.00368,31.5,healthy,0,0
2026-03-21T16:15:18.750845+00:00,device-44,load_balancer,datacenter-central,51.3,20.76,5.36,0.1075,38.84,0.00119,45.7,healthy,0,0
2026-03-21T07:09:18.750845+00:00,device-46,router,branch-losangeles,91.87,81.36,219.96,1.2542,79.15,0.01381,79.2,high_cpu,1,1
2026-03-14T03:59:18.750845+00:00,device-08,router,branch-chicago,15.91,29.39,22.63,0.212,37.23,0.0016,48.2,healthy,0,0
2026-03-20T09:37:18.750845+00:00,device-31,switch,branch-chicago,64.58,11.92,33.71,0.277,13.67,0.00134,47.9,healthy,0,0
2026-03-18T09:15:18.750845+00:00,device-29,load_balancer,datacenter-central,19.2,69.82,8.43,0.1622,61.31,0.00231,32.3,healthy,0,0
2026-03-24T02:33:18.750845+00:00,device-47,firewall,branch-chicago,92.26,91.42,4102.75,43.9815,97.23,0.25973,73.8,ddos_attack,5,1
2026-03-19T03:59:18.750845+00:00,device-26,firewall,branch-newyork,61.94,40.41,28.19,0.0604,38.87,0.0037,49.9,healthy,0,0
2026-03-16T02:13:18.750845+00:00,device-02,firewall,branch-chicago,57.81,27.67,30.13,0.0009,14.46,0.00182,46.1,healthy,0,0
2026-03-20T06:00:18.750845+00:00,device-37,load_balancer,branch-losangeles,90.05,83.23,4167.96,36.1062,99.24,0.67593,72.4,ddos_attack,5,1
2026-03-20T11:01:18.750845+00:00,device-10,load_balancer,branch-newyork,41.75,67.53,36.19,0.1518,18.53,0.0021,41.3,healthy,0,0
2026-03-16T03:37:18.750845+00:00,device-20,server,branch-chicago,73.55,94.3,272.38,5.1276,77.88,0.03896,67.1,memory_exhaustion,2,1
2026-03-22T07:53:18.750845+00:00,device-07,firewall,datacenter-central,41.51,42.63,2.55,0.0272,47.68,0.00107,33.6,healthy,0,0
2026-03-19T21:15:18.750845+00:00,device-14,server,branch-newyork,62.86,25.54,27.17,0.0048,30.6,0.00081,49.7,healthy,0,0
2026-03-13T20:33:18.750845+00:00,device-50,router,branch-losangeles,38.06,35.57,40.73,0.1307,64.36,0.00432,46.5,healthy,0,0
2026-03-25T22:37:18.750845+00:00,device-43,load_balancer,datacenter-east,96.2,82.6,1142.59,35.0579,99.81,0.4508,81.1,ddos_attack,5,1
2026-03-13T17:34:18.750845+00:00,device-45,firewall,branch-chicago,96.11,93.7,4791.9,45.0024,97.14,0.20055,65.0,ddos_attack,5,1
2026-03-20T12:45:18.750845+00:00,device-05,server,branch-losangeles,44.44,18.64,7.09,0.0476,7.34,0.00081,36.6,healthy,0,0
2026-03-20T18:47:18.750845+00:00,device-14,router,branch-newyork,9.46,58.04,20.21,0.151,41.24,0.00497,43.5,healthy,0,0
2026-03-21T22:11:18.750845+00:00,device-14,firewall,branch-losangeles,60.82,15.53,39.03,0.038,23.21,0.00102,45.4,healthy,0,0
2026-03-18T12:53:18.750845+00:00,device-24,switch,datacenter-central,42.73,19.88,3.77,0.2498,32.73,0.00444,41.5,healthy,0,0
2026-03-16T07:33:18.750845+00:00,device-36,router,branch-losangeles,83.27,77.95,860.84,23.1562,88.26,0.45868,73.4,bgp_flapping,4,1
2026-03-20T06:27:18.750845+00:00,device-25,firewall,branch-newyork,51.47,63.23,30.85,0.1985,63.83,0.00468,41.4,healthy,0,0
2026-03-21T22:19:18.750845+00:00,device-30,switch,datacenter-central,8.07,56.74,39.3,0.0276,38.83,0.00221,48.8,healthy,0,0
2026-03-14T03:37:18.750845+00:00,device-23,switch,branch-losangeles,29.63,13.34,7.66,0.0829,40.96,0.00027,47.7,healthy,0,0
2026-03-22T09:41:18.750845+00:00,device-39,switch,datacenter-east,14.61,62.2,10.28,0.2795,34.91,0.0015,32.4,healthy,0,0
2026-03-13T12:49:18.750845+00:00,device-15,router,branch-losangeles,71.92,88.02,2064.85,23.5736,78.71,0.10191,60.4,bgp_flapping,4,1
2026-03-22T10:14:18.750845+00:00,device-03,switch,branch-losangeles,43.32,52.43,1058.03,18.5509,57.83,0.14821,36.5,packet_loss,3,1
2026-03-17T06:39:18.750845+00:00,device-04,router,branch-newyork,38.53,27.87,35.41,0.1576,24.71,0.00442,41.7,healthy,0,0
2026-03-14T02:11:18.750845+00:00,device-28,switch,branch-newyork,55.17,48.82,6.39,0.1204,44.82,0.00144,44.7,healthy,0,0
2026-03-18T07:43:18.750845+00:00,device-39,server,branch-losangeles,95.72,67.14,104.89,2.4623,75.68,0.01075,67.5,high_cpu,1,1
2026-03-23T00:09:18.750845+00:00,device-11,switch,datacenter-east,21.46,68.75,35.07,0.1161,31.03,0.00258,41.8,healthy,0,0
2026-03-21T12:03:18.750845+00:00,device-03,router,branch-losangeles,12.58,56.47,8.08,0.1101,35.88,0.00398,38.2,healthy,0,0
2026-03-15T01:41:18.750845+00:00,device-38,server,branch-chicago,47.46,31.39,30.66,0.2727,39.07,0.00439,43.3,healthy,0,0
2026-03-17T04:21:18.750845+00:00,device-37,switch,datacenter-central,40.62,98.99,101.67,2.807,67.38,0.05751,74.6,memory_exhaustion,2,1
2026-03-24T15:05:18.750845+00:00,device-21,router,datacenter-west,84.75,84.8,984.16,32.3182,74.09,0.1633,65.4,bgp_flapping,4,1
2026-03-22T01:55:18.750845+00:00,device-44,firewall,branch-newyork,58.16,31.14,39.43,0.2361,12.04,4e-05,46.0,healthy,0,0
2026-03-21T12:01:18.750845+00:00,device-34,server,datacenter-east,23.34,68.65,44.49,0.276,36.2,0.00259,47.6,healthy,0,0
2026-03-19T21:09:18.750845+00:00,device-04,server,branch-chicago,51.28,67.06,20.56,0.0602,47.65,0.00035,43.2,healthy,0,0
2026-03-22T19:43:18.750845+00:00,device-03,load_balancer,branch-losangeles,60.79,51.51,35.5,0.2165,22.88,0.0017,47.7,healthy,0,0
2026-03-18T08:29:18.750845+00:00,device-05,load_balancer,branch-losangeles,7.53,23.2,24.77,0.0478,41.3,0.00267,43.7,healthy,0,0
2026-03-13T18:47:18.750845+00:00,device-46,load_balancer,branch-losangeles,52.95,48.49,24.6,0.1551,60.42,0.00114,34.4,healthy,0,0
2026-03-14T21:23:18.750845+00:00,device-45,server,datacenter-central,60.13,32.24,10.49,0.269,63.5,0.00196,41.2,healthy,0,0
2026-03-15T08:45:18.750845+00:00,device-08,server,branch-newyork,57.91,67.79,6.61,0.1344,12.27,0.00019,41.3,healthy,0,0
2026-03-22T06:13:18.750845+00:00,device-40,load_balancer,datacenter-west,48.26,22.58,1.82,0.0666,54.11,0.00154,47.7,healthy,0,0
2026-03-13T20:41:18.750845+00:00,device-30,switch,branch-losangeles,61.7,22.9,38.27,0.2416,33.7,0.00375,39.1,healthy,0,0
2026-03-18T20:10:18.750845+00:00,device-21,firewall,datacenter-central,95.71,86.81,3212.95,40.1573,99.3,0.25513,72.4,ddos_attack,5,1
2026-03-16T09:13:18.750845+00:00,device-47,load_balancer,branch-losangeles,93.62,85.78,1572.91,42.496,96.88,0.35808,75.5,ddos_attack,5,1
2026-03-16T02:55:18.750845+00:00,device-40,server,datacenter-central,14.16,38.7,36.16,0.1353,12.84,0.00025,30.9,healthy,0,0
2026-03-15T17:25:18.750845+00:00,device-24,switch,datacenter-west,6.16,16.03,23.51,0.2415,11.41,0.00418,32.7,healthy,0,0
2026-03-24T14:53:18.750845+00:00,device-15,server,branch-losangeles,86.54,66.76,106.64,1.503,80.57,0.01513,70.0,high_cpu,1,1
2026-03-24T11:43:18.750845+00:00,device-44,switch,datacenter-west,51.49,97.06,122.63,4.4779,67.62,0.08825,62.6,memory_exhaustion,2,1
2026-03-12T20:17:18.750845+00:00,device-29,switch,datacenter-central,34.05,69.28,25.75,0.0774,32.27,0.00273,34.0,healthy,0,0
2026-03-22T21:33:18.750845+00:00,device-04,load_balancer,datacenter-central,64.72,29.14,39.37,0.2549,48.47,0.00326,37.6,healthy,0,0
2026-03-21T07:57:18.750845+00:00,device-28,server,branch-chicago,5.18,28.33,35.27,0.2062,54.42,0.00408,32.9,healthy,0,0
2026-03-12T20:29:18.750845+00:00,device-25,firewall,datacenter-west,47.6,56.21,1.79,0.2686,38.77,0.00224,47.5,healthy,0,0
2026-03-16T09:53:18.750845+00:00,device-42,router,datacenter-central,18.71,11.23,30.87,0.0422,34.57,0.00259,36.2,healthy,0,0
2026-03-14T02:03:18.750845+00:00,device-22,router,datacenter-west,8.25,42.23,18.81,0.1928,48.84,0.00138,43.6,healthy,0,0
2026-03-21T03:25:18.750845+00:00,device-49,server,branch-newyork,51.51,35.65,41.23,0.2375,8.08,0.00411,43.8,healthy,0,0
2026-03-15T02:09:18.750845+00:00,device-35,router,datacenter-central,13.38,32.17,23.15,0.1697,54.95,0.00375,36.0,healthy,0,0
2026-03-15T07:57:18.750845+00:00,device-37,server,datacenter-west,27.65,68.31,18.15,0.1647,28.72,0.00337,32.0,healthy,0,0
2026-03-21T14:51:18.750845+00:00,device-21,load_balancer,branch-chicago,60.36,40.7,12.86,0.2768,50.45,0.00258,40.1,healthy,0,0
2026-03-24T10:54:18.750845+00:00,device-31,switch,datacenter-east,68.54,98.57,278.82,4.6131,63.42,0.05646,58.4,memory_exhaustion,2,1
2026-03-12T20:05:18.750845+00:00,device-22,firewall,datacenter-west,19.48,60.05,24.32,0.2182,15.98,0.00018,35.9,healthy,0,0
2026-03-14T07:45:18.750845+00:00,device-18,switch,branch-chicago,54.88,40.55,37.85,0.1216,61.15,0.00103,36.9,healthy,0,0
2026-03-13T04:07:18.750845+00:00,device-03,router,datacenter-east,41.69,27.57,43.21,0.2411,26.52,0.00349,38.9,healthy,0,0
2026-03-21T21:04:18.750845+00:00,device-34,switch,datacenter-east,43.31,96.61,227.93,7.9152,64.54,0.05105,57.3,memory_exhaustion,2,1
2026-03-20T17:39:18.750845+00:00,device-43,router,datacenter-central,56.32,50.37,28.84,0.2613,24.53,0.00071,47.9,healthy,0,0
2026-03-18T00:59:18.750845+00:00,device-16,firewall,branch-losangeles,14.6,41.23,30.79,0.012,27.19,0.00373,31.7,healthy,0,0
2026-03-20T05:43:18.750845+00:00,device-09,router,branch-chicago,28.65,19.73,4.27,0.2356,17.92,0.00259,36.2,healthy,0,0
2026-03-17T01:11:18.750845+00:00,device-10,switch,branch-losangeles,12.3,44.73,31.63,0.1921,49.76,0.00188,47.1,healthy,0,0
2026-03-17T10:43:18.750845+00:00,device-06,firewall,datacenter-east,10.61,55.33,20.62,0.0529,17.95,0.00202,30.0,healthy,0,0
2026-03-12T03:57:18.750845+00:00,device-44,server,datacenter-east,20.78,69.32,26.4,0.1597,8.97,0.00375,34.5,healthy,0,0
2026-03-21T23:24:18.750845+00:00,device-49,firewall,datacenter-central,92.99,81.25,2228.17,42.2528,95.52,0.47587,73.2,ddos_attack,5,1
2026-03-17T22:15:18.750845+00:00,device-42,firewall,branch-newyork,98.69,86.96,2057.96,52.1427,96.08,0.774,80.4,ddos_attack,5,1
2026-03-17T01:13:18.750845+00:00,device-30,router,branch-losangeles,18.48,64.4,36.69,0.1405,28.76,0.00483,33.2,healthy,0,0
2026-03-21T07:39:18.750845+00:00,device-28,server,branch-chicago,21.22,25.8,39.09,0.0502,27.21,0.0038,40.9,healthy,0,0
2026-03-20T06:31:18.750845+00:00,device-11,router,branch-chicago,15.15,65.8,15.3,0.0737,31.28,0.00484,49.1,healthy,0,0
2026-03-21T02:50:18.750845+00:00,device-10,server,branch-chicago,46.98,97.07,338.57,7.0462,59.93,0.08282,58.2,memory_exhaustion,2,1
2026-03-24T05:10:18.750845+00:00,device-33,router,datacenter-central,72.39,86.45,2047.23,32.6423,63.68,0.25281,55.5,bgp_flapping,4,1
2026-03-12T11:39:18.750845+00:00,device-12,load_balancer,datacenter-east,53.72,30.8,30.0,0.2869,35.92,0.00449,36.4,healthy,0,0
2026-03-15T06:41:18.750845+00:00,device-42,load_balancer,datacenter-west,6.23,14.8,12.23,0.2911,54.37,0.00293,37.9,healthy,0,0
2026-03-15T08:47:18.750845+00:00,device-07,switch,datacenter-central,34.73,48.25,40.26,0.2712,63.42,0.00112,39.3,healthy,0,0
2026-03-22T00:20:18.750845+00:00,device-29,switch,datacenter-central,29.35,32.5,1971.99,20.1962,30.18,0.28238,40.5,packet_loss,3,1
2026-03-20T04:25:18.750845+00:00,device-23,firewall,branch-newyork,61.02,29.66,30.74,0.2655,24.99,0.00041,36.0,healthy,0,0
2026-03-16T14:59:18.750845+00:00,device-32,router,branch-newyork,46.53,31.7,19.49,0.0274,22.34,0.00403,49.4,healthy,0,0
2026-03-16T09:40:18.750845+00:00,device-14,load_balancer,datacenter-east,97.0,85.79,3568.71,20.6975,96.23,0.55901,75.8,ddos_attack,5,1
2026-03-13T02:11:18.750845+00:00,device-41,router,datacenter-central,54.81,25.88,31.66,0.1592,37.49,0.00171,39.5,healthy,0,0
2026-03-20T16:47:18.750845+00:00,device-38,firewall,datacenter-central,38.79,51.85,35.85,0.1452,36.34,0.00037,40.3,healthy,0,0
2026-03-24T14:46:18.750845+00:00,device-50,firewall,datacenter-central,91.63,95.49,3944.73,59.0954,98.4,0.32783,65.7,ddos_attack,5,1
2026-03-12T11:27:18.750845+00:00,device-26,router,datacenter-west,58.69,38.9,5.07,0.0769,9.32,0.00028,38.5,healthy,0,0
2026-03-17T16:18:18.750845+00:00,device-44,router,branch-newyork,97.47,69.93,271.8,0.9579,82.19,0.01688,73.1,high_cpu,1,1
2026-03-19T21:49:18.750845+00:00,device-23,switch,datacenter-east,19.83,19.83,6.82,0.0806,13.05,0.00397,32.3,healthy,0,0
2026-03-17T08:50:18.750845+00:00,device-37,router,branch-losangeles,96.13,69.95,210.77,2.7657,87.65,0.03847,60.3,high_cpu,1,1
2026-03-21T22:23:18.750845+00:00,device-27,load_balancer,datacenter-central,29.93,40.82,16.56,0.2687,59.14,0.00158,41.0,healthy,0,0
2026-03-22T06:17:18.750845+00:00,device-07,server,branch-newyork,11.56,49.54,8.07,0.059,12.14,0.00033,31.9,healthy,0,0
2026-03-18T04:29:18.750845+00:00,device-16,firewall,branch-chicago,60.3,16.47,8.45,0.1675,35.9,0.00118,30.2,healthy,0,0
2026-03-23T03:27:18.750845+00:00,device-45,firewall,datacenter-east,40.0,62.53,24.05,0.2053,57.02,0.0034,36.7,healthy,0,0
2026-03-15T16:07:18.750845+00:00,device-12,firewall,datacenter-central,11.16,39.21,43.94,0.1436,33.09,0.00421,37.4,healthy,0,0
2026-03-12T03:13:18.750845+00:00,device-48,load_balancer,datacenter-central,50.15,52.76,21.11,0.2783,6.46,0.00259,45.1,healthy,0,0
2026-03-13T11:57:18.750845+00:00,device-27,router,branch-chicago,30.0,17.44,12.64,0.2605,23.35,0.00033,39.4,healthy,0,0
2026-03-14T00:32:18.750845+00:00,device-44,router,branch-chicago,75.13,78.03,2563.17,30.9222,85.91,0.25451,70.4,bgp_flapping,4,1
2026-03-17T10:35:18.750845+00:00,device-04,firewall,datacenter-central,26.36,11.16,23.21,0.2035,33.73,0.00346,33.3,healthy,0,0
2026-03-12T21:21:18.750845+00:00,device-19,firewall,branch-losangeles,91.28,88.52,2936.7,51.0117,95.61,0.36359,72.4,ddos_attack,5,1
2026-03-17T05:31:18.750845+00:00,device-18,firewall,branch-losangeles,48.61,47.81,12.01,0.0148,62.35,0.00454,40.8,healthy,0,0
2026-03-22T13:49:18.750845+00:00,device-32,router,branch-chicago,47.38,59.29,28.86,0.2345,22.25,0.00219,48.1,healthy,0,0
2026-03-15T15:39:18.750845+00:00,device-27,server,datacenter-central,11.44,26.97,44.45,0.0672,61.87,0.00139,45.5,healthy,0,0
2026-03-13T04:19:18.750845+00:00,device-45,firewall,branch-newyork,7.7,42.83,17.68,0.1567,20.49,0.00071,45.2,healthy,0,0
2026-03-15T06:23:18.750845+00:00,device-21,switch,branch-chicago,50.45,28.54,26.1,0.2993,44.39,0.00175,37.9,healthy,0,0
2026-03-15T22:13:18.750845+00:00,device-21,router,datacenter-west,26.41,38.23,8.98,0.1806,52.39,0.00282,33.3,healthy,0,0
2026-03-19T07:33:18.750845+00:00,device-10,load_balancer,branch-losangeles,51.47,40.69,38.4,0.2745,43.2,0.00193,42.1,healthy,0,0
2026-03-16T05:06:18.750845+00:00,device-37,router,branch-chicago,92.45,80.28,211.54,0.8442,76.11,0.02559,65.9,high_cpu,1,1
2026-03-14T16:17:18.750845+00:00,device-23,firewall,datacenter-west,42.8,10.3,29.88,0.0178,18.34,0.0042,44.7,healthy,0,0
2026-03-19T01:33:18.750845+00:00,device-26,firewall,datacenter-east,30.32,31.51,21.71,0.1159,61.16,0.00388,45.9,healthy,0,0
2026-03-20T12:47:18.750845+00:00,device-38,firewall,datacenter-west,23.04,66.93,43.98,0.0908,50.59,0.00091,31.0,healthy,0,0
2026-03-18T16:45:18.750845+00:00,device-08,load_balancer,branch-losangeles,38.92,29.83,23.58,0.1848,7.9,0.00307,34.9,healthy,0,0
2026-03-20T23:51:18.750845+00:00,device-20,server,datacenter-central,25.36,20.98,44.15,0.2381,31.77,4e-05,34.0,healthy,0,0
2026-03-18T00:37:18.750845+00:00,device-17,load_balancer,branch-newyork,46.92,62.33,30.52,0.266,10.26,0.00037,42.4,healthy,0,0
2026-03-19T13:39:18.750845+00:00,device-09,switch,datacenter-west,52.52,20.23,1813.02,16.2095,64.1,0.18117,38.1,packet_loss,3,1
2026-03-18T21:24:18.750845+00:00,device-39,server,datacenter-east,41.53,96.71,143.73,1.1848,56.92,0.08766,55.4,memory_exhaustion,2,1
2026-03-14T07:47:18.750845+00:00,device-27,server,branch-newyork,11.99,30.04,27.67,0.2526,23.16,0.00271,45.4,healthy,0,0
2026-03-19T05:29:18.750845+00:00,device-38,switch,branch-chicago,43.1,15.14,31.36,0.0648,8.04,0.00384,38.6,healthy,0,0
2026-03-18T17:01:18.750845+00:00,device-45,load_balancer,branch-newyork,49.0,26.27,43.59,0.0033,18.52,0.00148,47.7,healthy,0,0
2026-03-13T02:54:18.750845+00:00,device-14,router,datacenter-east,73.73,63.76,2515.45,29.1284,83.34,0.33796,71.8,bgp_flapping,4,1
2026-03-19T00:21:18.750845+00:00,device-34,firewall,datacenter-west,34.09,43.97,9.81,0.2116,61.06,0.00427,45.7,healthy,0,0
2026-03-13T19:41:18.750845+00:00,device-35,switch,branch-newyork,55.38,37.61,33.48,0.1871,28.88,0.00494,43.9,healthy,0,0
2026-03-15T14:47:18.750845+00:00,device-13,firewall,datacenter-central,48.87,68.64,25.67,0.0692,54.38,0.00442,33.2,healthy,0,0
2026-03-22T02:49:18.750845+00:00,device-41,load_balancer,branch-chicago,40.73,17.34,26.86,0.193,54.14,0.00393,46.0,healthy,0,0
2026-03-16T01:40:18.750845+00:00,device-49,router,branch-newyork,41.81,43.12,1041.69,17.1474,58.87,0.25509,46.3,packet_loss,3,1
2026-03-13T19:27:18.750845+00:00,device-02,load_balancer,datacenter-west,47.87,31.16,17.15,0.2262,59.56,0.00441,31.7,healthy,0,0
2026-03-12T09:47:18.750845+00:00,device-14,server,branch-newyork,11.12,34.51,39.77,0.2996,5.64,0.00194,33.0,healthy,0,0
2026-03-16T11:47:18.750845+00:00,device-44,switch,branch-newyork,35.95,26.89,6.03,0.0022,15.69,0.00213,41.5,healthy,0,0
2026-03-21T11:15:18.750845+00:00,device-48,switch,branch-losangeles,62.59,61.65,12.93,0.1987,41.96,0.00042,35.6,healthy,0,0
2026-03-19T18:05:18.750845+00:00,device-01,switch,branch-chicago,46.29,25.11,26.6,0.2876,38.78,0.0015,32.2,healthy,0,0
2026-03-23T02:33:18.750845+00:00,device-08,switch,datacenter-east,43.62,37.84,28.18,0.149,38.3,0.00277,41.9,healthy,0,0
2026-03-19T11:16:18.750845+00:00,device-50,router,branch-newyork,95.69,70.31,210.51,1.9254,89.88,0.03479,72.2,high_cpu,1,1
2026-03-13T17:03:18.750845+00:00,device-18,server,datacenter-west,59.33,69.65,3.1,0.0886,5.11,0.00279,37.5,healthy,0,0
2026-03-25T13:27:18.750845+00:00,device-33,router,datacenter-west,93.5,64.85,253.08,2.622,78.43,0.0352,79.6,high_cpu,1,1
2026-03-17T20:17:18.750845+00:00,device-36,firewall,datacenter-central,45.84,22.13,11.85,0.0198,46.5,0.00278,30.5,healthy,0,0
2026-03-16T01:17:18.750845+00:00,device-07,switch,branch-losangeles,61.62,88.23,445.26,2.0817,64.87,0.02307,68.5,memory_exhaustion,2,1
2026-03-16T02:15:18.750845+00:00,device-30,switch,branch-losangeles,29.53,35.23,24.01,0.2503,48.5,0.0029,34.1,healthy,0,0
2026-03-17T23:23:18.750845+00:00,device-26,server,datacenter-east,30.96,29.19,38.3,0.2561,35.05,0.00123,32.4,healthy,0,0
2026-03-20T06:25:18.750845+00:00,device-18,server,datacenter-central,46.48,24.13,13.21,0.2419,20.37,4e-05,45.7,healthy,0,0
2026-03-13T08:35:18.750845+00:00,device-19,router,branch-losangeles,60.91,25.33,26.34,0.009,36.0,0.00295,39.5,healthy,0,0
2026-03-12T17:37:18.750845+00:00,device-24,firewall,datacenter-central,31.55,65.53,26.85,0.1749,27.18,0.00475,40.1,healthy,0,0
2026-03-19T10:23:18.750845+00:00,device-42,firewall,datacenter-east,23.92,27.24,35.24,0.0945,55.99,0.00455,35.3,healthy,0,0
2026-03-19T05:05:18.750845+00:00,device-35,switch,branch-losangeles,24.72,56.45,27.45,0.0036,38.33,0.00452,41.4,healthy,0,0
2026-03-24T01:47:18.750845+00:00,device-46,server,branch-losangeles,94.98,67.21,152.76,2.3843,82.27,0.0317,67.4,high_cpu,1,1
2026-03-16T09:47:18.750845+00:00,device-11,switch,datacenter-central,52.73,66.37,21.84,0.2542,26.03,0.00272,34.3,healthy,0,0
2026-03-21T12:13:18.750845+00:00,device-33,server,branch-chicago,23.47,55.14,20.86,0.0624,51.1,0.00454,37.4,healthy,0,0
2026-03-16T00:09:18.750845+00:00,device-09,firewall,branch-newyork,39.41,21.15,32.1,0.1099,43.28,0.00448,37.2,healthy,0,0
2026-03-22T16:01:18.750845+00:00,device-50,switch,datacenter-east,34.87,38.82,663.98,25.7259,64.91,0.28928,46.2,packet_loss,3,1
2026-03-15T14:41:18.750845+00:00,device-13,router,datacenter-east,29.11,60.94,28.64,0.0968,22.1,4e-05,33.3,healthy,0,0
2026-03-15T20:21:18.750845+00:00,device-40,router,datacenter-central,53.32,59.85,18.76,0.0414,5.86,0.00483,45.5,healthy,0,0
2026-03-20T09:11:18.750845+00:00,device-35,firewall,branch-losangeles,60.82,44.92,35.59,0.2509,49.11,0.00087,49.4,healthy,0,0
2026-03-23T11:16:18.750845+00:00,device-32,load_balancer,branch-losangeles,91.39,86.76,2259.66,51.3419,99.48,0.33999,77.2,ddos_attack,5,1
2026-03-19T13:25:18.750845+00:00,device-41,server,datacenter-central,5.4,24.88,7.33,0.2953,44.87,0.00317,42.0,healthy,0,0
2026-03-15T04:05:18.750845+00:00,device-25,router,datacenter-west,39.34,57.41,11.98,0.1237,14.29,0.0048,44.8,healthy,0,0
2026-03-16T23:17:18.750845+00:00,device-25,firewall,branch-newyork,50.02,55.09,3.64,0.1824,42.93,0.00377,45.5,healthy,0,0
2026-03-15T06:13:18.750845+00:00,device-44,load_balancer,branch-chicago,30.11,44.42,28.31,0.2213,25.06,0.00264,41.7,healthy,0,0
2026-03-12T06:09:18.750845+00:00,device-01,load_balancer,datacenter-east,42.3,28.98,3.98,0.1406,23.15,0.00433,43.1,healthy,0,0
2026-03-20T06:09:18.750845+00:00,device-39,router,datacenter-west,22.46,18.11,31.78,0.0497,16.52,0.00461,41.8,healthy,0,0
2026-03-16T11:57:18.750845+00:00,device-23,switch,branch-newyork,51.39,96.51,106.34,7.9434,77.52,0.07497,67.7,memory_exhaustion,2,1
2026-03-20T06:05:18.750845+00:00,device-20,firewall,datacenter-central,34.72,41.48,38.69,0.0198,23.54,0.00315,44.4,healthy,0,0
2026-03-20T14:41:18.750845+00:00,device-07,firewall,datacenter-east,54.45,36.89,34.09,0.0179,50.41,0.00371,38.6,healthy,0,0
2026-03-17T04:25:18.750845+00:00,device-12,switch,branch-newyork,57.58,38.38,20.63,0.1541,57.42,0.00276,30.1,healthy,0,0
2026-03-21T02:45:18.750845+00:00,device-03,firewall,datacenter-east,50.05,43.13,40.98,0.2429,9.58,0.00402,42.5,healthy,0,0
2026-03-21T23:31:18.750845+00:00,device-18,firewall,branch-losangeles,44.37,24.26,40.76,0.2204,59.79,0.00322,42.6,healthy,0,0
2026-03-18T15:05:18.750845+00:00,device-44,router,branch-losangeles,42.6,36.2,1983.56,19.2763,68.25,0.14335,52.6,packet_loss,3,1
2026-03-22T13:57:18.750845+00:00,device-22,load_balancer,branch-chicago,8.79,57.29,43.05,0.0841,15.14,0.00295,39.9,healthy,0,0
2026-03-15T07:35:18.750845+00:00,device-42,server,datacenter-east,48.62,58.97,32.12,0.2622,59.39,0.004,33.6,healthy,0,0
2026-03-19T18:03:18.750845+00:00,device-06,server,branch-chicago,44.43,41.72,39.74,0.2578,42.49,0.00145,37.2,healthy,0,0
2026-03-14T08:29:18.750845+00:00,device-05,switch,branch-losangeles,44.0,52.59,31.18,0.1006,42.62,0.00058,34.5,healthy,0,0
2026-03-19T10:22:18.750845+00:00,device-40,server,datacenter-east,85.53,66.66,181.72,2.7625,87.44,0.02411,67.0,high_cpu,1,1
2026-03-13T00:23:18.750845+00:00,device-14,firewall,branch-losangeles,20.56,59.65,24.61,0.2978,52.93,0.00037,34.8,healthy,0,0
2026-03-18T19:11:18.750845+00:00,device-49,server,datacenter-east,57.46,14.9,31.65,0.1856,22.48,0.00474,48.4,healthy,0,0
2026-03-19T06:29:18.750845+00:00,device-04,switch,branch-newyork,63.49,22.3,35.66,0.1008,40.25,0.00178,45.5,healthy,0,0
2026-03-17T02:13:18.750845+00:00,device-41,router,branch-chicago,5.88,28.37,28.5,0.1832,32.82,0.00135,45.2,healthy,0,0
2026-03-14T05:41:18.750845+00:00,device-09,firewall,datacenter-west,8.64,31.3,33.04,0.2004,37.48,0.00353,30.8,healthy,0,0
2026-03-17T02:43:18.750845+00:00,device-24,switch,datacenter-east,18.24,68.4,38.73,0.2271,11.92,0.00332,36.7,healthy,0,0
2026-03-17T05:09:18.750845+00:00,device-33,server,branch-losangeles,34.47,51.85,17.18,0.0687,10.75,0.00437,33.5,healthy,0,0
2026-03-21T15:55:18.750845+00:00,device-42,firewall,branch-losangeles,17.79,62.95,21.02,0.0079,38.07,0.00413,31.9,healthy,0,0
2026-03-14T11:03:18.750845+00:00,device-42,load_balancer,datacenter-west,16.4,13.62,5.63,0.2721,50.32,0.00386,40.5,healthy,0,0
2026-03-25T21:37:18.750845+00:00,device-41,server,branch-newyork,65.46,96.46,357.38,3.4663,71.88,0.06103,72.8,memory_exhaustion,2,1
2026-03-12T08:31:18.750845+00:00,device-18,load_balancer,datacenter-central,10.36,16.88,11.36,0.2748,61.27,0.00416,40.4,healthy,0,0
2026-03-16T08:27:18.750845+00:00,device-06,firewall,datacenter-west,38.25,68.9,2.08,0.1422,10.85,0.00481,36.2,healthy,0,0
2026-03-14T01:31:18.750845+00:00,device-37,switch,branch-chicago,34.66,19.67,14.87,0.0644,30.5,0.00088,41.0,healthy,0,0
2026-03-14T21:55:18.750845+00:00,device-47,router,branch-newyork,34.98,63.5,34.12,0.0525,22.93,0.00414,44.3,healthy,0,0
2026-03-17T01:17:18.750845+00:00,device-08,switch,datacenter-west,8.04,35.46,23.33,0.0787,43.88,0.00119,42.8,healthy,0,0
2026-03-18T01:05:18.750845+00:00,device-34,router,branch-chicago,33.72,49.39,43.47,0.2319,56.9,0.00276,36.1,healthy,0,0
2026-03-20T21:47:18.750845+00:00,device-02,router,branch-losangeles,21.19,59.69,40.46,0.1271,59.88,0.00262,41.3,healthy,0,0
2026-03-13T07:33:18.750845+00:00,device-35,server,branch-newyork,50.83,17.11,14.58,0.0344,11.94,0.00138,46.8,healthy,0,0
2026-03-14T03:29:18.750845+00:00,device-47,server,datacenter-west,95.85,82.28,120.47,2.1624,88.31,0.01439,63.8,high_cpu,1,1
2026-03-13T14:09:18.750845+00:00,device-37,switch,branch-chicago,40.54,34.14,21.37,0.1175,38.3,0.0011,31.2,healthy,0,0
2026-03-17T12:27:18.750845+00:00,device-05,load_balancer,datacenter-east,56.06,53.32,20.95,0.0398,49.91,0.00479,49.6,healthy,0,0
2026-03-18T12:55:18.750845+00:00,device-37,load_balancer,datacenter-east,30.51,13.73,36.43,0.1958,51.25,0.00284,43.0,healthy,0,0
2026-03-13T13:13:18.750845+00:00,device-09,switch,datacenter-west,43.78,12.38,15.05,0.2442,32.4,0.0032,42.3,healthy,0,0
2026-03-16T02:03:18.750845+00:00,device-23,firewall,branch-chicago,18.25,33.2,12.83,0.1505,49.68,0.00238,48.0,healthy,0,0
2026-03-24T10:42:18.750845+00:00,device-19,router,branch-losangeles,75.44,67.43,648.25,20.1417,83.89,0.44672,67.4,bgp_flapping,4,1
2026-03-22T05:25:18.750845+00:00,device-25,firewall,branch-newyork,11.71,17.26,14.0,0.0582,24.33,0.00234,32.8,healthy,0,0
2026-03-13T03:57:18.750845+00:00,device-24,router,branch-chicago,33.49,32.83,41.61,0.1156,35.1,0.00452,47.0,healthy,0,0
2026-03-21T20:07:18.750845+00:00,device-33,firewall,datacenter-central,9.67,16.11,17.53,0.2522,39.98,0.00243,35.8,healthy,0,0
2026-03-12T12:45:18.750845+00:00,device-50,switch,branch-losangeles,44.68,90.41,257.23,4.0544,55.88,0.06439,69.0,memory_exhaustion,2,1
2026-03-13T02:19:18.750845+00:00,device-32,server,branch-chicago,54.92,35.73,6.7,0.2668,7.28,0.00138,35.9,healthy,0,0
2026-03-20T06:53:18.750845+00:00,device-46,load_balancer,branch-chicago,49.28,36.05,30.85,0.1672,27.12,0.00071,41.1,healthy,0,0
2026-03-17T11:55:18.750845+00:00,device-34,server,datacenter-east,43.15,46.55,34.95,0.1424,24.78,0.00335,37.3,healthy,0,0
2026-03-13T21:59:18.750845+00:00,device-47,firewall,datacenter-east,43.86,45.88,23.52,0.2342,63.1,0.00402,45.8,healthy,0,0
2026-03-14T03:19:18.750845+00:00,device-18,load_balancer,branch-newyork,56.06,55.98,7.57,0.0045,31.87,0.00366,39.0,healthy,0,0
2026-03-13T17:29:18.750845+00:00,device-41,server,branch-chicago,48.64,23.83,3.34,0.1052,11.97,0.00156,45.5,healthy,0,0
2026-03-18T20:11:18.750845+00:00,device-37,firewall,branch-losangeles,58.75,43.28,44.07,0.1659,12.88,0.00105,35.8,healthy,0,0
2026-03-17T15:19:18.750845+00:00,device-32,router,branch-chicago,37.91,17.28,25.29,0.1264,25.79,0.00099,46.9,healthy,0,0
2026-03-20T01:43:18.750845+00:00,device-42,server,branch-chicago,5.67,36.32,44.01,0.1842,49.07,0.00363,31.1,healthy,0,0
2026-03-18T17:09:18.750845+00:00,device-27,load_balancer,branch-newyork,49.07,33.63,2.2,0.1863,8.37,0.00125,33.6,healthy,0,0
2026-03-12T22:59:18.750845+00:00,device-23,load_balancer,branch-newyork,30.51,51.35,37.75,0.1235,6.85,0.00401,46.5,healthy,0,0
2026-03-20T18:05:18.750845+00:00,device-37,router,datacenter-central,55.7,38.99,22.98,0.1536,7.61,0.00169,34.7,healthy,0,0
2026-03-14T23:21:18.750845+00:00,device-33,switch,branch-newyork,27.47,51.98,7.3,0.2917,45.31,0.00465,46.5,healthy,0,0
2026-03-18T16:43:18.750845+00:00,device-21,router,branch-losangeles,9.3,30.5,18.03,0.2662,25.94,0.00363,45.9,healthy,0,0
2026-03-13T12:28:18.750845+00:00,device-40,switch,datacenter-central,44.49,97.38,275.26,6.1815,52.4,0.09036,57.9,memory_exhaustion,2,1
2026-03-22T03:25:18.750845+00:00,device-41,firewall,datacenter-central,11.09,18.65,17.27,0.0062,37.05,0.00371,31.1,healthy,0,0
2026-03-21T05:35:18.750845+00:00,device-21,load_balancer,branch-chicago,62.12,26.62,29.6,0.1451,20.74,0.00438,44.3,healthy,0,0
2026-03-16T12:17:18.750845+00:00,device-07,switch,branch-chicago,15.16,60.84,33.75,0.1239,41.63,0.00318,37.1,healthy,0,0
2026-03-22T01:17:18.750845+00:00,device-21,router,branch-losangeles,22.56,14.42,28.34,0.0202,8.67,0.00068,40.9,healthy,0,0
2026-03-22T13:13:18.750845+00:00,device-41,load_balancer,datacenter-central,49.72,17.95,4.03,0.2346,37.45,0.00139,34.2,healthy,0,0
2026-03-22T19:26:18.750845+00:00,device-45,router,branch-chicago,32.35,52.44,1315.3,27.542,47.67,0.21742,45.7,packet_loss,3,1
2026-03-15T20:19:18.750845+00:00,device-02,switch,datacenter-central,41.53,21.82,40.33,0.1511,33.15,0.00489,46.3,healthy,0,0
2026-03-13T01:47:18.750845+00:00,device-25,switch,branch-newyork,32.28,26.6,35.65,0.2114,21.36,0.00219,32.7,healthy,0,0
2026-03-17T14:35:18.750845+00:00,device-32,load_balancer,datacenter-east,23.25,37.91,25.99,0.0416,31.13,0.00358,45.2,healthy,0,0
2026-03-18T14:49:18.750845+00:00,device-16,firewall,datacenter-central,37.38,47.34,35.28,0.135,9.17,0.00189,48.8,healthy,0,0
2026-03-18T07:49:18.750845+00:00,device-32,server,branch-losangeles,12.95,24.56,29.78,0.2496,10.28,0.00266,34.1,healthy,0,0
2026-03-23T01:25:18.750845+00:00,device-28,switch,branch-losangeles,62.46,48.64,8.39,0.2766,52.47,0.00018,48.6,healthy,0,0
2026-03-22T13:11:18.750845+00:00,device-19,router,branch-losangeles,13.74,17.91,15.56,0.1199,30.65,0.00317,39.2,healthy,0,0
2026-03-22T20:01:18.750845+00:00,device-21,switch,datacenter-west,11.1,23.67,29.75,0.195,62.74,0.00283,30.9,healthy,0,0
2026-03-19T05:17:18.750845+00:00,device-22,router,branch-newyork,92.84,67.46,195.36,0.827,82.85,0.02476,69.7,high_cpu,1,1
2026-03-13T09:47:18.750845+00:00,device-21,router,datacenter-east,53.75,61.49,32.85,0.0811,43.1,0.00228,31.5,healthy,0,0
2026-03-25T13:59:18.750845+00:00,device-40,server,datacenter-central,95.76,61.7,225.09,1.9094,83.0,0.02069,71.2,high_cpu,1,1
2026-03-15T20:39:18.750845+00:00,device-22,server,branch-chicago,6.37,26.99,40.91,0.2862,55.98,0.00482,37.1,healthy,0,0
2026-03-21T12:23:18.750845+00:00,device-38,router,branch-newyork,31.4,52.0,25.89,0.0897,41.24,0.00497,42.4,healthy,0,0
2026-03-20T07:33:18.750845+00:00,device-43,firewall,datacenter-east,61.95,58.97,10.92,0.1679,64.91,0.00442,36.7,healthy,0,0
2026-03-12T13:11:18.750845+00:00,device-26,load_balancer,datacenter-west,47.52,36.1,20.79,0.2749,12.88,0.0035,43.6,healthy,0,0
2026-03-20T00:39:18.750845+00:00,device-18,server,datacenter-east,54.78,68.33,1.75,0.1263,15.27,0.0025,42.1,healthy,0,0
2026-03-24T17:34:18.750845+00:00,device-42,switch,branch-losangeles,41.26,36.44,1723.77,26.5404,51.87,0.15722,40.8,packet_loss,3,1
2026-03-22T07:29:18.750845+00:00,device-26,switch,datacenter-central,67.33,89.19,460.93,4.119,69.44,0.06575,72.6,memory_exhaustion,2,1
2026-03-15T17:29:18.750845+00:00,device-41,firewall,branch-losangeles,10.02,21.32,10.44,0.086,7.52,0.00036,37.7,healthy,0,0
2026-03-13T05:57:18.750845+00:00,device-34,router,datacenter-west,37.05,16.56,39.33,0.222,5.69,0.00288,41.3,healthy,0,0
2026-03-19T11:53:18.750845+00:00,device-22,server,datacenter-west,9.0,17.35,17.87,0.008,31.46,0.00335,35.7,healthy,0,0
2026-03-22T17:17:18.750845+00:00,device-24,switch,datacenter-east,57.23,25.8,44.78,0.1685,49.81,0.00482,33.3,healthy,0,0
2026-03-14T13:01:18.750845+00:00,device-32,load_balancer,branch-chicago,7.99,63.16,2.96,0.066,5.73,0.00077,41.8,healthy,0,0
2026-03-15T11:59:18.750845+00:00,device-31,firewall,datacenter-west,91.28,81.23,4392.52,37.0646,99.92,0.68312,76.2,ddos_attack,5,1
2026-03-21T11:29:18.750845+00:00,device-11,switch,branch-losangeles,37.98,48.59,13.17,0.1506,20.0,0.00176,36.0,healthy,0,0
2026-03-24T20:46:18.750845+00:00,device-14,load_balancer,branch-losangeles,97.93,86.92,3737.21,28.8261,97.24,0.54639,81.9,ddos_attack,5,1
2026-03-16T17:57:18.750845+00:00,device-14,router,branch-chicago,90.56,77.54,262.58,1.453,81.9,0.01482,74.7,high_cpu,1,1
2026-03-20T17:16:18.750845+00:00,device-03,router,datacenter-central,53.54,45.84,584.34,23.5301,36.75,0.11064,43.7,packet_loss,3,1
2026-03-16T15:23:18.750845+00:00,device-03,load_balancer,datacenter-east,5.82,34.74,33.04,0.0549,64.34,0.00179,41.9,healthy,0,0
2026-03-14T06:16:18.750845+00:00,device-19,switch,branch-chicago,62.81,93.93,275.0,6.2474,60.32,0.07331,65.4,memory_exhaustion,2,1
2026-03-18T02:21:18.750845+00:00,device-24,firewall,datacenter-east,57.78,68.11,35.05,0.2682,11.43,0.00274,35.8,healthy,0,0
2026-03-14T15:55:18.750845+00:00,device-40,load_balancer,branch-losangeles,47.72,16.44,7.58,0.0334,40.73,0.00312,44.2,healthy,0,0
2026-03-18T07:57:18.750845+00:00,device-19,server,branch-losangeles,6.15,56.12,8.96,0.2483,40.82,0.00496,31.2,healthy,0,0
2026-03-18T14:35:18.750845+00:00,device-24,router,datacenter-west,25.21,19.14,27.06,0.1651,59.03,0.00345,33.8,healthy,0,0
2026-03-17T09:05:18.750845+00:00,device-13,firewall,branch-newyork,35.26,50.2,42.53,0.221,54.54,0.00314,40.8,healthy,0,0
2026-03-25T10:59:18.750845+00:00,device-50,router,branch-chicago,79.17,62.23,1069.3,16.441,69.28,0.3567,67.3,bgp_flapping,4,1
2026-03-19T04:55:18.750845+00:00,device-15,server,branch-chicago,6.39,61.55,27.29,0.0545,52.41,0.00103,47.1,healthy,0,0
2026-03-18T10:41:18.750845+00:00,device-46,server,branch-chicago,64.12,49.99,36.34,0.2513,46.07,0.00323,37.4,healthy,0,0
2026-03-20T18:52:18.750845+00:00,device-02,router,branch-newyork,91.57,82.12,258.77,1.6811,87.12,0.0251,66.7,high_cpu,1,1
2026-03-23T21:48:18.750845+00:00,device-09,load_balancer,branch-newyork,94.13,88.66,2085.25,41.7413,98.46,0.29228,77.1,ddos_attack,5,1
2026-03-12T11:18:18.750845+00:00,device-34,server,datacenter-central,62.75,90.39,350.66,2.8415,64.84,0.09161,55.6,memory_exhaustion,2,1
2026-03-17T13:55:18.750845+00:00,device-40,firewall,branch-losangeles,59.93,18.49,21.94,0.2551,15.49,0.00167,45.2,healthy,0,0
2026-03-22T19:53:18.750845+00:00,device-48,server,branch-chicago,8.76,31.05,26.6,0.0578,45.67,0.00025,46.3,healthy,0,0
2026-03-21T10:41:18.750845+00:00,device-47,load_balancer,branch-chicago,49.66,53.42,16.58,0.1699,10.11,0.0005,31.5,healthy,0,0
2026-03-19T03:03:18.750845+00:00,device-24,router,datacenter-east,51.27,54.39,10.42,0.0553,64.16,0.0017,39.5,healthy,0,0
2026-03-15T17:09:18.750845+00:00,device-42,firewall,datacenter-east,6.37,44.93,8.8,0.2465,60.17,0.00404,31.9,healthy,0,0
2026-03-22T11:59:18.750845+00:00,device-44,server,datacenter-east,18.49,45.27,2.93,0.0406,38.64,0.00114,33.7,healthy,0,0
2026-03-13T04:31:18.750845+00:00,device-15,load_balancer,branch-chicago,7.48,23.47,1.51,0.2638,20.55,0.00138,43.3,healthy,0,0
2026-03-14T05:52:18.750845+00:00,device-22,server,branch-newyork,95.9,72.23,288.09,1.5046,85.42,0.01638,63.5,high_cpu,1,1
2026-03-14T13:35:18.750845+00:00,device-40,server,datacenter-east,15.77,43.98,7.74,0.2884,54.43,0.0043,35.6,healthy,0,0
2026-03-23T18:59:18.750845+00:00,device-03,router,branch-losangeles,94.16,76.23,175.58,1.2461,72.85,0.03861,64.0,high_cpu,1,1
2026-03-16T07:07:18.750845+00:00,device-01,firewall,branch-chicago,31.39,15.75,11.1,0.1591,33.34,0.00327,45.2,healthy,0,0
2026-03-14T17:23:18.750845+00:00,device-49,load_balancer,datacenter-central,12.58,54.11,38.75,0.0649,37.26,0.0017,43.5,healthy,0,0
2026-03-22T15:11:18.750845+00:00,device-39,switch,branch-losangeles,16.7,48.17,11.14,0.202,12.95,0.00457,31.6,healthy,0,0
2026-03-13T05:01:18.750845+00:00,device-33,server,branch-losangeles,98.33,63.15,214.99,2.1472,78.7,0.04068,69.3,high_cpu,1,1
2026-03-21T00:14:18.750845+00:00,device-50,router,datacenter-west,78.36,87.97,2629.52,27.5082,89.56,0.27663,67.5,bgp_flapping,4,1
2026-03-18T16:09:18.750845+00:00,device-26,switch,branch-chicago,37.57,62.31,43.24,0.1123,53.97,0.00137,47.9,healthy,0,0
2026-03-15T08:51:18.750845+00:00,device-26,switch,branch-newyork,29.12,32.71,14.72,0.2478,19.0,0.00059,44.0,healthy,0,0
2026-03-21T13:53:18.750845+00:00,device-49,load_balancer,datacenter-central,17.39,13.85,30.57,0.2455,63.64,0.00369,41.6,healthy,0,0
2026-03-20T21:01:18.750845+00:00,device-38,firewall,branch-losangeles,19.04,16.52,18.15,0.0169,37.88,0.0007,41.7,healthy,0,0
2026-03-18T00:09:18.750845+00:00,device-33,switch,datacenter-east,20.78,60.72,23.28,0.0262,54.71,0.00104,37.7,healthy,0,0
2026-03-22T05:51:18.750845+00:00,device-15,router,branch-chicago,52.2,68.79,17.83,0.0461,14.58,0.00177,39.1,healthy,0,0
2026-03-21T21:51:18.750845+00:00,device-41,router,branch-newyork,34.09,37.03,987.37,35.2556,31.52,0.29827,53.3,packet_loss,3,1
2026-03-20T19:01:18.750845+00:00,device-44,server,branch-losangeles,12.74,31.19,39.42,0.2326,7.11,0.00024,41.2,healthy,0,0
2026-03-16T06:13:18.750845+00:00,device-28,firewall,branch-chicago,25.89,50.35,20.43,0.1933,38.34,0.00339,33.4,healthy,0,0
2026-03-18T15:43:18.750845+00:00,device-29,switch,branch-newyork,7.34,38.8,8.42,0.1153,63.77,0.00276,30.7,healthy,0,0
2026-03-21T13:05:18.750845+00:00,device-35,load_balancer,branch-losangeles,47.52,12.05,40.38,0.2626,55.33,0.00059,37.3,healthy,0,0
2026-03-15T01:43:18.750845+00:00,device-29,load_balancer,branch-newyork,47.88,43.25,5.49,0.1033,6.51,0.00283,44.8,healthy,0,0
2026-03-21T19:31:18.750845+00:00,device-35,server,branch-losangeles,35.78,23.32,26.17,0.0521,62.5,0.00237,38.1,healthy,0,0
2026-03-15T10:29:18.750845+00:00,device-42,switch,branch-newyork,26.56,67.42,19.7,0.2335,16.67,0.00388,31.7,healthy,0,0
2026-03-21T22:41:18.750845+00:00,device-39,switch,datacenter-west,49.2,64.0,17.25,0.2029,60.25,0.00308,47.8,healthy,0,0
2026-03-22T03:26:18.750845+00:00,device-41,switch,branch-newyork,56.02,96.69,106.24,4.6836,72.57,0.02747,57.0,memory_exhaustion,2,1
2026-03-22T09:17:18.750845+00:00,device-38,router,branch-losangeles,8.54,36.51,5.54,0.1735,6.14,0.00276,35.4,healthy,0,0
2026-03-14T10:59:18.750845+00:00,device-05,load_balancer,branch-chicago,61.95,54.43,33.07,0.0139,21.05,0.00394,46.8,healthy,0,0
2026-03-13T22:55:18.750845+00:00,device-02,server,branch-chicago,46.89,55.77,2.52,0.278,22.25,0.00447,32.1,healthy,0,0
2026-03-13T07:01:18.750845+00:00,device-44,server,datacenter-east,30.84,23.18,38.33,0.2129,61.45,0.00434,48.0,healthy,0,0
2026-03-13T04:35:18.750845+00:00,device-06,router,branch-chicago,46.34,21.78,9.84,0.0109,64.5,0.00389,38.1,healthy,0,0
2026-03-16T16:07:18.750845+00:00,device-44,firewall,branch-losangeles,57.41,15.21,23.54,0.0358,32.43,0.00295,46.2,healthy,0,0
2026-03-12T07:49:18.750845+00:00,device-02,server,datacenter-west,52.97,32.73,4.56,0.1508,28.06,0.00451,30.1,healthy,0,0
2026-03-19T15:55:18.750845+00:00,device-21,firewall,branch-chicago,54.05,21.22,10.24,0.1048,49.56,0.00345,43.7,healthy,0,0
2026-03-12T08:37:18.750845+00:00,device-18,switch,datacenter-central,21.74,66.84,40.88,0.0608,36.8,0.00426,38.3,healthy,0,0
2026-03-17T01:27:18.750845+00:00,device-42,router,branch-losangeles,9.76,46.49,18.43,0.1064,28.07,0.00344,31.9,healthy,0,0
2026-03-17T23:19:18.750845+00:00,device-04,firewall,datacenter-west,58.64,64.42,20.14,0.1579,11.58,0.00012,34.0,healthy,0,0
2026-03-13T04:33:18.750845+00:00,device-32,firewall,branch-newyork,56.68,10.58,11.55,0.2469,38.14,9e-05,36.0,healthy,0,0
2026-03-19T15:07:18.750845+00:00,device-45,router,datacenter-central,39.51,29.89,18.17,0.2134,44.41,0.00288,35.3,healthy,0,0
2026-03-16T10:45:18.750845+00:00,device-15,firewall,branch-losangeles,43.71,41.21,31.08,0.2381,13.7,0.00274,36.8,healthy,0,0
2026-03-23T22:18:18.750845+00:00,device-14,server,datacenter-west,94.19,73.74,172.93,1.2252,86.96,0.04332,66.9,high_cpu,1,1
2026-03-15T08:17:18.750845+00:00,device-07,load_balancer,branch-chicago,41.71,43.76,19.81,0.1899,59.1,0.00115,44.4,healthy,0,0
2026-03-12T16:25:18.750845+00:00,device-47,server,branch-losangeles,51.73,30.3,40.73,0.061,40.83,0.00036,34.1,healthy,0,0
2026-03-14T20:23:18.750845+00:00,device-11,router,datacenter-east,57.07,57.84,14.39,0.1275,49.28,0.00415,38.8,healthy,0,0
2026-03-12T18:01:18.750845+00:00,device-10,load_balancer,datacenter-central,7.26,18.29,12.81,0.1795,31.54,0.00189,46.8,healthy,0,0
2026-03-15T08:53:18.750845+00:00,device-07,switch,branch-chicago,27.17,48.83,1384.02,15.5685,62.46,0.17986,45.6,packet_loss,3,1
2026-03-21T23:29:18.750845+00:00,device-42,router,datacenter-west,63.46,41.65,20.29,0.1758,44.13,0.00494,30.2,healthy,0,0
2026-03-14T04:33:18.750845+00:00,device-32,server,datacenter-central,13.07,36.16,25.98,0.2558,42.85,0.0036,33.1,healthy,0,0
2026-03-13T13:31:18.750845+00:00,device-38,load_balancer,branch-newyork,5.33,30.72,11.32,0.1116,65.0,0.00461,41.9,healthy,0,0
2026-03-17T08:49:18.750845+00:00,device-20,router,datacenter-east,12.49,31.51,13.69,0.17,59.24,0.00476,45.7,healthy,0,0
2026-03-18T22:33:18.750845+00:00,device-11,firewall,branch-losangeles,32.65,21.5,7.93,0.0688,38.56,0.00346,32.8,healthy,0,0
2026-03-15T10:00:18.750845+00:00,device-14,router,datacenter-east,89.15,69.18,1816.04,29.2126,75.61,0.45495,63.7,bgp_flapping,4,1
2026-03-21T00:45:18.750845+00:00,device-07,load_balancer,branch-losangeles,40.98,13.12,20.44,0.2351,57.0,0.00075,38.1,healthy,0,0
2026-03-12T17:45:18.750845+00:00,device-39,router,branch-newyork,79.46,68.36,2427.16,16.5335,77.08,0.24575,67.8,bgp_flapping,4,1
2026-03-22T19:29:18.750845+00:00,device-36,load_balancer,datacenter-central,12.45,22.53,13.63,0.0348,61.42,0.00271,43.7,healthy,0,0
2026-03-16T14:47:18.750845+00:00,device-39,switch,datacenter-east,6.63,46.69,26.31,0.1315,54.72,0.00341,45.0,healthy,0,0
2026-03-13T18:49:18.750845+00:00,device-05,firewall,datacenter-central,12.07,11.6,9.4,0.0241,12.62,0.00032,47.1,healthy,0,0
2026-03-13T16:17:18.750845+00:00,device-21,load_balancer,datacenter-central,24.62,27.98,31.7,0.0093,47.63,0.00028,49.1,healthy,0,0
2026-03-13T05:21:18.750845+00:00,device-16,router,branch-losangeles,54.37,22.61,24.68,0.1694,34.74,0.00273,46.1,healthy,0,0
2026-03-19T10:49:18.750845+00:00,device-11,router,branch-newyork,59.66,67.38,29.21,0.2196,54.31,0.00451,32.5,healthy,0,0
2026-03-15T20:53:18.750845+00:00,device-16,load_balancer,datacenter-east,28.73,32.42,12.71,0.144,54.81,0.00405,43.4,healthy,0,0
2026-03-22T16:43:18.750845+00:00,device-16,server,branch-chicago,48.65,88.22,487.52,1.1927,66.61,0.09662,68.2,memory_exhaustion,2,1
2026-03-15T14:05:18.750845+00:00,device-12,router,datacenter-central,27.41,58.13,27.41,0.1192,45.9,0.00141,39.9,healthy,0,0
2026-03-19T12:31:18.750845+00:00,device-18,server,branch-losangeles,62.62,21.06,20.25,0.0518,8.08,0.00135,32.4,healthy,0,0
2026-03-13T21:29:18.750845+00:00,device-21,switch,branch-losangeles,24.09,19.29,18.51,0.1898,55.66,0.00224,46.4,healthy,0,0
2026-03-15T08:39:18.750845+00:00,device-01,server,datacenter-central,13.6,63.0,20.49,0.2493,5.44,0.00364,39.5,healthy,0,0
2026-03-22T03:21:18.750845+00:00,device-23,load_balancer,branch-losangeles,12.3,35.15,13.36,0.1609,52.46,0.00029,39.3,healthy,0,0
2026-03-12T04:19:18.750845+00:00,device-31,switch,branch-newyork,8.26,13.79,9.57,0.1643,50.98,0.00265,38.1,healthy,0,0
2026-03-22T06:49:18.750845+00:00,device-29,switch,datacenter-east,43.41,30.02,1131.7,30.462,57.99,0.12722,41.3,packet_loss,3,1
2026-03-16T12:21:18.750845+00:00,device-34,switch,branch-losangeles,34.6,31.81,1537.96,13.8066,50.71,0.09033,48.3,packet_loss,3,1
2026-03-24T03:19:18.750845+00:00,device-26,load_balancer,branch-losangeles,91.98,80.75,1682.07,32.6174,99.06,0.22104,69.8,ddos_attack,5,1
2026-03-24T03:10:18.750845+00:00,device-41,router,datacenter-central,88.24,77.27,920.6,20.7486,64.72,0.39866,55.3,bgp_flapping,4,1
2026-03-18T20:15:18.750845+00:00,device-25,switch,datacenter-east,22.65,59.04,25.58,0.1412,51.29,0.00232,34.1,healthy,0,0
2026-03-25T08:07:18.750845+00:00,device-29,switch,datacenter-central,73.23,91.22,468.63,2.293,72.06,0.04559,66.6,memory_exhaustion,2,1
2026-03-17T20:01:18.750845+00:00,device-10,switch,branch-chicago,37.95,49.14,3.74,0.218,41.63,0.00149,43.6,healthy,0,0
2026-03-19T02:00:18.750845+00:00,device-29,switch,datacenter-east,47.78,93.15,255.48,2.2642,78.89,0.05165,72.6,memory_exhaustion,2,1
2026-03-15T20:31:18.750845+00:00,device-43,load_balancer,datacenter-west,61.19,57.17,28.76,0.1311,22.09,0.00216,44.5,healthy,0,0
2026-03-21T01:37:18.750845+00:00,device-23,switch,datacenter-east,44.65,45.38,24.52,0.0775,41.72,0.00214,43.8,healthy,0,0
2026-03-21T04:37:18.750845+00:00,device-05,firewall,datacenter-east,23.95,27.5,34.08,0.2642,55.12,0.00024,48.6,healthy,0,0
2026-03-15T16:38:18.750845+00:00,device-37,switch,datacenter-west,60.16,95.94,491.17,3.9205,62.14,0.03168,59.8,memory_exhaustion,2,1
2026-03-17T17:53:18.750845+00:00,device-09,server,datacenter-east,43.72,64.45,10.38,0.292,60.56,1e-05,49.4,healthy,0,0
2026-03-19T00:29:18.750845+00:00,device-08,server,datacenter-east,64.82,13.77,14.0,0.0424,21.0,0.00344,45.4,healthy,0,0
2026-03-17T11:05:18.750845+00:00,device-39,server,branch-newyork,23.67,69.35,41.61,0.164,12.18,0.00378,32.8,healthy,0,0
2026-03-12T11:53:18.750845+00:00,device-30,router,datacenter-west,38.87,11.11,3.32,0.2995,40.92,0.0011,36.6,healthy,0,0
2026-03-17T23:55:18.750845+00:00,device-47,server,datacenter-east,38.58,12.12,39.83,0.0353,5.88,0.0015,43.6,healthy,0,0
2026-03-20T13:57:18.750845+00:00,device-13,switch,branch-newyork,22.67,20.97,31.68,0.0009,22.42,0.0028,40.9,healthy,0,0
2026-03-16T15:27:18.750845+00:00,device-37,load_balancer,branch-newyork,62.42,66.95,23.69,0.2176,28.15,0.00322,33.6,healthy,0,0
2026-03-19T07:57:18.750845+00:00,device-38,router,branch-newyork,39.13,27.31,20.8,0.2198,31.16,0.00116,32.6,healthy,0,0
2026-03-13T11:55:18.750845+00:00,device-09,router,branch-chicago,56.72,26.63,16.21,0.1005,5.6,0.00023,32.6,healthy,0,0
2026-03-12T09:15:18.750845+00:00,device-16,router,branch-newyork,7.16,35.58,17.43,0.1413,61.48,0.00308,42.0,healthy,0,0
2026-03-19T15:41:18.750845+00:00,device-42,firewall,datacenter-east,54.16,55.09,32.6,0.2671,58.67,0.00105,46.5,healthy,0,0
2026-03-19T21:13:18.750845+00:00,device-41,router,branch-losangeles,75.61,68.11,563.54,15.0851,67.17,0.11372,60.1,bgp_flapping,4,1
2026-03-20T11:03:18.750845+00:00,device-02,router,datacenter-west,11.4,31.46,12.78,0.2073,17.68,0.00027,38.7,healthy,0,0
2026-03-19T13:01:18.750845+00:00,device-37,router,branch-chicago,28.0,50.24,3.51,0.0665,30.45,6e-05,33.0,healthy,0,0
2026-03-12T18:47:18.750845+00:00,device-01,firewall,datacenter-east,51.02,42.77,35.04,0.0293,53.25,0.00214,44.8,healthy,0,0
2026-03-12T08:19:18.750845+00:00,device-10,server,branch-chicago,50.63,26.82,21.08,0.0823,23.01,0.00141,40.2,healthy,0,0
2026-03-19T03:51:18.750845+00:00,device-27,switch,datacenter-west,46.64,49.35,31.94,0.0615,43.62,0.00379,38.5,healthy,0,0
2026-03-17T05:17:18.750845+00:00,device-41,switch,datacenter-west,63.9,28.07,10.31,0.0126,34.18,0.00487,47.7,healthy,0,0
2026-03-20T05:45:18.750845+00:00,device-09,router,branch-losangeles,7.74,39.78,2.43,0.2242,52.28,0.00434,30.2,healthy,0,0
2026-03-19T02:59:18.750845+00:00,device-01,router,datacenter-east,15.57,49.73,22.62,0.0909,33.5,0.00012,38.8,healthy,0,0
2026-03-19T14:27:18.750845+00:00,device-18,switch,branch-losangeles,20.0,60.96,3.93,0.2933,33.75,0.00214,37.4,healthy,0,0
2026-03-17T02:47:18.750845+00:00,device-30,firewall,datacenter-west,9.55,18.37,39.23,0.0971,11.36,0.00046,50.0,healthy,0,0
2026-03-20T12:06:18.750845+00:00,device-28,server,datacenter-central,49.5,90.98,475.92,7.7309,66.67,0.07216,69.4,memory_exhaustion,2,1
2026-03-16T19:43:18.750845+00:00,device-30,firewall,datacenter-east,28.46,63.33,7.67,0.1414,19.72,0.00214,39.1,healthy,0,0
2026-03-15T07:13:18.750845+00:00,device-07,router,branch-newyork,39.36,14.19,20.37,0.2703,13.93,0.00409,43.1,healthy,0,0
2026-03-13T12:11:18.750845+00:00,device-18,server,branch-chicago,59.38,35.07,4.89,0.0701,30.62,0.00063,44.9,healthy,0,0
2026-03-12T18:37:18.750845+00:00,device-38,switch,branch-newyork,49.68,28.41,23.19,0.1896,43.97,0.00385,32.8,healthy,0,0
2026-03-20T02:29:18.750845+00:00,device-37,load_balancer,datacenter-east,45.85,33.09,36.72,0.18,49.79,0.004,36.2,healthy,0,0
2026-03-14T19:53:18.750845+00:00,device-12,server,branch-newyork,38.22,68.06,23.2,0.282,47.58,0.00198,38.8,healthy,0,0
2026-03-14T22:07:18.750845+00:00,device-33,server,datacenter-west,40.17,13.43,39.94,0.2715,43.97,0.0006,37.6,healthy,0,0
2026-03-18T21:25:18.750845+00:00,device-50,router,datacenter-east,9.71,66.09,31.53,0.0866,10.28,0.00281,45.1,healthy,0,0
2026-03-16T10:33:18.750845+00:00,device-18,router,branch-chicago,29.27,24.67,22.64,0.1146,11.74,0.00278,41.0,healthy,0,0
2026-03-14T23:27:18.750845+00:00,device-26,router,datacenter-east,21.87,68.64,12.79,0.102,63.36,0.00462,33.1,healthy,0,0
2026-03-17T14:57:18.750845+00:00,device-31,load_balancer,branch-chicago,56.31,45.91,33.21,0.0476,44.62,0.00244,40.9,healthy,0,0
2026-03-18T15:51:18.750845+00:00,device-38,load_balancer,branch-chicago,36.1,17.27,12.78,0.0498,41.08,0.00469,45.4,healthy,0,0
2026-03-16T22:09:18.750845+00:00,device-17,router,datacenter-central,40.07,26.99,2.34,0.108,41.22,0.00331,35.3,healthy,0,0
2026-03-14T19:57:18.750845+00:00,device-40,load_balancer,branch-newyork,40.68,59.63,22.84,0.0938,6.9,0.00435,45.3,healthy,0,0
2026-03-18T22:43:18.750845+00:00,device-11,router,datacenter-east,62.71,53.86,23.93,0.0413,14.76,0.00409,39.5,healthy,0,0
2026-03-18T03:19:18.750845+00:00,device-08,router,branch-chicago,42.74,28.55,31.59,0.1925,36.1,0.00442,49.5,healthy,0,0
2026-03-14T01:33:18.750845+00:00,device-40,switch,branch-chicago,49.02,20.75,16.1,0.1906,6.72,0.001,31.7,healthy,0,0
2026-03-18T06:15:18.750845+00:00,device-33,server,branch-losangeles,97.24,72.15,203.57,1.8837,83.53,0.04053,69.6,high_cpu,1,1
2026-03-19T21:11:18.750845+00:00,device-44,firewall,branch-losangeles,54.06,58.99,3.32,0.2877,13.31,0.00236,46.0,healthy,0,0
2026-03-17T18:55:18.750845+00:00,device-03,router,datacenter-central,35.84,51.48,1.71,0.2837,32.03,0.0029,48.7,healthy,0,0
2026-03-14T07:23:18.750845+00:00,device-44,server,datacenter-west,87.95,61.37,223.5,1.9449,72.61,0.02302,71.1,high_cpu,1,1
2026-03-13T19:06:18.750845+00:00,device-11,switch,branch-newyork,39.75,30.44,1143.42,34.3548,62.46,0.12062,40.9,packet_loss,3,1
2026-03-13T14:11:18.750845+00:00,device-06,server,datacenter-east,58.09,39.85,23.8,0.073,7.73,0.00427,47.8,healthy,0,0
2026-03-16T16:37:18.750845+00:00,device-34,server,datacenter-central,45.04,97.87,462.9,5.954,59.63,0.03493,74.4,memory_exhaustion,2,1
2026-03-16T05:52:18.750845+00:00,device-33,router,branch-newyork,82.12,74.13,1328.71,19.6258,81.66,0.25497,66.3,bgp_flapping,4,1
2026-03-13T14:39:18.750845+00:00,device-31,router,datacenter-central,58.56,66.39,4.6,0.2885,9.92,0.00376,46.0,healthy,0,0
2026-03-12T20:13:18.750845+00:00,device-23,server,branch-chicago,17.01,11.16,25.98,0.0371,64.16,0.00167,36.1,healthy,0,0
2026-03-15T06:03:18.750845+00:00,device-04,server,datacenter-central,18.03,32.89,23.06,0.2402,15.32,0.00216,32.1,healthy,0,0
2026-03-18T01:29:18.750845+00:00,device-42,load_balancer,datacenter-east,6.91,29.73,13.94,0.0292,19.76,0.00024,48.7,healthy,0,0
2026-03-23T00:23:18.750845+00:00,device-44,switch,branch-losangeles,37.32,37.2,12.37,0.1657,33.31,0.00497,32.5,healthy,0,0
2026-03-16T09:33:18.750845+00:00,device-09,router,datacenter-west,57.19,37.15,4.64,0.0292,46.47,0.00308,33.1,healthy,0,0
2026-03-15T01:49:18.750845+00:00,device-30,router,branch-losangeles,51.66,18.71,4.43,0.1125,41.0,0.00057,34.1,healthy,0,0
2026-03-19T19:03:18.750845+00:00,device-18,router,branch-chicago,63.97,68.81,30.27,0.1068,42.8,0.00116,45.2,healthy,0,0
2026-03-19T09:49:18.750845+00:00,device-31,switch,branch-newyork,49.06,30.27,42.88,0.2434,22.3,0.00154,46.4,healthy,0,0
2026-03-17T21:23:18.750845+00:00,device-32,router,datacenter-west,70.87,80.1,1306.55,19.7121,66.82,0.39664,55.0,bgp_flapping,4,1
2026-03-14T05:21:18.750845+00:00,device-11,router,datacenter-west,44.85,66.35,3.46,0.015,53.59,0.00258,36.3,healthy,0,0
2026-03-23T03:35:18.750845+00:00,device-12,switch,branch-chicago,61.13,65.13,13.33,0.0144,48.75,0.0025,35.7,healthy,0,0
2026-03-20T10:55:18.750845+00:00,device-37,router,datacenter-east,45.09,47.49,25.51,0.2658,57.0,0.00414,31.4,healthy,0,0
2026-03-23T01:43:18.750845+00:00,device-42,switch,datacenter-central,28.45,22.67,39.3,0.2417,44.97,0.00073,35.3,healthy,0,0
2026-03-12T03:15:18.750845+00:00,device-42,router,branch-newyork,29.93,17.99,12.69,0.2609,8.49,0.00111,38.3,healthy,0,0
2026-03-17T05:33:18.750845+00:00,device-17,router,branch-losangeles,29.13,36.14,17.43,0.1011,30.54,0.00141,44.3,healthy,0,0
2026-03-14T16:23:18.750845+00:00,device-49,switch,branch-losangeles,39.58,16.73,8.86,0.0195,52.72,0.00425,42.4,healthy,0,0
2026-03-19T13:05:18.750845+00:00,device-23,router,branch-newyork,13.99,30.96,42.9,0.0949,55.71,0.00217,41.1,healthy,0,0
2026-03-22T19:51:18.750845+00:00,device-33,switch,datacenter-east,26.44,61.15,18.87,0.1736,57.96,0.00228,44.7,healthy,0,0
2026-03-14T07:41:18.750845+00:00,device-36,load_balancer,branch-newyork,24.67,53.23,2.97,0.1639,52.94,0.00442,31.3,healthy,0,0
2026-03-21T15:31:18.750845+00:00,device-46,firewall,datacenter-east,42.06,14.69,4.85,0.1335,45.83,0.00318,48.6,healthy,0,0
2026-03-13T07:23:18.750845+00:00,device-03,switch,branch-chicago,58.18,60.69,38.35,0.193,12.26,0.00352,47.3,healthy,0,0
2026-03-15T00:31:18.750845+00:00,device-29,server,datacenter-central,62.18,45.63,28.53,0.1246,27.23,0.00447,37.6,healthy,0,0
2026-03-22T00:25:18.750845+00:00,device-38,switch,datacenter-east,57.91,20.08,5.92,0.1559,6.41,0.00371,36.0,healthy,0,0
2026-03-13T08:13:18.750845+00:00,device-29,router,branch-losangeles,17.7,61.91,5.8,0.1647,34.34,0.00372,35.0,healthy,0,0
2026-03-19T14:19:18.750845+00:00,device-01,server,branch-newyork,32.4,60.43,9.55,0.0234,56.72,0.0037,47.7,healthy,0,0
2026-03-20T06:47:18.750845+00:00,device-07,switch,branch-newyork,44.8,98.4,292.98,1.7821,78.51,0.04401,59.7,memory_exhaustion,2,1
2026-03-18T09:03:18.750845+00:00,device-05,firewall,branch-newyork,44.14,30.44,15.79,0.222,8.78,0.00163,43.5,healthy,0,0
2026-03-14T15:05:18.750845+00:00,device-46,load_balancer,branch-chicago,10.76,24.97,34.73,0.1995,51.12,0.00394,49.3,healthy,0,0
2026-03-15T22:09:18.750845+00:00,device-37,router,branch-newyork,5.1,26.23,42.5,0.2978,42.85,0.00158,34.7,healthy,0,0
2026-03-19T01:47:18.750845+00:00,device-33,switch,datacenter-west,46.51,51.34,43.53,0.0276,51.69,0.00204,31.6,healthy,0,0
2026-03-16T20:45:18.750845+00:00,device-32,firewall,branch-newyork,16.1,53.48,1.55,0.1717,38.99,0.0038,33.0,healthy,0,0
2026-03-18T04:43:18.750845+00:00,device-17,server,branch-chicago,10.1,59.5,38.05,0.049,53.51,0.00447,35.9,healthy,0,0
2026-03-13T20:07:18.750845+00:00,device-47,load_balancer,datacenter-west,51.11,64.54,7.57,0.2374,59.49,0.00206,34.9,healthy,0,0
2026-03-17T12:09:18.750845+00:00,device-33,server,branch-chicago,48.41,56.73,21.79,0.132,57.67,0.0026,40.3,healthy,0,0
2026-03-14T01:11:18.750845+00:00,device-32,load_balancer,datacenter-west,45.53,39.77,41.94,0.1767,60.03,0.00377,46.8,healthy,0,0
2026-03-22T18:57:18.750845+00:00,device-40,server,branch-losangeles,18.48,14.31,32.86,0.2189,30.01,0.00388,33.7,healthy,0,0
2026-03-21T17:17:18.750845+00:00,device-19,firewall,datacenter-east,13.19,16.83,30.39,0.1325,41.08,0.00413,32.5,healthy,0,0
2026-03-20T20:58:18.750845+00:00,device-09,server,branch-chicago,89.51,76.24,137.26,1.4379,72.53,0.03507,68.7,high_cpu,1,1
2026-03-12T08:41:18.750845+00:00,device-16,router,branch-newyork,42.91,22.95,14.43,0.012,33.85,0.00084,36.9,healthy,0,0
2026-03-21T12:17:18.750845+00:00,device-42,router,branch-losangeles,54.04,58.77,26.95,0.1749,36.78,0.0049,36.4,healthy,0,0
2026-03-21T05:55:18.750845+00:00,device-34,firewall,branch-losangeles,58.41,36.31,44.29,0.1474,57.55,0.00428,40.4,healthy,0,0
2026-03-17T19:19:18.750845+00:00,device-17,load_balancer,branch-chicago,34.82,39.39,2.97,0.2971,38.74,0.00311,42.7,healthy,0,0
2026-03-21T20:25:18.750845+00:00,device-32,server,branch-chicago,45.69,11.66,12.72,0.2094,44.48,0.00046,41.3,healthy,0,0
2026-03-14T05:43:18.750845+00:00,device-50,switch,branch-newyork,8.04,51.29,10.46,0.1658,41.73,0.00387,43.3,healthy,0,0
2026-03-15T04:49:18.750845+00:00,device-26,switch,datacenter-east,50.71,59.6,1.82,0.0474,49.94,0.00045,44.7,healthy,0,0
2026-03-16T06:39:18.750845+00:00,device-15,firewall,datacenter-east,91.13,83.1,1053.61,22.3508,97.97,0.74739,73.3,ddos_attack,5,1
2026-03-15T15:51:18.750845+00:00,device-17,load_balancer,branch-losangeles,5.13,49.21,16.34,0.2115,50.03,0.00083,46.9,healthy,0,0
2026-03-12T12:43:18.750845+00:00,device-43,server,datacenter-east,41.48,64.27,33.12,0.05,45.39,0.00067,43.3,healthy,0,0
2026-03-18T20:43:18.750845+00:00,device-18,switch,datacenter-west,17.58,50.1,34.18,0.1381,41.34,0.00272,42.4,healthy,0,0
2026-03-12T07:15:18.750845+00:00,device-10,server,datacenter-east,22.99,52.82,37.02,0.2508,59.47,0.0022,46.9,healthy,0,0
2026-03-21T02:35:18.750845+00:00,device-16,load_balancer,datacenter-central,42.29,45.64,29.42,0.0458,27.63,0.00269,44.0,healthy,0,0
2026-03-19T02:27:18.750845+00:00,device-16,router,branch-chicago,8.2,23.17,17.89,0.175,23.38,0.0036,46.5,healthy,0,0
2026-03-13T10:47:18.750845+00:00,device-10,firewall,datacenter-central,93.3,84.72,3574.31,38.2055,95.52,0.53057,77.3,ddos_attack,5,1
2026-03-25T04:03:18.750845+00:00,device-40,router,datacenter-central,85.45,82.74,2958.88,24.8764,60.74,0.40128,55.8,bgp_flapping,4,1
2026-03-12T12:53:18.750845+00:00,device-38,server,datacenter-central,57.02,16.5,2.8,0.0559,32.13,0.00352,33.1,healthy,0,0
2026-03-13T21:13:18.750845+00:00,device-32,router,datacenter-east,61.48,16.14,14.28,0.0635,33.87,0.00401,36.7,healthy,0,0
2026-03-18T05:55:18.750845+00:00,device-40,switch,branch-losangeles,45.66,61.2,41.73,0.1347,26.32,0.00263,37.7,healthy,0,0
2026-03-18T13:19:18.750845+00:00,device-31,firewall,datacenter-west,41.93,13.31,40.62,0.1084,12.3,0.00317,48.1,healthy,0,0
2026-03-16T20:37:18.750845+00:00,device-45,switch,branch-losangeles,6.61,46.84,11.42,0.0932,61.61,0.00437,47.8,healthy,0,0
2026-03-16T07:15:18.750845+00:00,device-23,firewall,datacenter-central,63.34,68.33,3.35,0.226,50.15,0.0039,35.2,healthy,0,0
2026-03-22T12:35:18.750845+00:00,device-10,server,datacenter-east,36.75,48.81,17.74,0.2098,22.52,0.00089,30.8,healthy,0,0
2026-03-16T23:35:18.750845+00:00,device-33,router,datacenter-east,60.99,28.0,22.98,0.0524,22.95,0.00333,39.7,healthy,0,0
2026-03-16T15:13:18.750845+00:00,device-30,server,branch-chicago,8.83,49.63,28.11,0.1527,39.43,0.00303,46.5,healthy,0,0
2026-03-12T21:01:18.750845+00:00,device-09,load_balancer,datacenter-central,25.04,67.25,28.8,0.2936,52.7,0.00417,38.8,healthy,0,0
2026-03-17T08:43:18.750845+00:00,device-12,firewall,datacenter-east,39.24,48.59,19.62,0.1533,5.36,0.00224,34.1,healthy,0,0
2026-03-14T09:49:18.750845+00:00,device-46,firewall,datacenter-west,35.0,62.51,14.1,0.2474,10.03,0.00298,32.6,healthy,0,0
2026-03-14T10:19:18.750845+00:00,device-37,firewall,datacenter-east,58.84,27.41,11.7,0.2152,62.51,0.00397,41.1,healthy,0,0
2026-03-17T05:41:18.750845+00:00,device-37,load_balancer,datacenter-west,62.05,44.12,3.77,0.2892,39.56,0.00353,35.8,healthy,0,0
2026-03-16T23:29:18.750845+00:00,device-02,firewall,branch-losangeles,19.13,56.59,14.5,0.1286,8.97,0.00311,45.4,healthy,0,0
2026-03-17T08:33:18.750845+00:00,device-35,server,datacenter-east,91.85,78.35,249.62,2.5569,88.04,0.04238,78.1,high_cpu,1,1
2026-03-21T13:03:18.750845+00:00,device-09,load_balancer,datacenter-central,38.59,50.73,15.05,0.2034,21.84,0.00472,37.0,healthy,0,0
2026-03-21T15:35:18.750845+00:00,device-19,router,datacenter-central,62.16,53.95,7.95,0.2604,31.37,0.00372,42.2,healthy,0,0
2026-03-15T11:47:18.750845+00:00,device-14,router,datacenter-east,60.73,33.57,22.81,0.1485,9.75,0.00123,31.7,healthy,0,0
2026-03-16T18:27:18.750845+00:00,device-33,firewall,branch-chicago,37.01,37.99,35.56,0.2974,17.96,0.00304,38.6,healthy,0,0
2026-03-21T11:39:18.750845+00:00,device-33,router,branch-losangeles,11.68,15.82,44.0,0.0909,28.91,0.00452,48.2,healthy,0,0
2026-03-19T04:29:18.750845+00:00,device-09,router,branch-newyork,20.08,43.17,28.23,0.0643,7.61,0.00184,43.7,healthy,0,0
2026-03-14T01:35:18.750845+00:00,device-47,switch,branch-newyork,11.17,25.32,19.92,0.1035,12.75,0.00054,37.7,healthy,0,0
2026-03-16T06:28:18.750845+00:00,device-30,switch,branch-losangeles,58.26,92.95,418.09,6.1998,67.71,0.05905,66.2,memory_exhaustion,2,1
2026-03-19T01:23:18.750845+00:00,device-06,switch,datacenter-east,45.59,48.21,44.11,0.0088,11.44,0.00237,40.3,healthy,0,0
2026-03-17T07:39:18.750845+00:00,device-46,server,datacenter-east,37.01,24.88,14.3,0.1927,24.01,0.00301,36.6,healthy,0,0
2026-03-21T18:35:18.750845+00:00,device-17,server,branch-losangeles,53.13,13.4,38.67,0.2127,34.28,0.00346,38.8,healthy,0,0
2026-03-18T23:21:18.750845+00:00,device-28,firewall,datacenter-central,12.96,15.67,33.48,0.1525,53.48,0.00166,49.4,healthy,0,0
2026-03-16T08:35:18.750845+00:00,device-27,router,datacenter-central,63.16,50.94,15.35,0.2246,57.94,0.00287,35.4,healthy,0,0
2026-03-13T05:23:18.750845+00:00,device-28,load_balancer,branch-newyork,28.93,46.92,13.81,0.2176,61.67,0.00048,44.3,healthy,0,0
2026-03-22T20:59:18.750845+00:00,device-31,load_balancer,branch-losangeles,15.04,44.45,2.0,0.1257,34.75,0.00189,37.7,healthy,0,0
2026-03-21T00:49:18.750845+00:00,device-12,server,branch-chicago,39.15,44.24,37.9,0.0355,29.25,0.0047,49.5,healthy,0,0
2026-03-16T14:57:18.750845+00:00,device-10,server,branch-chicago,13.39,35.59,37.62,0.2289,62.85,0.00347,48.5,healthy,0,0
2026-03-21T02:31:18.750845+00:00,device-36,load_balancer,branch-losangeles,30.01,67.31,33.87,0.137,24.41,0.00371,45.0,healthy,0,0
2026-03-16T23:20:18.750845+00:00,device-41,load_balancer,datacenter-west,97.05,87.33,1284.89,25.6229,95.29,0.38641,70.6,ddos_attack,5,1
2026-03-21T02:49:18.750845+00:00,device-28,router,datacenter-central,17.25,23.32,30.76,0.1096,59.43,0.00237,44.9,healthy,0,0
2026-03-21T15:35:18.750845+00:00,device-32,firewall,datacenter-central,97.22,92.65,3131.06,59.4197,97.92,0.2527,71.7,ddos_attack,5,1
2026-03-15T05:39:18.750845+00:00,device-04,switch,branch-chicago,15.62,68.16,38.82,0.1816,11.55,7e-05,45.8,healthy,0,0
2026-03-21T20:51:18.750845+00:00,device-28,firewall,datacenter-east,29.25,46.47,35.31,0.2055,30.18,0.00197,35.3,healthy,0,0
2026-03-15T07:41:18.750845+00:00,device-11,firewall,datacenter-east,22.74,69.73,1.03,0.1801,58.47,0.00123,35.6,healthy,0,0
2026-03-16T10:03:18.750845+00:00,device-08,firewall,branch-chicago,44.56,65.76,12.13,0.1241,57.16,0.00397,40.6,healthy,0,0
2026-03-18T11:17:18.750845+00:00,device-13,server,branch-losangeles,11.17,17.24,10.77,0.1459,19.87,0.00308,40.9,healthy,0,0
2026-03-20T01:51:18.750845+00:00,device-33,server,branch-chicago,30.65,69.93,26.46,0.1742,13.14,0.00111,47.1,healthy,0,0
2026-03-12T20:43:18.750845+00:00,device-49,switch,datacenter-west,17.67,21.24,38.21,0.2515,30.93,0.00021,49.2,healthy,0,0
2026-03-23T02:19:18.750845+00:00,device-23,router,branch-newyork,22.22,39.87,6.03,0.0376,61.41,0.00056,42.3,healthy,0,0
2026-03-12T02:55:18.750845+00:00,device-17,switch,branch-losangeles,20.9,41.44,37.95,0.1553,14.3,0.00419,31.1,healthy,0,0
2026-03-12T17:13:18.750845+00:00,device-38,router,branch-chicago,39.75,14.31,4.04,0.1933,6.01,0.00145,45.3,healthy,0,0
2026-03-13T09:27:18.750845+00:00,device-17,load_balancer,branch-chicago,18.21,14.08,11.27,0.1618,56.55,0.00051,45.7,healthy,0,0
2026-03-13T19:53:18.750845+00:00,device-12,router,branch-newyork,93.8,85.79,1098.16,27.6465,77.95,0.23672,58.9,bgp_flapping,4,1
2026-03-16T02:37:18.750845+00:00,device-17,server,branch-losangeles,35.17,17.53,2.02,0.1069,48.34,0.00093,39.8,healthy,0,0
2026-03-12T13:49:18.750845+00:00,device-21,switch,datacenter-west,32.87,45.92,17.96,0.0913,10.56,0.00234,44.2,healthy,0,0
2026-03-22T23:31:18.750845+00:00,device-18,router,branch-losangeles,46.43,49.67,17.04,0.0798,43.38,0.00314,32.9,healthy,0,0
2026-03-22T23:25:18.750845+00:00,device-30,router,datacenter-west,34.58,21.12,24.25,0.0309,53.41,0.00349,40.2,healthy,0,0
2026-03-21T04:59:18.750845+00:00,device-18,server,datacenter-central,17.83,11.5,36.74,0.1593,39.57,0.00267,39.9,healthy,0,0
2026-03-14T07:05:18.750845+00:00,device-39,server,datacenter-central,47.5,20.76,25.11,0.0765,9.06,0.00144,46.5,healthy,0,0
2026-03-13T14:33:18.750845+00:00,device-44,switch,branch-chicago,8.66,15.18,12.75,0.0801,22.53,0.00306,44.1,healthy,0,0
2026-03-15T07:53:18.750845+00:00,device-42,firewall,branch-chicago,45.43,34.15,44.76,0.0147,45.84,0.00308,36.7,healthy,0,0
2026-03-19T19:25:18.750845+00:00,device-44,firewall,branch-losangeles,15.05,61.76,21.03,0.2458,27.16,0.00084,39.5,healthy,0,0
2026-03-16T14:07:18.750845+00:00,device-08,server,branch-chicago,5.73,65.34,8.46,0.2189,31.8,0.00081,38.2,healthy,0,0
2026-03-22T16:21:18.750845+00:00,device-15,router,datacenter-east,29.61,41.93,38.84,0.0703,48.21,0.00367,44.0,healthy,0,0
2026-03-18T12:47:18.750845+00:00,device-34,switch,branch-chicago,31.77,40.52,1180.37,15.9278,58.79,0.17769,46.3,packet_loss,3,1
2026-03-17T09:23:18.750845+00:00,device-36,switch,branch-chicago,38.73,57.95,31.86,0.1709,50.25,0.00136,30.8,healthy,0,0
2026-03-18T23:05:18.750845+00:00,device-25,switch,datacenter-central,35.38,48.86,10.64,0.2081,13.22,0.0028,34.8,healthy,0,0
2026-03-18T06:39:18.750845+00:00,device-18,server,branch-newyork,9.48,15.47,43.92,0.1621,29.46,0.00319,46.3,healthy,0,0
2026-03-14T06:37:18.750845+00:00,device-28,firewall,branch-newyork,8.95,59.74,41.85,0.2348,24.06,0.00256,32.0,healthy,0,0
2026-03-19T05:53:18.750845+00:00,device-05,load_balancer,branch-chicago,49.32,40.68,7.67,0.2679,10.28,0.00354,37.7,healthy,0,0
2026-03-12T16:29:18.750845+00:00,device-05,router,datacenter-west,59.49,40.69,32.82,0.0432,55.22,0.00072,45.7,healthy,0,0
2026-03-17T18:37:18.750845+00:00,device-21,firewall,datacenter-east,13.58,68.17,1.78,0.2112,59.82,0.00205,33.5,healthy,0,0
2026-03-17T17:30:18.750845+00:00,device-32,router,datacenter-west,54.79,28.63,1406.27,32.8312,36.22,0.17061,48.8,packet_loss,3,1
2026-03-25T15:18:18.750845+00:00,device-18,firewall,datacenter-central,94.36,80.43,2187.17,39.6091,95.05,0.66996,84.1,ddos_attack,5,1
2026-03-22T13:19:18.750845+00:00,device-07,switch,datacenter-east,43.28,13.94,43.72,0.0733,15.58,0.00458,47.2,healthy,0,0
2026-03-16T06:21:18.750845+00:00,device-24,load_balancer,branch-chicago,47.58,52.35,29.28,0.0191,12.18,0.0033,30.2,healthy,0,0
2026-03-20T08:47:18.750845+00:00,device-15,router,datacenter-central,40.72,39.82,16.94,0.17,22.23,0.0014,38.8,healthy,0,0
2026-03-17T15:29:18.750845+00:00,device-32,router,datacenter-east,33.41,20.27,465.2,21.1889,68.82,0.12552,46.9,packet_loss,3,1
2026-03-22T04:31:18.750845+00:00,device-46,router,branch-chicago,48.54,23.54,3.06,0.0128,45.39,0.001,39.4,healthy,0,0
2026-03-15T09:29:18.750845+00:00,device-35,load_balancer,branch-losangeles,7.26,26.07,21.35,0.2281,25.62,0.00407,49.1,healthy,0,0
2026-03-14T03:22:18.750845+00:00,device-03,server,branch-losangeles,93.84,63.17,214.68,0.5602,75.4,0.01285,78.6,high_cpu,1,1
2026-03-15T14:39:18.750845+00:00,device-42,server,branch-losangeles,90.3,66.25,89.78,2.345,80.84,0.04608,62.3,high_cpu,1,1
2026-03-12T09:55:18.750845+00:00,device-03,load_balancer,datacenter-east,59.02,46.68,37.39,0.1074,59.82,0.00141,35.0,healthy,0,0
2026-03-20T00:21:18.750845+00:00,device-41,switch,branch-newyork,55.62,23.34,4.3,0.0555,6.02,0.00228,36.6,healthy,0,0
2026-03-13T02:22:18.750845+00:00,device-32,server,branch-chicago,66.18,90.73,367.45,4.1597,53.39,0.04646,68.8,memory_exhaustion,2,1
2026-03-14T03:43:18.750845+00:00,device-25,router,branch-chicago,13.64,13.95,27.41,0.0351,25.45,0.00065,34.8,healthy,0,0
2026-03-16T00:52:18.750845+00:00,device-12,router,branch-newyork,46.86,54.26,423.53,28.1616,66.47,0.12919,52.0,packet_loss,3,1
2026-03-19T11:29:18.750845+00:00,device-01,load_balancer,branch-newyork,25.85,26.32,4.6,0.124,45.35,0.00308,49.1,healthy,0,0
2026-03-15T07:01:18.750845+00:00,device-41,router,branch-chicago,15.46,50.0,20.01,0.0073,35.83,0.00451,47.2,healthy,0,0
2026-03-18T09:47:18.750845+00:00,device-02,switch,branch-newyork,9.3,67.96,5.59,0.0229,54.98,0.00221,45.2,healthy,0,0
2026-03-15T11:25:18.750845+00:00,device-23,router,datacenter-west,25.09,64.99,42.33,0.1654,33.19,0.0033,45.6,healthy,0,0
2026-03-12T13:29:18.750845+00:00,device-13,server,branch-losangeles,66.67,91.92,301.27,3.2698,68.17,0.0283,60.5,memory_exhaustion,2,1
2026-03-13T20:59:18.750845+00:00,device-43,router,datacenter-west,36.4,21.18,19.05,0.1296,11.77,0.00062,32.2,healthy,0,0
2026-03-14T23:49:18.750845+00:00,device-41,firewall,branch-losangeles,63.45,45.19,3.53,0.0122,19.22,0.00383,37.5,healthy,0,0
2026-03-22T09:20:18.750845+00:00,device-06,router,datacenter-central,85.32,69.04,151.07,2.8654,76.02,0.01595,72.2,high_cpu,1,1
2026-03-15T23:57:18.750845+00:00,device-31,server,datacenter-east,15.68,68.86,9.55,0.2751,40.8,0.00498,41.0,healthy,0,0
2026-03-14T04:11:18.750845+00:00,device-49,server,branch-chicago,39.1,52.23,24.36,0.1089,42.99,0.00264,33.5,healthy,0,0
2026-03-17T21:05:18.750845+00:00,device-33,switch,datacenter-central,49.2,55.4,41.0,0.0784,29.8,0.00282,44.4,healthy,0,0
2026-03-20T05:05:18.750845+00:00,device-42,firewall,branch-losangeles,63.25,29.88,27.92,0.2523,55.49,0.00218,33.8,healthy,0,0
2026-03-18T18:25:18.750845+00:00,device-32,load_balancer,branch-chicago,48.45,50.55,31.22,0.2747,60.72,0.00434,38.9,healthy,0,0
2026-03-22T19:09:18.750845+00:00,device-16,router,datacenter-central,56.96,59.76,36.78,0.2339,28.03,0.00224,49.1,healthy,0,0
2026-03-12T15:35:18.750845+00:00,device-17,router,branch-newyork,77.03,73.23,2368.19,16.9546,90.75,0.49359,66.7,bgp_flapping,4,1
2026-03-18T13:23:18.750845+00:00,device-14,load_balancer,branch-newyork,31.58,48.73,43.05,0.2622,27.81,0.00391,47.2,healthy,0,0
2026-03-19T14:43:18.750845+00:00,device-19,load_balancer,datacenter-east,45.84,55.23,9.68,0.2305,18.1,0.00127,41.8,healthy,0,0
2026-03-17T18:02:18.750845+00:00,device-16,server,datacenter-west,96.52,84.45,113.68,1.3336,86.37,0.01945,70.7,high_cpu,1,1
2026-03-14T08:27:18.750845+00:00,device-15,server,branch-chicago,33.74,47.85,20.25,0.0978,53.43,0.00454,45.4,healthy,0,0
2026-03-18T12:09:18.750845+00:00,device-27,switch,branch-losangeles,45.99,26.42,36.49,0.0235,56.35,0.00276,47.9,healthy,0,0
2026-03-22T19:35:18.750845+00:00,device-48,switch,branch-chicago,49.46,28.14,23.47,0.0439,5.1,0.00302,32.6,healthy,0,0
2026-03-12T05:43:18.750845+00:00,device-06,firewall,datacenter-west,10.96,15.95,19.51,0.2859,51.9,0.00328,46.7,healthy,0,0
2026-03-18T04:33:18.750845+00:00,device-42,load_balancer,branch-losangeles,37.37,69.24,9.68,0.2296,15.99,0.00228,37.8,healthy,0,0
2026-03-12T04:12:18.750845+00:00,device-46,switch,branch-losangeles,62.71,96.42,470.46,7.9089,78.79,0.09037,70.9,memory_exhaustion,2,1
2026-03-17T01:20:18.750845+00:00,device-17,router,branch-losangeles,89.69,60.84,290.82,1.5129,89.22,0.03672,78.4,high_cpu,1,1
2026-03-15T05:15:18.750845+00:00,device-27,server,datacenter-central,55.76,69.44,16.48,0.0614,43.85,0.00242,48.9,healthy,0,0
2026-03-13T01:17:18.750845+00:00,device-22,firewall,datacenter-central,19.47,40.03,27.05,0.1741,58.39,0.00018,32.1,healthy,0,0
2026-03-20T16:15:18.750845+00:00,device-42,router,branch-newyork,80.42,61.56,2451.52,16.6509,89.4,0.21354,59.3,bgp_flapping,4,1
2026-03-18T00:47:18.750845+00:00,device-16,switch,datacenter-east,39.44,59.24,31.2,0.1727,63.76,0.00196,47.6,healthy,0,0
2026-03-17T21:53:18.750845+00:00,device-27,switch,branch-losangeles,43.18,50.15,32.13,0.0836,57.54,0.00155,30.3,healthy,0,0
2026-03-13T10:22:18.750845+00:00,device-17,firewall,branch-newyork,97.54,93.57,2916.57,40.3219,95.32,0.77048,82.9,ddos_attack,5,1
2026-03-15T23:29:18.750845+00:00,device-45,switch,datacenter-west,11.96,56.75,20.89,0.0134,18.5,0.00468,36.5,healthy,0,0
2026-03-12T18:57:18.750845+00:00,device-42,server,branch-chicago,63.6,90.38,140.54,7.1488,52.11,0.03643,74.3,memory_exhaustion,2,1
2026-03-12T15:11:18.750845+00:00,device-17,server,datacenter-central,50.2,58.57,32.77,0.0488,31.9,0.00278,33.0,healthy,0,0
2026-03-21T09:57:18.750845+00:00,device-27,load_balancer,datacenter-west,37.65,21.79,8.24,0.0095,10.1,0.00252,34.6,healthy,0,0
2026-03-19T19:13:18.750845+00:00,device-32,switch,datacenter-central,24.68,31.05,16.21,0.0693,14.81,0.0011,44.0,healthy,0,0
2026-03-13T22:33:18.750845+00:00,device-30,switch,branch-chicago,31.19,42.63,1075.59,38.9907,55.55,0.18731,45.2,packet_loss,3,1
2026-03-12T17:49:18.750845+00:00,device-22,server,branch-newyork,28.65,39.39,4.03,0.0704,34.97,0.00019,47.6,healthy,0,0
2026-03-14T04:09:18.750845+00:00,device-15,load_balancer,datacenter-central,64.07,66.36,33.99,0.0421,21.88,0.00121,42.3,healthy,0,0
2026-03-16T17:03:18.750845+00:00,device-25,load_balancer,branch-chicago,46.35,39.11,32.65,0.0858,40.17,0.00349,49.3,healthy,0,0
2026-03-18T19:06:18.750845+00:00,device-27,firewall,branch-newyork,97.97,95.03,1404.94,32.7973,95.82,0.26709,78.0,ddos_attack,5,1
2026-03-22T09:57:18.750845+00:00,device-43,server,datacenter-east,22.88,45.61,36.58,0.2028,22.48,0.00214,38.8,healthy,0,0
2026-03-20T05:49:18.750845+00:00,device-27,firewall,branch-chicago,29.28,39.2,26.7,0.0282,8.78,0.00202,33.2,healthy,0,0
2026-03-16T09:28:18.750845+00:00,device-46,server,datacenter-west,87.96,67.81,289.09,1.8948,85.9,0.04982,60.2,high_cpu,1,1
2026-03-17T05:21:18.750845+00:00,device-16,switch,branch-newyork,55.4,15.96,13.73,0.1654,11.92,0.00156,46.6,healthy,0,0
2026-03-12T14:55:18.750845+00:00,device-09,switch,datacenter-central,10.55,17.2,6.98,0.0859,5.34,0.00361,39.1,healthy,0,0
2026-03-22T02:01:18.750845+00:00,device-11,firewall,branch-newyork,49.83,49.26,11.5,0.1919,29.13,0.00268,40.0,healthy,0,0
2026-03-19T13:13:18.750845+00:00,device-14,firewall,datacenter-west,48.25,67.12,42.84,0.1752,21.54,0.00489,32.3,healthy,0,0
2026-03-14T02:57:18.750845+00:00,device-17,server,datacenter-central,32.6,66.03,42.29,0.1701,31.58,0.00185,42.8,healthy,0,0
2026-03-15T07:37:18.750845+00:00,device-47,switch,datacenter-east,51.59,51.68,35.96,0.2852,58.75,0.00403,40.3,healthy,0,0
2026-03-16T15:03:18.750845+00:00,device-18,switch,branch-newyork,12.47,36.69,10.97,0.028,24.32,0.00453,40.4,healthy,0,0
2026-03-21T05:01:18.750845+00:00,device-47,router,branch-newyork,54.49,10.26,35.16,0.1181,62.01,0.0024,39.7,healthy,0,0
2026-03-14T02:35:18.750845+00:00,device-24,firewall,branch-newyork,14.46,61.18,36.83,0.1852,59.73,0.00364,48.4,healthy,0,0
2026-03-12T18:31:18.750845+00:00,device-27,router,branch-chicago,43.14,18.37,38.99,0.0536,63.06,0.00103,31.5,healthy,0,0
2026-03-13T04:36:18.750845+00:00,device-16,server,branch-chicago,72.87,93.0,362.59,1.3742,62.91,0.08934,63.1,memory_exhaustion,2,1
2026-03-19T12:29:18.750845+00:00,device-28,firewall,datacenter-west,45.28,69.0,5.01,0.0303,5.02,0.00153,49.8,healthy,0,0
2026-03-16T10:21:18.750845+00:00,device-31,server,datacenter-west,8.64,34.88,34.22,0.2782,21.46,0.00258,45.4,healthy,0,0
2026-03-16T03:17:18.750845+00:00,device-38,server,datacenter-west,7.25,16.34,43.22,0.1293,61.4,0.00056,31.3,healthy,0,0
2026-03-21T02:00:18.750845+00:00,device-31,router,datacenter-east,95.05,66.3,255.45,2.536,81.6,0.02348,75.8,high_cpu,1,1
2026-03-14T04:31:18.750845+00:00,device-48,switch,datacenter-west,37.91,19.07,36.05,0.209,51.22,0.00349,41.4,healthy,0,0
2026-03-18T23:33:18.750845+00:00,device-31,server,branch-losangeles,21.73,52.06,29.38,0.1299,52.14,0.0016,46.2,healthy,0,0
2026-03-13T16:03:18.750845+00:00,device-21,switch,branch-chicago,9.71,63.37,39.49,0.0048,20.48,0.00327,34.9,healthy,0,0
2026-03-12T19:36:18.750845+00:00,device-07,load_balancer,datacenter-west,91.89,83.44,4214.15,46.9642,99.72,0.57108,72.1,ddos_attack,5,1
2026-03-18T15:45:18.750845+00:00,device-05,router,branch-losangeles,81.82,67.89,852.96,31.2618,61.17,0.28963,61.2,bgp_flapping,4,1
2026-03-20T07:55:18.750845+00:00,device-06,switch,datacenter-central,44.68,46.12,35.94,0.1236,54.42,0.00406,42.5,healthy,0,0
2026-03-16T15:53:18.750845+00:00,device-22,switch,branch-newyork,32.04,29.11,1290.05,12.4513,50.21,0.13703,39.0,packet_loss,3,1
2026-03-20T07:37:18.750845+00:00,device-08,firewall,datacenter-east,48.12,21.43,11.43,0.1064,60.55,0.0011,41.4,healthy,0,0
2026-03-19T20:07:18.750845+00:00,device-34,server,branch-newyork,39.78,47.81,35.1,0.1839,30.07,0.0014,42.4,healthy,0,0
2026-03-12T18:23:18.750845+00:00,device-32,router,datacenter-central,26.29,49.29,26.0,0.0629,12.41,0.00296,45.1,healthy,0,0
2026-03-21T02:10:18.750845+00:00,device-30,load_balancer,branch-newyork,92.56,94.48,2905.35,48.7426,96.44,0.62377,69.7,ddos_attack,5,1
2026-03-19T09:03:18.750845+00:00,device-27,switch,branch-chicago,9.38,62.2,25.77,0.2034,42.13,0.00156,31.7,healthy,0,0
2026-03-20T00:51:18.750845+00:00,device-46,switch,datacenter-central,19.75,28.03,23.1,0.0873,13.03,0.00286,41.4,healthy,0,0
2026-03-15T07:29:18.750845+00:00,device-03,switch,datacenter-east,23.3,38.98,32.7,0.2291,52.77,0.00021,44.6,healthy,0,0
2026-03-19T09:04:18.750845+00:00,device-44,router,datacenter-central,33.22,52.23,1813.36,11.1146,65.39,0.17876,48.8,packet_loss,3,1
2026-03-22T04:29:18.750845+00:00,device-07,load_balancer,datacenter-east,62.0,15.9,20.87,0.0886,8.44,0.0028,47.5,healthy,0,0
2026-03-17T08:21:18.750845+00:00,device-28,load_balancer,datacenter-central,36.65,40.0,3.06,0.2338,56.54,0.00358,37.6,healthy,0,0
2026-03-14T15:59:18.750845+00:00,device-23,firewall,branch-losangeles,41.03,51.22,32.38,0.1842,7.86,0.00039,46.8,healthy,0,0
2026-03-18T09:23:18.750845+00:00,device-07,switch,datacenter-central,23.68,51.33,9.77,0.0291,55.82,0.00494,43.3,healthy,0,0
2026-03-24T19:50:18.750845+00:00,device-28,switch,branch-chicago,43.39,95.12,409.64,2.9045,70.19,0.09021,70.4,memory_exhaustion,2,1
2026-03-16T13:39:18.750845+00:00,device-08,firewall,branch-chicago,25.1,22.19,2.75,0.1268,22.72,0.00265,48.7,healthy,0,0
2026-03-12T15:35:18.750845+00:00,device-45,server,branch-losangeles,24.12,38.87,19.03,0.0002,5.7,0.00062,32.3,healthy,0,0
2026-03-21T17:35:18.750845+00:00,device-45,router,branch-newyork,29.8,35.92,2.98,0.1182,51.62,0.00195,45.8,healthy,0,0
2026-03-16T15:33:18.750845+00:00,device-25,load_balancer,datacenter-west,51.3,18.3,29.43,0.2211,58.82,0.00046,41.6,healthy,0,0
2026-03-14T19:41:18.750845+00:00,device-35,firewall,branch-losangeles,35.28,49.74,44.56,0.2251,44.97,0.00129,42.4,healthy,0,0
2026-03-23T00:37:18.750845+00:00,device-24,firewall,datacenter-west,42.88,25.99,11.04,0.0497,51.95,0.00269,45.8,healthy,0,0
2026-03-21T05:19:18.750845+00:00,device-09,router,datacenter-west,90.33,77.4,1440.46,29.1667,89.72,0.38553,69.2,bgp_flapping,4,1
2026-03-14T18:03:18.750845+00:00,device-01,server,branch-losangeles,14.01,18.56,25.53,0.1405,13.23,0.00088,44.5,healthy,0,0
2026-03-19T04:15:18.750845+00:00,device-07,firewall,datacenter-east,51.86,61.81,15.64,0.1296,10.23,0.00472,45.2,healthy,0,0
2026-03-14T01:39:18.750845+00:00,device-03,switch,branch-chicago,38.11,17.59,8.94,0.0005,25.98,0.00195,33.3,healthy,0,0
2026-03-15T02:53:18.750845+00:00,device-34,server,branch-chicago,29.13,23.09,12.86,0.1663,16.77,0.0048,39.9,healthy,0,0
2026-03-17T08:39:18.750845+00:00,device-48,server,branch-newyork,11.64,64.6,38.0,0.0863,11.91,0.00143,42.8,healthy,0,0
2026-03-24T04:24:18.750845+00:00,device-25,switch,branch-chicago,70.85,89.15,327.38,6.5937,73.99,0.07544,72.3,memory_exhaustion,2,1
2026-03-17T02:45:18.750845+00:00,device-28,load_balancer,datacenter-west,26.7,16.02,4.8,0.039,46.95,0.00144,47.7,healthy,0,0
2026-03-17T19:07:18.750845+00:00,device-06,firewall,branch-chicago,27.43,64.47,22.0,0.2103,17.15,0.00221,49.8,healthy,0,0
2026-03-23T04:23:18.750845+00:00,device-10,server,datacenter-west,35.28,28.13,11.68,0.131,36.74,0.00075,38.3,healthy,0,0
2026-03-23T07:18:18.750845+00:00,device-27,switch,datacenter-west,49.18,92.41,391.75,6.3252,79.39,0.02405,65.5,memory_exhaustion,2,1
2026-03-21T17:23:18.750845+00:00,device-25,firewall,datacenter-east,19.4,37.75,15.52,0.109,40.4,0.00148,40.5,healthy,0,0
2026-03-17T23:31:18.750845+00:00,device-41,server,datacenter-west,28.69,39.99,6.22,0.2338,21.44,0.00486,44.2,healthy,0,0
2026-03-15T04:27:18.750845+00:00,device-09,router,datacenter-west,27.74,58.7,4.21,0.2156,38.16,0.00018,46.3,healthy,0,0
2026-03-25T06:38:18.750845+00:00,device-40,router,datacenter-west,86.2,69.4,1066.54,23.3083,65.48,0.32773,67.7,bgp_flapping,4,1
2026-03-18T17:27:18.750845+00:00,device-20,load_balancer,datacenter-central,15.55,46.86,41.58,0.2994,9.72,0.00069,37.8,healthy,0,0
2026-03-14T10:10:18.750845+00:00,device-27,router,datacenter-central,22.82,48.91,878.9,11.5946,56.17,0.25736,37.4,packet_loss,3,1
2026-03-20T15:27:18.750845+00:00,device-01,load_balancer,datacenter-west,42.44,45.13,17.86,0.2967,15.53,0.00082,33.1,healthy,0,0
2026-03-19T05:51:18.750845+00:00,device-06,switch,datacenter-west,44.7,14.85,30.16,0.0269,43.95,0.00061,34.3,healthy,0,0
2026-03-18T19:55:18.750845+00:00,device-14,switch,datacenter-west,41.92,52.61,43.96,0.041,24.85,0.00486,34.3,healthy,0,0
2026-03-15T19:53:18.750845+00:00,device-23,server,branch-newyork,24.06,31.88,3.75,0.2362,20.59,0.00059,41.4,healthy,0,0
2026-03-22T14:31:18.750845+00:00,device-49,switch,datacenter-west,18.14,39.61,6.4,0.2937,30.25,0.00169,46.7,healthy,0,0
2026-03-13T11:03:18.750845+00:00,device-30,router,datacenter-east,33.27,53.96,1948.91,33.4013,44.75,0.29431,52.2,packet_loss,3,1
2026-03-21T12:41:18.750845+00:00,device-02,load_balancer,datacenter-west,58.4,58.98,34.12,0.1561,50.8,0.00128,38.4,healthy,0,0
2026-03-16T16:43:18.750845+00:00,device-26,switch,datacenter-west,69.64,95.48,288.34,3.3302,52.62,0.07217,56.7,memory_exhaustion,2,1
2026-03-12T09:25:18.750845+00:00,device-50,firewall,branch-chicago,24.49,41.74,36.64,0.1252,53.66,0.00047,36.9,healthy,0,0
2026-03-21T12:31:18.750845+00:00,device-48,router,branch-newyork,16.29,28.38,37.59,0.035,6.19,0.001,45.9,healthy,0,0
2026-03-22T15:33:18.750845+00:00,device-50,server,datacenter-central,65.44,90.65,361.36,6.9694,65.45,0.04221,66.6,memory_exhaustion,2,1
2026-03-21T07:47:18.750845+00:00,device-14,firewall,branch-newyork,55.52,10.19,44.24,0.065,24.03,0.00356,40.7,healthy,0,0
2026-03-19T21:27:18.750845+00:00,device-03,switch,datacenter-east,34.3,26.85,23.54,0.0819,64.7,0.00225,37.9,healthy,0,0
2026-03-12T12:17:18.750845+00:00,device-27,switch,datacenter-central,18.29,55.04,27.17,0.254,54.69,0.0014,31.2,healthy,0,0
2026-03-15T11:21:18.750845+00:00,device-25,router,branch-newyork,46.74,59.53,31.71,0.0678,64.0,0.00496,35.5,healthy,0,0
2026-03-20T00:57:18.750845+00:00,device-37,router,datacenter-west,8.8,46.51,21.48,0.1664,47.32,0.00012,49.5,healthy,0,0
2026-03-22T06:27:18.750845+00:00,device-21,firewall,datacenter-east,45.34,14.76,7.94,0.1467,33.72,0.00278,41.1,healthy,0,0
2026-03-22T08:47:18.750845+00:00,device-15,router,datacenter-central,6.69,29.3,37.46,0.0544,55.55,0.00282,34.6,healthy,0,0
2026-03-15T18:57:18.750845+00:00,device-06,firewall,branch-chicago,53.12,15.97,44.9,0.2318,7.94,0.00198,41.9,healthy,0,0
2026-03-15T16:01:18.750845+00:00,device-17,router,datacenter-central,34.62,12.41,44.31,0.1709,17.03,5e-05,40.2,healthy,0,0
2026-03-14T07:13:18.750845+00:00,device-45,router,datacenter-east,39.05,23.08,27.22,0.0633,62.71,0.00099,47.7,healthy,0,0
2026-03-22T06:51:18.750845+00:00,device-45,load_balancer,datacenter-central,41.64,54.13,4.0,0.1171,38.25,0.00021,35.1,healthy,0,0
2026-03-17T19:23:18.750845+00:00,device-05,server,branch-chicago,40.46,33.1,31.27,0.0376,23.92,0.00019,43.9,healthy,0,0
2026-03-18T14:09:18.750845+00:00,device-29,server,branch-losangeles,52.77,63.53,39.57,0.1427,5.18,0.0019,48.0,healthy,0,0
2026-03-17T13:19:18.750845+00:00,device-25,load_balancer,branch-newyork,12.0,25.4,29.5,0.2897,44.73,0.00224,30.4,healthy,0,0
2026-03-13T08:19:18.750845+00:00,device-15,server,datacenter-central,57.97,89.01,199.29,5.7224,77.48,0.03218,74.0,memory_exhaustion,2,1
2026-03-16T14:33:18.750845+00:00,device-27,router,branch-losangeles,10.32,37.17,2.29,0.1012,44.29,0.00091,43.4,healthy,0,0
2026-03-21T07:55:18.750845+00:00,device-11,router,datacenter-east,34.57,24.37,2.04,0.1824,6.99,0.00328,33.2,healthy,0,0
2026-03-13T19:51:18.750845+00:00,device-03,server,datacenter-central,91.58,62.84,190.75,1.967,88.92,0.02017,71.9,high_cpu,1,1
2026-03-22T03:13:18.750845+00:00,device-46,load_balancer,datacenter-east,52.61,13.34,6.31,0.0778,7.43,0.00332,40.7,healthy,0,0
2026-03-21T17:33:18.750845+00:00,device-22,firewall,branch-chicago,35.16,21.16,22.78,0.0755,33.35,0.00032,39.9,healthy,0,0
2026-03-14T14:33:18.750845+00:00,device-36,load_balancer,datacenter-central,47.88,27.15,9.74,0.2775,15.78,0.0047,36.7,healthy,0,0
2026-03-12T23:00:18.750845+00:00,device-41,switch,branch-losangeles,61.8,94.8,104.95,3.3449,58.43,0.04286,68.2,memory_exhaustion,2,1
2026-03-22T10:58:18.750845+00:00,device-25,router,branch-chicago,73.26,71.58,521.0,20.4039,70.05,0.3933,55.2,bgp_flapping,4,1
2026-03-14T18:51:18.750845+00:00,device-10,load_balancer,branch-chicago,25.0,53.56,7.7,0.2333,17.86,0.00394,50.0,healthy,0,0
2026-03-19T04:47:18.750845+00:00,device-49,load_balancer,datacenter-west,63.17,18.01,12.83,0.2464,43.09,0.0029,34.7,healthy,0,0
2026-03-14T04:21:18.750845+00:00,device-29,server,branch-chicago,62.25,32.4,23.67,0.0116,5.32,0.00011,40.1,healthy,0,0
2026-03-14T10:09:18.750845+00:00,device-33,router,datacenter-east,38.54,28.6,1523.02,11.8343,61.29,0.28518,52.2,packet_loss,3,1
2026-03-14T23:19:18.750845+00:00,device-13,firewall,datacenter-west,19.0,17.7,43.55,0.2153,52.01,0.00433,33.3,healthy,0,0
2026-03-18T15:39:18.750845+00:00,device-09,switch,branch-newyork,63.95,48.97,28.14,0.0101,30.75,0.00411,37.5,healthy,0,0
2026-03-16T03:59:18.750845+00:00,device-07,router,branch-losangeles,35.51,12.85,10.56,0.0107,27.82,0.00107,49.8,healthy,0,0
2026-03-15T21:37:18.750845+00:00,device-19,firewall,branch-newyork,35.28,42.42,37.85,0.192,51.42,0.00239,43.3,healthy,0,0
2026-03-21T23:55:18.750845+00:00,device-07,load_balancer,datacenter-east,58.13,55.71,39.36,0.1685,19.93,0.00432,39.7,healthy,0,0
2026-03-18T22:25:18.750845+00:00,device-10,router,branch-newyork,45.2,63.86,20.92,0.227,39.83,0.00055,37.0,healthy,0,0
2026-03-19T08:55:18.750845+00:00,device-12,firewall,branch-losangeles,10.06,42.82,2.26,0.0799,45.47,0.00148,36.7,healthy,0,0
2026-03-25T16:32:18.750845+00:00,device-16,router,branch-newyork,28.77,42.12,799.14,20.6923,58.26,0.1115,50.5,packet_loss,3,1
2026-03-18T11:47:18.750845+00:00,device-23,server,datacenter-east,22.42,21.81,22.8,0.0443,19.8,0.00027,37.4,healthy,0,0
2026-03-14T12:15:18.750845+00:00,device-11,router,branch-chicago,72.53,62.32,1066.98,28.8797,77.63,0.43554,63.7,bgp_flapping,4,1
2026-03-17T04:25:18.750845+00:00,device-05,router,branch-newyork,92.51,67.15,1010.27,16.1919,67.14,0.18922,55.0,bgp_flapping,4,1
2026-03-19T12:09:18.750845+00:00,device-05,server,branch-losangeles,11.9,11.36,9.84,0.143,27.6,0.00398,39.4,healthy,0,0
2026-03-20T17:47:18.750845+00:00,device-35,load_balancer,branch-chicago,21.9,13.53,30.71,0.1655,37.78,0.00371,39.0,healthy,0,0
2026-03-20T00:55:18.750845+00:00,device-20,switch,branch-chicago,47.27,44.18,36.3,0.2554,51.72,0.0031,33.2,healthy,0,0
2026-03-13T20:55:18.750845+00:00,device-38,switch,branch-newyork,46.37,64.7,23.2,0.1292,22.19,0.00444,35.3,healthy,0,0
2026-03-16T00:35:18.750845+00:00,device-29,server,branch-newyork,24.34,59.53,4.08,0.2976,14.66,0.0002,46.5,healthy,0,0
2026-03-12T11:45:18.750845+00:00,device-23,server,datacenter-east,31.51,62.65,15.89,0.0076,6.82,0.00232,33.6,healthy,0,0
2026-03-14T16:47:18.750845+00:00,device-13,load_balancer,datacenter-east,38.26,39.79,4.31,0.0073,16.57,0.00116,47.6,healthy,0,0
2026-03-19T00:57:18.750845+00:00,device-43,router,datacenter-east,81.87,75.35,1492.37,20.783,69.85,0.14553,73.0,bgp_flapping,4,1
2026-03-17T03:35:18.750845+00:00,device-48,load_balancer,datacenter-central,41.73,31.0,25.88,0.2434,7.74,0.00107,41.3,healthy,0,0
2026-03-21T01:49:18.750845+00:00,device-06,router,datacenter-central,8.29,35.38,24.87,0.078,11.65,0.0011,44.3,healthy,0,0
2026-03-17T16:11:18.750845+00:00,device-16,switch,branch-newyork,49.56,22.56,24.21,0.2789,5.07,0.00071,43.9,healthy,0,0
2026-03-20T06:45:18.750845+00:00,device-09,server,branch-chicago,13.75,26.19,36.53,0.0344,51.91,0.00188,34.4,healthy,0,0
2026-03-12T02:11:18.750845+00:00,device-33,router,branch-losangeles,75.71,76.36,2729.57,20.0822,93.57,0.29693,66.9,bgp_flapping,4,1
2026-03-20T02:27:18.750845+00:00,device-25,firewall,branch-losangeles,12.04,44.27,13.79,0.2181,41.12,0.00453,45.1,healthy,0,0
2026-03-19T18:25:18.750845+00:00,device-22,switch,branch-losangeles,34.94,55.28,26.77,0.0817,26.66,0.00021,31.9,healthy,0,0
2026-03-12T04:45:18.750845+00:00,device-14,firewall,branch-newyork,16.96,61.4,21.81,0.0112,35.55,0.00314,40.6,healthy,0,0
2026-03-16T09:43:18.750845+00:00,device-45,switch,datacenter-central,11.97,14.65,34.16,0.1961,17.07,0.00279,48.2,healthy,0,0
2026-03-21T14:15:18.750845+00:00,device-22,router,branch-newyork,14.78,11.14,16.02,0.2023,64.39,0.00294,38.3,healthy,0,0
2026-03-17T03:29:18.750845+00:00,device-09,router,branch-losangeles,39.1,44.61,9.76,0.0645,61.64,0.00033,43.9,healthy,0,0
2026-03-16T06:03:18.750845+00:00,device-45,router,branch-chicago,35.94,38.6,5.52,0.2448,20.06,0.00191,43.3,healthy,0,0
2026-03-18T14:57:18.750845+00:00,device-17,switch,datacenter-central,9.32,54.29,37.45,0.077,63.85,0.00014,37.3,healthy,0,0
2026-03-16T10:15:18.750845+00:00,device-38,firewall,datacenter-east,27.4,26.14,7.58,0.1074,31.57,0.00237,31.6,healthy,0,0
2026-03-22T05:55:18.750845+00:00,device-32,switch,datacenter-central,37.42,12.26,38.49,0.2216,52.91,0.00175,39.1,healthy,0,0
2026-03-14T03:57:18.750845+00:00,device-26,firewall,datacenter-west,34.24,28.81,11.61,0.2259,60.94,0.00382,43.9,healthy,0,0
2026-03-17T21:54:18.750845+00:00,device-48,load_balancer,datacenter-west,93.53,87.05,1792.18,54.5588,95.29,0.44233,68.3,ddos_attack,5,1
2026-03-19T07:29:18.750845+00:00,device-40,server,datacenter-west,62.26,52.27,11.75,0.1103,9.57,0.0036,30.5,healthy,0,0
2026-03-12T13:23:18.750845+00:00,device-44,load_balancer,branch-chicago,57.04,29.63,22.86,0.0914,24.72,0.00159,48.1,healthy,0,0
2026-03-22T18:49:18.750845+00:00,device-42,firewall,datacenter-central,38.56,67.45,36.75,0.1853,38.09,0.00273,39.1,healthy,0,0
2026-03-18T00:21:18.750845+00:00,device-24,router,datacenter-east,20.95,26.7,44.13,0.0719,16.29,0.00357,33.7,healthy,0,0
2026-03-20T19:23:18.750845+00:00,device-36,switch,datacenter-east,28.29,46.37,40.91,0.2906,25.99,0.00139,31.2,healthy,0,0
2026-03-20T21:25:18.750845+00:00,device-31,server,datacenter-east,47.89,51.65,8.12,0.0792,26.56,0.00198,35.0,healthy,0,0
2026-03-17T13:07:18.750845+00:00,device-37,router,datacenter-east,6.87,45.95,40.78,0.0242,51.79,0.00095,36.4,healthy,0,0
2026-03-19T23:21:18.750845+00:00,device-28,load_balancer,branch-newyork,11.64,18.9,12.79,0.1709,59.14,0.00408,30.6,healthy,0,0
2026-03-13T13:41:18.750845+00:00,device-16,server,branch-newyork,16.9,30.52,36.12,0.0613,24.87,0.00471,36.9,healthy,0,0
2026-03-25T07:28:18.750845+00:00,device-39,switch,datacenter-central,46.34,48.87,253.02,23.3891,38.86,0.09612,42.5,packet_loss,3,1
2026-03-22T11:47:18.750845+00:00,device-48,server,datacenter-east,49.0,34.51,24.68,0.1929,58.41,0.0034,38.1,healthy,0,0
2026-03-17T01:23:18.750845+00:00,device-19,firewall,datacenter-central,28.94,20.28,41.56,0.2804,56.83,0.00018,37.7,healthy,0,0
2026-03-17T03:37:18.750845+00:00,device-12,router,branch-chicago,41.32,22.11,5.89,0.0615,62.38,0.00478,30.8,healthy,0,0
2026-03-14T08:31:18.750845+00:00,device-15,load_balancer,branch-chicago,48.58,10.78,3.22,0.2659,22.97,0.00161,41.8,healthy,0,0
2026-03-21T18:19:18.750845+00:00,device-40,server,datacenter-west,19.78,52.82,40.9,0.2825,50.23,0.00457,48.6,healthy,0,0
2026-03-12T01:52:18.750845+00:00,device-06,router,branch-losangeles,86.7,60.84,226.7,2.2672,86.71,0.0343,60.3,high_cpu,1,1
2026-03-19T03:19:18.750845+00:00,device-29,switch,datacenter-west,20.52,21.5,35.57,0.2799,61.76,0.00248,45.2,healthy,0,0
2026-03-19T09:53:18.750845+00:00,device-32,switch,branch-newyork,17.92,48.73,3.98,0.1745,23.73,0.00373,46.2,healthy,0,0
2026-03-21T06:20:18.750845+00:00,device-06,router,datacenter-west,88.78,82.97,105.33,2.2572,85.13,0.0178,68.9,high_cpu,1,1
2026-03-20T12:25:18.750845+00:00,device-02,router,branch-newyork,47.98,30.66,26.26,0.1564,23.42,0.00193,39.7,healthy,0,0
2026-03-16T01:48:18.750845+00:00,device-34,router,datacenter-east,87.1,69.91,116.89,0.8561,73.03,0.03605,66.6,high_cpu,1,1
2026-03-13T17:27:18.750845+00:00,device-41,switch,branch-losangeles,19.41,22.33,12.85,0.1757,48.18,0.00135,32.6,healthy,0,0
2026-03-19T01:41:18.750845+00:00,device-47,switch,branch-chicago,56.88,12.03,15.59,0.176,55.28,0.00427,32.6,healthy,0,0
2026-03-13T11:35:18.750845+00:00,device-22,router,datacenter-central,26.09,22.35,42.88,0.1491,52.33,0.00416,37.1,healthy,0,0
2026-03-14T20:39:18.750845+00:00,device-05,load_balancer,datacenter-central,29.41,31.54,38.41,0.0687,38.72,0.00011,46.1,healthy,0,0
2026-03-15T04:33:18.750845+00:00,device-31,load_balancer,branch-chicago,17.02,20.04,5.27,0.2157,33.78,0.00172,46.5,healthy,0,0
2026-03-15T22:37:18.750845+00:00,device-10,load_balancer,branch-newyork,17.58,65.66,18.42,0.1657,5.23,0.00378,34.7,healthy,0,0
2026-03-17T13:59:18.750845+00:00,device-27,firewall,datacenter-west,41.7,69.54,8.64,0.2691,52.59,0.00357,35.3,healthy,0,0
2026-03-20T04:28:18.750845+00:00,device-27,switch,datacenter-east,41.95,22.39,875.1,20.8966,31.82,0.16991,42.0,packet_loss,3,1
2026-03-15T03:27:18.750845+00:00,device-16,load_balancer,branch-losangeles,97.53,88.52,3539.71,58.1286,95.97,0.23561,71.7,ddos_attack,5,1
2026-03-12T09:49:18.750845+00:00,device-40,router,datacenter-central,27.86,22.31,9.39,0.2453,28.5,0.00341,32.9,healthy,0,0
2026-03-17T01:51:18.750845+00:00,device-18,router,branch-chicago,94.52,77.22,80.87,2.8608,75.17,0.02052,72.5,high_cpu,1,1
2026-03-13T18:31:18.750845+00:00,device-31,router,datacenter-west,76.64,71.61,2478.4,17.8803,94.54,0.16444,67.9,bgp_flapping,4,1
2026-03-14T06:19:18.750845+00:00,device-15,switch,datacenter-west,34.03,37.08,21.97,0.1905,49.64,0.0028,46.4,healthy,0,0
2026-03-18T21:53:18.750845+00:00,device-42,firewall,datacenter-east,60.25,69.98,42.59,0.0015,50.87,0.00353,30.6,healthy,0,0
2026-03-21T04:43:18.750845+00:00,device-40,load_balancer,datacenter-east,50.67,54.55,24.67,0.035,28.72,0.00028,44.3,healthy,0,0
2026-03-19T20:55:18.750845+00:00,device-49,firewall,branch-losangeles,58.0,49.98,31.22,0.2025,14.22,0.00413,37.3,healthy,0,0
2026-03-12T16:33:18.750845+00:00,device-37,firewall,branch-chicago,13.24,32.77,18.88,0.1802,23.41,0.00457,42.3,healthy,0,0
2026-03-15T07:23:18.750845+00:00,device-02,server,datacenter-west,52.58,19.65,26.19,0.0008,40.96,0.00431,48.5,healthy,0,0
2026-03-16T21:07:18.750845+00:00,device-10,router,branch-chicago,46.41,29.07,41.62,0.2368,58.35,0.0049,46.5,healthy,0,0
2026-03-13T02:53:18.750845+00:00,device-11,router,branch-losangeles,93.8,76.55,220.27,2.0302,79.87,0.01397,71.1,high_cpu,1,1
2026-03-12T03:21:18.750845+00:00,device-19,server,datacenter-east,62.52,44.54,15.18,0.2565,14.02,0.00144,30.7,healthy,0,0
2026-03-17T00:05:18.750845+00:00,device-02,server,datacenter-central,24.15,21.3,15.74,0.1778,19.83,0.00237,46.4,healthy,0,0
2026-03-16T17:11:18.750845+00:00,device-41,router,datacenter-east,59.07,42.21,31.23,0.2986,15.2,0.00336,50.0,healthy,0,0
2026-03-18T02:53:18.750845+00:00,device-49,switch,branch-newyork,63.99,54.01,18.75,0.0481,49.87,0.00182,30.5,healthy,0,0
2026-03-17T11:57:18.750845+00:00,device-34,firewall,datacenter-central,53.98,60.35,38.77,0.1285,28.35,0.0049,45.5,healthy,0,0
2026-03-13T22:25:18.750845+00:00,device-32,firewall,branch-chicago,19.62,47.76,17.02,0.1149,64.05,0.00111,34.4,healthy,0,0
2026-03-21T03:09:18.750845+00:00,device-14,switch,datacenter-east,42.07,50.63,43.17,0.0887,60.62,0.00495,36.5,healthy,0,0
2026-03-22T04:56:18.750845+00:00,device-36,router,datacenter-west,80.35,75.39,869.4,16.8742,81.8,0.3183,73.0,bgp_flapping,4,1
2026-03-22T11:25:18.750845+00:00,device-44,firewall,branch-losangeles,43.18,24.69,2.92,0.0003,55.1,0.00286,44.1,healthy,0,0
2026-03-21T08:49:18.750845+00:00,device-36,switch,branch-losangeles,31.97,21.18,9.72,0.2306,13.36,0.00442,39.8,healthy,0,0
2026-03-16T03:27:18.750845+00:00,device-49,switch,branch-losangeles,29.48,25.29,21.95,0.2128,54.36,0.00122,46.6,healthy,0,0
2026-03-19T03:39:18.750845+00:00,device-28,server,branch-losangeles,46.36,60.06,24.98,0.0785,17.54,0.00433,36.4,healthy,0,0
2026-03-14T23:15:18.750845+00:00,device-17,switch,branch-newyork,26.66,13.85,40.03,0.2153,39.15,0.00307,38.2,healthy,0,0
2026-03-12T05:09:18.750845+00:00,device-20,firewall,branch-newyork,43.52,60.56,33.04,0.132,49.69,0.00203,48.8,healthy,0,0
2026-03-22T11:51:18.750845+00:00,device-41,router,branch-newyork,58.59,69.73,5.57,0.0634,62.03,0.00434,40.2,healthy,0,0
2026-03-12T11:09:18.750845+00:00,device-39,load_balancer,datacenter-east,54.8,67.8,36.94,0.0676,42.56,0.00095,36.9,healthy,0,0
2026-03-17T02:15:18.750845+00:00,device-40,firewall,branch-chicago,51.61,68.1,23.07,0.2546,11.12,0.00267,48.5,healthy,0,0
2026-03-21T14:53:18.750845+00:00,device-32,load_balancer,datacenter-central,96.36,97.43,2771.68,30.7818,99.29,0.27567,68.7,ddos_attack,5,1
2026-03-14T17:53:18.750845+00:00,device-15,firewall,branch-losangeles,57.95,53.2,32.65,0.0696,60.81,0.00461,45.3,healthy,0,0
2026-03-19T10:39:18.750845+00:00,device-42,server,branch-newyork,21.37,23.73,44.84,0.2338,8.46,0.00243,39.2,healthy,0,0
2026-03-14T12:59:18.750845+00:00,device-32,router,datacenter-west,39.0,35.31,43.14,0.0743,29.06,0.00073,36.1,healthy,0,0
2026-03-21T15:37:18.750845+00:00,device-41,load_balancer,branch-newyork,9.11,22.76,42.17,0.0753,56.88,0.00262,34.8,healthy,0,0
2026-03-18T21:52:18.750845+00:00,device-35,router,branch-losangeles,88.08,61.53,2969.83,19.3523,83.03,0.34861,68.7,bgp_flapping,4,1
2026-03-22T12:47:18.750845+00:00,device-24,firewall,datacenter-east,35.73,64.54,14.52,0.1421,43.06,0.00262,32.4,healthy,0,0
2026-03-23T13:55:18.750845+00:00,device-13,server,datacenter-central,47.2,89.1,187.03,1.3226,77.25,0.06421,67.4,memory_exhaustion,2,1
2026-03-16T03:49:18.750845+00:00,device-06,switch,branch-chicago,51.12,61.47,36.32,0.0187,35.02,0.00425,45.0,healthy,0,0
2026-03-22T10:13:18.750845+00:00,device-32,server,datacenter-central,60.7,32.18,7.6,0.2652,21.79,0.00107,37.7,healthy,0,0
2026-03-13T05:37:18.750845+00:00,device-08,switch,datacenter-central,36.83,36.18,27.73,0.2481,33.61,0.00245,35.2,healthy,0,0
2026-03-13T18:09:18.750845+00:00,device-25,router,datacenter-west,28.8,11.4,28.95,0.0806,32.41,0.00185,44.7,healthy,0,0
2026-03-12T10:53:18.750845+00:00,device-03,router,branch-newyork,44.01,47.13,1.48,0.2941,14.19,0.00364,34.8,healthy,0,0
2026-03-24T20:39:18.750845+00:00,device-12,server,branch-chicago,89.67,60.95,149.44,0.8408,89.57,0.01332,74.4,high_cpu,1,1
2026-03-23T00:59:18.750845+00:00,device-27,server,datacenter-east,37.77,10.54,8.77,0.1572,33.79,0.00418,35.6,healthy,0,0
2026-03-16T08:49:18.750845+00:00,device-44,load_balancer,datacenter-west,7.75,26.09,23.44,0.0593,7.44,0.001,47.9,healthy,0,0
2026-03-25T00:56:18.750845+00:00,device-21,firewall,datacenter-central,94.56,94.2,4164.65,57.8989,99.99,0.37963,71.3,ddos_attack,5,1
2026-03-16T09:41:18.750845+00:00,device-05,server,datacenter-east,52.06,26.04,16.24,0.2403,9.7,0.00465,31.0,healthy,0,0
2026-03-14T23:01:18.750845+00:00,device-14,firewall,branch-chicago,19.18,26.46,2.86,0.0067,19.0,0.00396,34.4,healthy,0,0
2026-03-18T09:09:18.750845+00:00,device-38,load_balancer,datacenter-central,14.8,60.9,38.02,0.0886,12.21,0.00075,47.6,healthy,0,0
2026-03-18T16:13:18.750845+00:00,device-41,router,branch-newyork,12.32,11.21,3.76,0.054,16.71,0.00286,34.4,healthy,0,0
2026-03-17T15:43:18.750845+00:00,device-09,firewall,datacenter-central,39.97,24.76,43.89,0.1149,17.18,0.00272,45.6,healthy,0,0
2026-03-17T15:37:18.750845+00:00,device-48,load_balancer,datacenter-west,56.66,31.36,13.49,0.0616,54.73,0.00064,38.3,healthy,0,0
2026-03-16T02:07:18.750845+00:00,device-18,switch,datacenter-east,35.02,68.48,5.26,0.2547,46.82,0.001,33.4,healthy,0,0
2026-03-17T06:11:18.750845+00:00,device-37,firewall,branch-chicago,50.68,25.94,18.72,0.1336,46.68,0.00458,35.7,healthy,0,0
2026-03-12T05:16:18.750845+00:00,device-49,router,datacenter-west,94.65,63.91,1855.12,23.3619,87.2,0.38989,57.5,bgp_flapping,4,1
2026-03-20T21:29:18.750845+00:00,device-03,switch,branch-newyork,28.95,16.35,37.35,0.042,34.84,0.00349,33.5,healthy,0,0
2026-03-20T10:33:18.750845+00:00,device-04,firewall,branch-chicago,30.36,22.4,21.39,0.1231,9.21,0.00454,45.0,healthy,0,0
2026-03-21T18:07:18.750845+00:00,device-31,firewall,branch-chicago,16.13,33.79,36.39,0.2892,56.65,0.00419,46.3,healthy,0,0
2026-03-19T23:47:18.750845+00:00,device-47,load_balancer,branch-newyork,45.95,42.55,7.26,0.2267,21.82,0.00449,35.0,healthy,0,0
2026-03-18T11:23:18.750845+00:00,device-14,switch,branch-losangeles,32.02,28.43,26.36,0.1934,52.25,0.00239,45.0,healthy,0,0
2026-03-17T10:31:18.750845+00:00,device-29,switch,branch-newyork,59.44,39.56,4.69,0.0993,28.48,0.00383,47.7,healthy,0,0
2026-03-17T18:41:18.750845+00:00,device-18,load_balancer,datacenter-west,19.5,10.17,29.08,0.1555,26.9,0.00195,36.5,healthy,0,0
2026-03-12T04:07:18.750845+00:00,device-08,server,datacenter-east,40.07,65.14,27.67,0.2352,13.7,0.00343,43.8,healthy,0,0
2026-03-16T02:25:18.750845+00:00,device-31,server,datacenter-west,22.4,52.97,41.11,0.2232,47.79,0.00114,40.0,healthy,0,0
2026-03-16T16:29:18.750845+00:00,device-06,firewall,datacenter-east,9.25,50.19,30.31,0.2689,27.72,0.00011,40.5,healthy,0,0
2026-03-16T03:41:18.750845+00:00,device-37,firewall,branch-newyork,7.18,21.08,20.78,0.1173,51.94,0.0021,46.3,healthy,0,0
2026-03-16T19:23:18.750845+00:00,device-12,server,branch-losangeles,10.77,12.64,17.08,0.2552,15.73,0.0023,30.8,healthy,0,0
2026-03-15T01:13:18.750845+00:00,device-45,server,branch-newyork,62.04,20.86,21.18,0.2506,37.04,0.0049,31.2,healthy,0,0
2026-03-21T14:23:18.750845+00:00,device-10,firewall,datacenter-central,64.55,32.39,35.7,0.0873,37.88,0.00189,31.6,healthy,0,0
2026-03-18T15:45:18.750845+00:00,device-11,switch,branch-losangeles,47.66,53.05,8.31,0.2069,47.49,0.00164,44.0,healthy,0,0
2026-03-12T13:19:18.750845+00:00,device-40,server,datacenter-east,19.7,54.69,35.34,0.1532,58.92,0.00412,30.7,healthy,0,0
2026-03-16T22:37:18.750845+00:00,device-22,server,branch-newyork,22.34,60.01,4.99,0.1464,9.37,0.00461,38.4,healthy,0,0
2026-03-13T05:11:18.750845+00:00,device-26,firewall,datacenter-central,47.0,38.52,42.77,0.0321,57.37,0.00014,34.2,healthy,0,0
2026-03-12T15:04:18.750845+00:00,device-24,load_balancer,datacenter-east,92.37,83.42,4465.57,54.6988,98.3,0.35912,79.9,ddos_attack,5,1
2026-03-20T22:17:18.750845+00:00,device-24,switch,datacenter-east,32.87,37.66,35.4,0.0939,39.57,0.0012,40.0,healthy,0,0
2026-03-19T07:48:18.750845+00:00,device-04,router,datacenter-east,51.61,20.85,1241.13,34.1319,61.14,0.08052,54.5,packet_loss,3,1
2026-03-17T12:11:18.750845+00:00,device-40,server,datacenter-central,99.0,82.69,210.37,1.8239,81.18,0.03788,79.7,high_cpu,1,1
2026-03-14T23:22:18.750845+00:00,device-46,router,datacenter-east,39.42,24.23,586.19,14.7682,37.95,0.12948,45.5,packet_loss,3,1
2026-03-22T19:21:18.750845+00:00,device-33,switch,branch-chicago,5.26,38.18,26.52,0.2639,53.96,0.0041,50.0,healthy,0,0
2026-03-21T11:03:18.750845+00:00,device-05,firewall,datacenter-central,33.46,65.77,41.65,0.067,51.68,0.0008,34.0,healthy,0,0
2026-03-20T07:29:18.750845+00:00,device-18,router,datacenter-west,5.6,40.19,17.56,0.1308,62.7,0.00362,38.3,healthy,0,0
2026-03-19T08:33:18.750845+00:00,device-33,server,branch-chicago,52.03,56.09,38.35,0.2791,58.71,0.00083,37.1,healthy,0,0
2026-03-18T03:01:18.750845+00:00,device-33,router,datacenter-west,53.54,41.85,9.04,0.2778,32.73,0.00285,32.6,healthy,0,0
2026-03-14T23:09:18.750845+00:00,device-29,switch,branch-newyork,38.4,22.47,6.99,0.2693,55.31,0.00489,41.9,healthy,0,0
2026-03-14T22:51:18.750845+00:00,device-05,switch,datacenter-east,64.75,47.51,37.99,0.1905,10.74,0.00438,40.8,healthy,0,0
2026-03-18T03:15:18.750845+00:00,device-44,load_balancer,datacenter-west,63.93,64.96,40.64,0.1889,62.1,0.00159,41.0,healthy,0,0
2026-03-12T05:46:18.750845+00:00,device-15,firewall,branch-newyork,98.45,98.72,4399.37,34.9717,96.16,0.6545,72.1,ddos_attack,5,1
2026-03-13T06:53:18.750845+00:00,device-16,server,branch-newyork,31.29,15.9,7.66,0.0563,41.7,0.00173,33.2,healthy,0,0
2026-03-23T12:15:18.750845+00:00,device-05,firewall,datacenter-west,91.45,83.33,2551.39,41.14,99.25,0.27203,81.4,ddos_attack,5,1
2026-03-16T00:17:18.750845+00:00,device-39,firewall,datacenter-west,44.47,63.45,40.97,0.219,49.83,0.00264,38.5,healthy,0,0
2026-03-18T17:29:18.750845+00:00,device-22,load_balancer,branch-losangeles,31.91,58.85,1.29,0.1879,34.94,0.00247,48.0,healthy,0,0
2026-03-22T12:03:18.750845+00:00,device-47,firewall,datacenter-central,16.5,57.12,2.83,0.0994,6.58,0.00478,36.9,healthy,0,0
2026-03-13T11:47:18.750845+00:00,device-44,server,datacenter-east,45.72,32.74,8.08,0.2996,15.65,0.00281,30.3,healthy,0,0
2026-03-18T07:01:18.750845+00:00,device-25,server,branch-losangeles,36.49,69.9,31.76,0.2188,26.92,0.00297,47.4,healthy,0,0
2026-03-13T11:07:18.750845+00:00,device-19,load_balancer,branch-chicago,40.84,48.57,10.32,0.0562,27.73,0.00328,44.9,healthy,0,0
2026-03-12T02:35:18.750845+00:00,device-27,firewall,datacenter-west,46.83,54.63,20.17,0.2044,34.97,0.00067,40.4,healthy,0,0
2026-03-21T04:13:18.750845+00:00,device-02,router,branch-losangeles,39.01,37.1,2.11,0.201,35.61,0.00273,33.1,healthy,0,0
2026-03-16T05:03:18.750845+00:00,device-49,load_balancer,datacenter-west,31.87,44.19,13.33,0.1181,32.64,0.00266,49.2,healthy,0,0
2026-03-24T13:49:18.750845+00:00,device-22,router,branch-newyork,76.78,63.25,2123.38,33.5212,79.28,0.25796,61.7,bgp_flapping,4,1
2026-03-17T12:49:18.750845+00:00,device-22,switch,branch-losangeles,36.69,46.08,24.56,0.0161,44.8,0.00269,41.7,healthy,0,0
2026-03-22T04:01:18.750845+00:00,device-49,switch,datacenter-central,23.62,54.01,32.55,0.2472,43.27,0.00054,48.4,healthy,0,0
2026-03-19T13:07:18.750845+00:00,device-38,firewall,branch-chicago,51.5,20.28,28.2,0.0773,26.46,0.00155,42.6,healthy,0,0
2026-03-13T08:03:18.750845+00:00,device-48,load_balancer,branch-losangeles,25.89,64.66,32.39,0.2949,19.9,0.0007,47.6,healthy,0,0
2026-03-18T06:29:18.750845+00:00,device-48,load_balancer,datacenter-central,10.29,56.11,19.89,0.2519,12.48,0.00044,48.2,healthy,0,0
2026-03-14T06:57:18.750845+00:00,device-20,router,datacenter-central,53.62,54.2,785.56,14.4615,44.22,0.2368,49.4,packet_loss,3,1
2026-03-14T17:21:18.750845+00:00,device-17,router,datacenter-central,51.93,27.17,34.33,0.016,60.88,0.00496,44.4,healthy,0,0
2026-03-17T14:45:18.750845+00:00,device-37,firewall,datacenter-central,32.89,35.68,19.59,0.0713,46.61,0.00489,48.9,healthy,0,0
2026-03-22T21:47:18.750845+00:00,device-34,load_balancer,datacenter-central,29.21,62.54,36.99,0.2188,35.91,0.00013,32.7,healthy,0,0
2026-03-21T02:22:18.750845+00:00,device-36,router,branch-newyork,50.62,30.42,1709.26,37.1753,45.84,0.22726,35.8,packet_loss,3,1
2026-03-18T03:47:18.750845+00:00,device-28,load_balancer,branch-newyork,34.09,55.71,22.28,0.1539,46.09,0.00174,43.8,healthy,0,0
2026-03-17T10:21:18.750845+00:00,device-22,router,datacenter-west,12.58,14.45,18.04,0.2779,44.59,0.00364,31.6,healthy,0,0
2026-03-17T02:25:18.750845+00:00,device-38,load_balancer,branch-chicago,21.51,51.46,21.2,0.228,12.96,0.00057,32.1,healthy,0,0
2026-03-14T08:49:18.750845+00:00,device-45,server,branch-newyork,61.32,55.92,12.42,0.0767,23.85,0.00344,38.1,healthy,0,0
2026-03-25T05:27:18.750845+00:00,device-12,router,datacenter-east,38.57,27.99,1730.54,24.3001,42.32,0.11373,37.6,packet_loss,3,1
2026-03-20T10:11:18.750845+00:00,device-02,router,datacenter-east,16.78,32.61,19.31,0.1417,64.03,0.00041,35.2,healthy,0,0
2026-03-14T04:49:18.750845+00:00,device-31,router,branch-losangeles,31.53,55.3,37.77,0.0794,25.92,0.00427,39.8,healthy,0,0
2026-03-19T21:37:18.750845+00:00,device-37,load_balancer,branch-newyork,12.03,37.14,24.78,0.1871,8.83,0.00288,49.0,healthy,0,0
2026-03-18T10:25:18.750845+00:00,device-18,firewall,branch-newyork,56.37,27.1,26.31,0.0971,43.25,0.00048,42.4,healthy,0,0
2026-03-25T21:28:18.750845+00:00,device-25,switch,datacenter-west,25.44,38.46,420.94,16.1594,40.89,0.21787,54.0,packet_loss,3,1
2026-03-12T12:37:18.750845+00:00,device-45,switch,branch-losangeles,49.17,27.69,11.11,0.2297,54.5,0.00484,47.0,healthy,0,0
2026-03-14T20:47:18.750845+00:00,device-43,router,branch-chicago,49.57,45.23,26.69,0.2792,34.0,0.00342,30.8,healthy,0,0
2026-03-16T09:39:18.750845+00:00,device-16,load_balancer,branch-losangeles,26.84,35.77,39.29,0.1152,13.27,0.00172,49.1,healthy,0,0
2026-03-14T23:57:18.750845+00:00,device-23,load_balancer,datacenter-east,31.98,18.86,31.19,0.0248,41.63,0.0048,41.3,healthy,0,0
2026-03-18T12:11:18.750845+00:00,device-16,router,datacenter-central,41.63,14.43,37.74,0.1944,35.4,0.00384,41.8,healthy,0,0
2026-03-24T18:23:18.750845+00:00,device-16,switch,datacenter-west,38.23,43.7,1920.87,19.729,57.11,0.22346,37.1,packet_loss,3,1
2026-03-23T04:01:18.750845+00:00,device-24,load_balancer,branch-newyork,37.18,68.51,9.94,0.1588,12.5,0.00047,31.1,healthy,0,0
2026-03-12T09:27:18.750845+00:00,device-02,server,branch-newyork,30.04,62.2,1.05,0.0379,39.79,0.00059,38.2,healthy,0,0
2026-03-22T18:01:18.750845+00:00,device-20,server,datacenter-central,40.83,42.38,40.57,0.0785,58.38,0.00042,48.7,healthy,0,0
2026-03-18T09:13:18.750845+00:00,device-23,router,branch-losangeles,22.78,16.5,35.49,0.2813,18.85,0.00393,43.7,healthy,0,0
2026-03-14T11:07:18.750845+00:00,device-48,load_balancer,datacenter-east,33.97,59.76,18.21,0.0139,15.19,0.00293,41.7,healthy,0,0
2026-03-22T20:19:18.750845+00:00,device-39,load_balancer,branch-losangeles,56.14,68.57,31.17,0.0975,27.93,0.00486,42.3,healthy,0,0
2026-03-20T18:17:18.750845+00:00,device-14,server,datacenter-central,44.94,44.13,32.64,0.0502,41.22,0.00021,36.2,healthy,0,0
2026-03-17T17:23:18.750845+00:00,device-48,server,branch-newyork,56.44,41.93,10.17,0.2943,61.44,0.00247,40.8,healthy,0,0
2026-03-13T10:37:18.750845+00:00,device-12,firewall,branch-newyork,49.91,60.57,21.71,0.2549,51.17,0.00305,47.0,healthy,0,0
2026-03-19T11:55:18.750845+00:00,device-49,router,branch-losangeles,17.45,11.77,22.98,0.0539,10.3,0.00024,41.4,healthy,0,0
2026-03-13T21:09:18.750845+00:00,device-36,firewall,branch-losangeles,50.95,59.28,30.62,0.0269,56.12,0.00263,48.2,healthy,0,0
2026-03-25T06:15:18.750845+00:00,device-04,router,branch-newyork,98.04,60.6,117.84,2.6248,79.07,0.04411,75.9,high_cpu,1,1
2026-03-20T22:49:18.750845+00:00,device-28,server,datacenter-west,51.45,10.19,7.06,0.1448,50.08,0.00412,30.3,healthy,0,0
2026-03-16T13:33:18.750845+00:00,device-02,switch,branch-losangeles,16.14,44.82,21.89,0.0046,23.13,0.00437,44.4,healthy,0,0
2026-03-17T20:12:18.750845+00:00,device-08,firewall,branch-chicago,92.22,98.2,2937.1,46.4048,99.09,0.32827,68.1,ddos_attack,5,1
2026-03-20T04:55:18.750845+00:00,device-21,load_balancer,branch-losangeles,39.07,31.85,4.96,0.0991,22.41,0.00496,43.9,healthy,0,0
2026-03-20T10:47:18.750845+00:00,device-26,load_balancer,branch-losangeles,27.71,69.48,35.41,0.1679,28.91,0.00068,33.8,healthy,0,0
2026-03-19T07:55:18.750845+00:00,device-02,switch,branch-losangeles,8.9,32.42,30.92,0.0859,55.17,0.00412,39.9,healthy,0,0
2026-03-14T11:11:18.750845+00:00,device-41,server,datacenter-west,30.84,20.86,42.45,0.2546,14.06,0.00031,46.5,healthy,0,0
2026-03-19T00:23:18.750845+00:00,device-42,server,branch-chicago,56.34,55.99,34.11,0.2396,21.83,0.0016,41.2,healthy,0,0
2026-03-21T13:07:18.750845+00:00,device-47,server,branch-chicago,67.8,96.55,305.05,6.351,66.84,0.04012,65.5,memory_exhaustion,2,1
2026-03-18T06:08:18.750845+00:00,device-06,router,branch-chicago,85.54,81.26,271.27,1.7813,79.46,0.01144,75.5,high_cpu,1,1
2026-03-12T08:03:18.750845+00:00,device-11,router,datacenter-central,41.23,28.74,39.82,0.0884,25.25,0.00049,42.7,healthy,0,0
2026-03-19T14:17:18.750845+00:00,device-42,router,datacenter-east,32.23,29.54,42.4,0.0566,50.28,0.00022,42.6,healthy,0,0
2026-03-19T08:11:18.750845+00:00,device-35,firewall,branch-chicago,33.99,15.0,29.72,0.1159,45.8,3e-05,41.4,healthy,0,0
2026-03-12T05:13:18.750845+00:00,device-44,server,datacenter-east,28.92,62.56,42.99,0.2797,11.61,0.00056,34.6,healthy,0,0
2026-03-20T08:07:18.750845+00:00,device-30,firewall,datacenter-west,14.82,21.65,42.74,0.2924,41.05,0.00172,44.3,healthy,0,0
2026-03-19T16:09:18.750845+00:00,device-32,firewall,branch-newyork,12.41,42.63,15.64,0.0186,41.42,0.00318,39.1,healthy,0,0
2026-03-17T10:51:18.750845+00:00,device-33,server,branch-newyork,61.52,56.74,44.54,0.2899,43.84,0.00448,49.8,healthy,0,0
2026-03-12T18:41:18.750845+00:00,device-04,server,datacenter-central,51.83,29.91,41.7,0.2863,32.29,0.00031,30.7,healthy,0,0
2026-03-21T11:45:18.750845+00:00,device-33,switch,datacenter-east,59.67,13.11,3.75,0.0309,53.0,0.0037,40.6,healthy,0,0
2026-03-20T16:01:18.750845+00:00,device-07,load_balancer,branch-newyork,47.44,35.25,39.46,0.2082,63.93,0.00044,34.7,healthy,0,0
2026-03-14T18:56:18.750845+00:00,device-28,firewall,datacenter-central,96.49,85.91,3689.84,21.437,99.94,0.70101,66.0,ddos_attack,5,1
2026-03-18T12:37:18.750845+00:00,device-09,load_balancer,branch-losangeles,92.08,90.12,3978.01,28.974,99.11,0.39911,76.0,ddos_attack,5,1
2026-03-17T15:53:18.750845+00:00,device-46,firewall,datacenter-central,20.68,29.88,19.05,0.2118,17.21,0.00278,43.5,healthy,0,0
2026-03-12T20:30:18.750845+00:00,device-10,server,datacenter-central,48.53,89.53,206.11,2.113,50.83,0.07923,62.9,memory_exhaustion,2,1
2026-03-15T02:17:18.750845+00:00,device-48,switch,datacenter-west,18.11,39.05,44.31,0.0646,31.84,0.00144,33.4,healthy,0,0
2026-03-19T17:43:18.750845+00:00,device-08,firewall,branch-chicago,57.65,59.26,7.75,0.008,27.76,0.00276,31.6,healthy,0,0
2026-03-25T12:35:18.750845+00:00,device-06,switch,datacenter-central,47.91,97.64,119.12,4.0036,67.88,0.07784,67.7,memory_exhaustion,2,1
2026-03-20T02:43:18.750845+00:00,device-26,router,branch-chicago,81.61,83.69,604.98,18.4142,63.48,0.23283,69.4,bgp_flapping,4,1
2026-03-23T21:56:18.750845+00:00,device-30,router,datacenter-central,85.35,86.4,2362.73,30.6272,80.8,0.40416,60.6,bgp_flapping,4,1
2026-03-22T12:17:18.750845+00:00,device-01,router,branch-losangeles,85.33,69.14,193.49,1.0388,87.27,0.02967,62.4,high_cpu,1,1
2026-03-14T03:41:18.750845+00:00,device-19,load_balancer,datacenter-east,13.92,58.96,16.03,0.0389,62.65,0.00302,45.4,healthy,0,0
2026-03-15T05:49:18.750845+00:00,device-33,load_balancer,branch-losangeles,26.45,67.56,42.97,0.0601,52.57,0.0037,40.6,healthy,0,0
2026-03-22T08:37:18.750845+00:00,device-24,server,datacenter-east,54.48,56.11,14.45,0.1667,51.73,0.00189,36.9,healthy,0,0
2026-03-14T18:09:18.750845+00:00,device-30,switch,datacenter-east,35.3,28.42,11.17,0.1759,24.44,0.00139,47.8,healthy,0,0
2026-03-15T08:37:18.750845+00:00,device-06,switch,datacenter-central,5.63,62.3,40.48,0.1015,17.58,0.00037,49.6,healthy,0,0
2026-03-18T22:01:18.750845+00:00,device-07,firewall,branch-losangeles,62.58,11.57,13.09,0.1474,40.26,0.00115,39.9,healthy,0,0
2026-03-14T17:11:18.750845+00:00,device-41,router,branch-newyork,28.75,48.47,37.39,0.2678,38.65,0.00337,32.9,healthy,0,0
2026-03-24T05:13:18.750845+00:00,device-36,server,branch-newyork,63.74,91.46,293.27,2.5778,55.87,0.03142,74.7,memory_exhaustion,2,1
2026-03-16T09:59:18.750845+00:00,device-44,switch,datacenter-east,36.94,13.74,25.3,0.2179,47.34,0.00171,36.1,healthy,0,0
2026-03-15T14:51:18.750845+00:00,device-50,load_balancer,branch-chicago,39.41,35.67,23.94,0.2036,34.68,0.00042,37.2,healthy,0,0
2026-03-18T05:57:18.750845+00:00,device-47,load_balancer,datacenter-east,7.57,51.71,29.91,0.1591,41.68,0.00225,35.5,healthy,0,0
2026-03-19T09:25:18.750845+00:00,device-47,server,datacenter-east,29.19,53.79,19.74,0.2746,40.4,0.00109,47.9,healthy,0,0
2026-03-17T20:07:18.750845+00:00,device-18,router,datacenter-west,32.65,68.87,21.65,0.0544,12.42,0.00484,37.2,healthy,0,0
2026-03-16T00:11:18.750845+00:00,device-17,switch,branch-newyork,61.29,12.16,34.22,0.0817,46.7,0.00172,43.4,healthy,0,0
2026-03-19T09:11:18.750845+00:00,device-15,router,datacenter-west,21.68,11.47,2.45,0.0767,54.78,0.00185,44.2,healthy,0,0
2026-03-19T11:33:18.750845+00:00,device-01,router,datacenter-central,39.76,32.33,44.44,0.0253,56.24,0.00306,42.1,healthy,0,0
2026-03-19T20:21:18.750845+00:00,device-47,switch,branch-losangeles,49.43,35.33,15.55,0.0942,15.11,0.0028,34.9,healthy,0,0
2026-03-18T21:43:18.750845+00:00,device-18,load_balancer,branch-losangeles,5.94,10.85,7.98,0.2177,23.06,0.00202,34.4,healthy,0,0
2026-03-14T21:15:18.750845+00:00,device-29,firewall,branch-losangeles,56.72,53.29,29.1,0.2641,47.91,0.00448,50.0,healthy,0,0
2026-03-20T20:34:18.750845+00:00,device-19,router,branch-chicago,86.14,62.54,165.32,2.7119,82.56,0.04669,79.8,high_cpu,1,1
2026-03-21T04:07:18.750845+00:00,device-30,load_balancer,datacenter-east,92.09,92.82,4755.47,39.742,98.66,0.24699,76.5,ddos_attack,5,1
2026-03-18T06:09:18.750845+00:00,device-36,switch,datacenter-central,40.01,62.34,27.4,0.2616,11.28,0.0032,38.2,healthy,0,0
2026-03-17T05:49:18.750845+00:00,device-05,router,datacenter-west,14.67,15.92,23.87,0.1502,27.89,0.00232,44.1,healthy,0,0
2026-03-21T06:33:18.750845+00:00,device-06,firewall,branch-newyork,63.02,64.44,15.59,0.0061,42.94,0.00091,47.8,healthy,0,0
2026-03-17T18:29:18.750845+00:00,device-21,load_balancer,branch-newyork,13.4,48.36,25.39,0.0286,30.77,0.00164,46.7,healthy,0,0
2026-03-20T13:51:18.750845+00:00,device-17,router,branch-chicago,57.57,44.1,27.39,0.042,26.8,0.00371,34.9,healthy,0,0
2026-03-21T13:55:18.750845+00:00,device-17,switch,datacenter-east,26.86,35.5,901.81,13.6075,59.76,0.18106,37.4,packet_loss,3,1
2026-03-17T22:39:18.750845+00:00,device-50,router,datacenter-west,41.6,30.04,17.61,0.2696,56.06,0.00452,42.2,healthy,0,0
2026-03-17T05:01:18.750845+00:00,device-32,firewall,branch-newyork,34.57,25.69,25.11,0.1894,41.45,0.00199,38.1,healthy,0,0
2026-03-19T11:19:18.750845+00:00,device-29,router,datacenter-central,16.78,17.49,6.97,0.0979,48.38,0.00403,36.0,healthy,0,0
2026-03-15T20:41:18.750845+00:00,device-05,firewall,datacenter-east,48.0,22.17,31.57,0.2432,47.72,0.00356,30.9,healthy,0,0
2026-03-18T12:21:18.750845+00:00,device-36,server,datacenter-west,52.33,56.05,23.53,0.2964,13.78,0.00245,34.8,healthy,0,0
2026-03-12T08:53:18.750845+00:00,device-21,firewall,branch-chicago,32.86,38.32,1.84,0.1238,31.73,0.00419,32.1,healthy,0,0
2026-03-18T13:51:18.750845+00:00,device-30,server,branch-chicago,14.42,40.68,22.8,0.0141,6.24,0.00241,33.6,healthy,0,0
2026-03-17T22:37:18.750845+00:00,device-03,load_balancer,branch-losangeles,25.83,59.44,21.31,0.1219,51.87,0.00064,49.2,healthy,0,0
2026-03-21T22:57:18.750845+00:00,device-26,switch,datacenter-east,31.11,31.63,44.56,0.1474,31.9,0.00128,41.1,healthy,0,0
2026-03-13T23:03:18.750845+00:00,device-18,server,datacenter-central,66.52,96.29,217.34,1.9603,66.66,0.07233,61.2,memory_exhaustion,2,1
2026-03-17T15:33:18.750845+00:00,device-32,server,branch-chicago,53.08,62.06,30.15,0.1989,25.01,0.00226,31.5,healthy,0,0
2026-03-14T08:27:18.750845+00:00,device-29,router,branch-chicago,92.86,75.82,1700.79,27.0764,80.97,0.44428,69.6,bgp_flapping,4,1
2026-03-16T05:05:18.750845+00:00,device-30,server,branch-chicago,25.92,20.95,12.4,0.1959,23.65,0.00245,38.6,healthy,0,0
2026-03-16T07:37:18.750845+00:00,device-08,router,branch-chicago,18.93,32.74,14.18,0.0366,29.68,0.00367,35.9,healthy,0,0
2026-03-12T11:11:18.750845+00:00,device-24,router,branch-losangeles,20.95,49.0,44.99,0.0689,59.58,0.00152,33.0,healthy,0,0
2026-03-21T16:57:18.750845+00:00,device-14,router,datacenter-central,48.25,58.66,18.11,0.1486,50.27,0.00274,30.4,healthy,0,0
2026-03-17T09:29:18.750845+00:00,device-28,router,datacenter-west,64.13,29.53,38.08,0.1117,42.41,0.00163,32.6,healthy,0,0
2026-03-16T18:29:18.750845+00:00,device-49,load_balancer,branch-newyork,35.18,50.47,12.24,0.0615,50.13,0.00075,43.0,healthy,0,0
2026-03-17T08:11:18.750845+00:00,device-04,firewall,datacenter-east,41.75,30.19,3.01,0.1978,20.58,0.00145,34.5,healthy,0,0
2026-03-21T03:17:18.750845+00:00,device-15,firewall,datacenter-central,7.49,33.27,34.85,0.2448,42.41,0.00462,30.7,healthy,0,0
2026-03-18T23:35:18.750845+00:00,device-40,switch,branch-chicago,15.44,48.67,18.84,0.2179,32.16,0.0039,39.7,healthy,0,0
2026-03-24T08:51:18.750845+00:00,device-14,router,datacenter-central,22.3,42.11,618.27,15.633,41.32,0.16169,52.9,packet_loss,3,1
2026-03-22T06:31:18.750845+00:00,device-33,load_balancer,datacenter-east,27.22,51.56,11.07,0.2355,54.73,0.00242,43.3,healthy,0,0
2026-03-16T10:55:18.750845+00:00,device-30,firewall,datacenter-central,92.57,84.03,4840.87,20.0398,96.33,0.23488,81.4,ddos_attack,5,1
2026-03-21T08:59:18.750845+00:00,device-37,switch,datacenter-central,43.92,39.91,34.86,0.0729,16.0,0.00121,41.8,healthy,0,0
2026-03-19T22:09:18.750845+00:00,device-25,firewall,datacenter-west,9.23,34.56,31.86,0.2309,16.38,0.00018,38.5,healthy,0,0
2026-03-25T22:34:18.750845+00:00,device-11,server,datacenter-west,72.5,89.2,103.15,7.8682,74.91,0.03532,64.3,memory_exhaustion,2,1
2026-03-22T19:55:18.750845+00:00,device-39,router,datacenter-central,27.63,32.67,6.11,0.149,12.04,0.00267,41.9,healthy,0,0
2026-03-14T17:07:18.750845+00:00,device-05,firewall,branch-newyork,34.5,52.87,1.7,0.1684,40.55,0.00308,44.9,healthy,0,0
2026-03-24T19:25:18.750845+00:00,device-16,server,datacenter-central,93.73,71.87,191.59,2.4485,72.5,0.03041,68.5,high_cpu,1,1
2026-03-18T20:33:18.750845+00:00,device-46,server,datacenter-east,10.31,12.15,9.5,0.1545,28.47,0.00485,39.1,healthy,0,0
2026-03-22T16:57:18.750845+00:00,device-30,server,branch-chicago,8.0,61.54,34.25,0.0167,31.37,0.00074,46.0,healthy,0,0
2026-03-17T16:49:18.750845+00:00,device-14,firewall,branch-losangeles,14.92,58.53,27.59,0.1882,30.49,0.00114,45.5,healthy,0,0
2026-03-13T09:15:18.750845+00:00,device-09,firewall,datacenter-west,5.98,59.98,23.27,0.2571,45.7,0.00096,36.2,healthy,0,0
2026-03-12T23:09:18.750845+00:00,device-22,router,datacenter-central,58.88,60.9,17.27,0.2136,62.65,0.00048,33.3,healthy,0,0
2026-03-13T10:05:18.750845+00:00,device-12,router,datacenter-east,42.33,67.14,22.62,0.0392,43.26,0.00464,32.7,healthy,0,0
2026-03-16T21:57:18.750845+00:00,device-19,server,datacenter-east,8.38,56.05,7.91,0.0582,54.36,0.00187,49.6,healthy,0,0
2026-03-14T17:12:18.750845+00:00,device-10,router,datacenter-central,93.22,63.49,266.31,2.7749,79.75,0.03993,75.0,high_cpu,1,1
2026-03-21T13:51:18.750845+00:00,device-06,firewall,branch-newyork,47.76,41.37,37.48,0.2788,14.27,0.00475,39.9,healthy,0,0
2026-03-12T15:27:18.750845+00:00,device-19,switch,datacenter-central,12.36,31.78,10.26,0.0326,58.79,0.00254,35.9,healthy,0,0
2026-03-22T10:33:18.750845+00:00,device-35,router,datacenter-east,13.09,30.97,42.66,0.0934,8.57,0.00323,47.8,healthy,0,0
2026-03-12T12:25:18.750845+00:00,device-48,switch,branch-newyork,28.28,13.38,38.0,0.2297,39.06,0.00391,41.7,healthy,0,0
2026-03-25T14:17:18.750845+00:00,device-20,router,branch-losangeles,89.91,81.21,183.02,2.4899,80.49,0.02123,74.2,high_cpu,1,1
2026-03-12T02:57:18.750845+00:00,device-50,server,branch-losangeles,15.79,20.42,44.79,0.2181,19.54,0.00242,49.1,healthy,0,0
2026-03-16T22:24:18.750845+00:00,device-16,switch,datacenter-west,46.76,94.28,248.7,2.1264,78.79,0.0445,74.0,memory_exhaustion,2,1
2026-03-22T16:39:18.750845+00:00,device-42,router,branch-newyork,15.42,30.12,3.28,0.0559,39.47,0.00278,44.9,healthy,0,0
2026-03-15T23:46:18.750845+00:00,device-38,router,datacenter-central,38.0,51.63,1594.41,27.5883,59.8,0.22529,43.9,packet_loss,3,1
2026-03-19T09:59:18.750845+00:00,device-47,server,datacenter-west,7.65,39.05,7.18,0.0742,32.23,0.00474,39.5,healthy,0,0
2026-03-14T20:05:18.750845+00:00,device-36,switch,datacenter-west,21.54,33.45,42.26,0.2535,47.76,0.00284,36.5,healthy,0,0
2026-03-16T21:05:18.750845+00:00,device-05,firewall,datacenter-central,20.62,28.53,18.26,0.2998,14.44,0.00276,31.2,healthy,0,0
2026-03-22T15:33:18.750845+00:00,device-50,server,datacenter-central,53.08,61.11,34.2,0.16,43.5,0.00169,47.0,healthy,0,0
2026-03-16T17:37:18.750845+00:00,device-03,switch,branch-losangeles,45.01,27.33,1.36,0.1046,42.73,0.00325,30.6,healthy,0,0
2026-03-21T20:13:18.750845+00:00,device-04,router,datacenter-central,25.24,19.92,3.74,0.0011,61.47,0.00449,47.2,healthy,0,0
2026-03-21T17:29:18.750845+00:00,device-13,switch,datacenter-central,50.94,53.55,3.38,0.1883,38.06,0.00487,42.6,healthy,0,0
2026-03-12T04:11:18.750845+00:00,device-27,server,datacenter-west,18.31,63.12,30.54,0.1212,56.94,0.00195,45.2,healthy,0,0
2026-03-21T02:19:18.750845+00:00,device-32,load_balancer,branch-newyork,23.74,68.16,1.26,0.1508,21.85,0.00413,35.9,healthy,0,0
2026-03-17T22:17:18.750845+00:00,device-34,load_balancer,datacenter-west,56.82,67.7,17.64,0.2342,45.34,0.00013,47.9,healthy,0,0
2026-03-19T02:57:18.750845+00:00,device-48,firewall,datacenter-east,62.85,29.18,10.75,0.1275,61.76,0.00086,47.1,healthy,0,0
2026-03-19T13:17:18.750845+00:00,device-14,load_balancer,datacenter-central,59.0,25.18,24.83,0.1246,8.92,0.00488,32.0,healthy,0,0
2026-03-19T12:03:18.750845+00:00,device-20,server,datacenter-central,64.14,12.92,15.82,0.036,50.09,0.00029,34.5,healthy,0,0
2026-03-14T02:39:18.750845+00:00,device-23,server,branch-chicago,14.89,15.71,24.19,0.2531,14.89,6e-05,30.8,healthy,0,0
2026-03-20T18:41:18.750845+00:00,device-40,server,datacenter-central,27.5,10.99,23.81,0.2119,30.26,0.00466,32.7,healthy,0,0
2026-03-17T23:29:18.750845+00:00,device-36,router,datacenter-east,50.21,10.54,37.88,0.2266,18.14,0.00456,48.0,healthy,0,0
2026-03-17T13:43:18.750845+00:00,device-35,server,datacenter-central,60.44,57.52,30.88,0.2394,51.11,0.00168,34.8,healthy,0,0
2026-03-13T13:15:18.750845+00:00,device-23,router,datacenter-west,27.12,64.73,32.52,0.0555,23.04,0.00057,44.3,healthy,0,0
2026-03-17T08:29:18.750845+00:00,device-06,switch,datacenter-east,20.34,68.67,31.11,0.1282,24.3,0.00092,45.2,healthy,0,0
2026-03-19T23:29:18.750845+00:00,device-48,switch,datacenter-central,29.51,14.86,33.55,0.1746,13.94,0.00203,30.2,healthy,0,0
2026-03-15T17:01:18.750845+00:00,device-15,switch,datacenter-west,42.67,37.97,34.6,0.2339,14.88,0.00274,43.8,healthy,0,0
2026-03-23T08:39:18.750845+00:00,device-18,load_balancer,branch-losangeles,97.94,98.3,3343.04,34.7655,97.22,0.53538,71.1,ddos_attack,5,1
2026-03-19T22:13:18.750845+00:00,device-08,switch,branch-chicago,26.51,28.66,34.44,0.0756,40.64,0.00145,36.1,healthy,0,0
2026-03-19T14:41:18.750845+00:00,device-16,firewall,branch-newyork,57.07,49.94,29.88,0.2938,20.52,0.00199,34.2,healthy,0,0
2026-03-17T01:33:18.750845+00:00,device-37,firewall,branch-newyork,45.31,23.68,9.48,0.2107,35.15,0.005,31.1,healthy,0,0
2026-03-20T02:53:18.750845+00:00,device-43,firewall,branch-chicago,41.68,28.56,18.01,0.0625,8.13,0.00446,49.2,healthy,0,0
2026-03-17T17:57:18.750845+00:00,device-49,router,branch-newyork,54.37,35.44,43.87,0.1463,10.72,0.00445,35.0,healthy,0,0
2026-03-21T00:33:18.750845+00:00,device-11,server,datacenter-west,51.68,62.31,24.93,0.2859,38.73,0.00319,41.0,healthy,0,0
2026-03-19T23:17:18.750845+00:00,device-33,firewall,datacenter-west,52.23,43.81,16.18,0.2518,52.3,0.00238,35.8,healthy,0,0
2026-03-16T22:35:18.750845+00:00,device-16,load_balancer,branch-chicago,18.6,65.16,34.18,0.2861,39.44,0.00133,48.6,healthy,0,0
2026-03-21T23:33:18.750845+00:00,device-21,switch,datacenter-east,50.38,30.87,41.71,0.2534,30.62,0.0007,46.4,healthy,0,0
2026-03-12T23:03:18.750845+00:00,device-23,firewall,branch-losangeles,48.04,33.35,32.43,0.2048,18.25,0.00017,47.0,healthy,0,0
2026-03-22T08:59:18.750845+00:00,device-39,load_balancer,datacenter-west,35.96,55.44,16.87,0.2685,42.76,0.00349,32.8,healthy,0,0
2026-03-19T05:07:18.750845+00:00,device-40,router,datacenter-central,36.34,42.96,39.33,0.1469,33.98,0.00217,46.2,healthy,0,0
2026-03-17T12:47:18.750845+00:00,device-30,switch,datacenter-central,56.76,22.19,30.25,0.0595,30.92,0.00235,49.2,healthy,0,0
2026-03-15T13:56:18.750845+00:00,device-31,server,branch-newyork,98.68,76.94,161.73,2.9953,87.93,0.01887,70.4,high_cpu,1,1
2026-03-21T21:13:18.750845+00:00,device-20,firewall,datacenter-west,90.15,94.88,3788.95,23.3007,98.19,0.66825,67.0,ddos_attack,5,1
2026-03-17T03:41:18.750845+00:00,device-12,server,branch-chicago,38.46,52.03,28.99,0.2362,50.43,0.00324,47.8,healthy,0,0
2026-03-16T09:13:18.750845+00:00,device-10,router,datacenter-east,47.67,32.38,16.93,0.0231,8.95,0.00197,48.7,healthy,0,0
2026-03-15T23:17:18.750845+00:00,device-07,router,datacenter-west,60.42,47.12,39.34,0.1015,27.94,0.00197,39.5,healthy,0,0
2026-03-14T19:23:18.750845+00:00,device-45,server,branch-newyork,21.79,59.03,18.03,0.0492,21.86,0.00332,30.6,healthy,0,0
2026-03-21T18:15:18.750845+00:00,device-06,server,branch-newyork,29.11,60.16,7.11,0.2375,43.17,0.00162,33.4,healthy,0,0
2026-03-12T13:50:18.750845+00:00,device-06,router,datacenter-east,81.45,65.73,1898.1,28.4538,66.51,0.16354,56.5,bgp_flapping,4,1
2026-03-15T15:23:18.750845+00:00,device-47,router,branch-newyork,18.19,41.18,6.4,0.1729,36.44,0.00349,49.1,healthy,0,0
2026-03-12T15:07:18.750845+00:00,device-04,switch,datacenter-west,49.24,20.97,1908.96,32.2171,34.57,0.23565,39.1,packet_loss,3,1
2026-03-17T21:03:18.750845+00:00,device-20,load_balancer,datacenter-central,48.89,48.78,26.52,0.2803,51.33,0.00054,32.8,healthy,0,0
2026-03-12T16:15:18.750845+00:00,device-43,switch,datacenter-east,29.2,18.91,8.44,0.2481,53.09,0.00017,32.7,healthy,0,0
2026-03-20T09:45:18.750845+00:00,device-08,switch,branch-losangeles,18.96,61.32,43.71,0.2487,38.34,0.00234,43.4,healthy,0,0
2026-03-20T07:01:18.750845+00:00,device-27,load_balancer,datacenter-central,32.65,23.55,36.7,0.1444,23.32,0.00309,44.7,healthy,0,0
2026-03-17T08:23:18.750845+00:00,device-40,router,branch-chicago,12.55,24.91,40.43,0.0732,45.73,0.0004,45.7,healthy,0,0
2026-03-17T19:03:18.750845+00:00,device-07,firewall,branch-losangeles,11.92,16.78,11.55,0.1932,21.0,0.00297,33.4,healthy,0,0
2026-03-18T17:17:18.750845+00:00,device-32,firewall,datacenter-central,64.31,62.84,28.1,0.2933,38.86,0.00445,46.0,healthy,0,0
2026-03-13T07:55:18.750845+00:00,device-23,load_balancer,branch-chicago,32.34,36.57,37.87,0.0786,29.22,0.00278,32.0,healthy,0,0
2026-03-12T16:39:18.750845+00:00,device-28,firewall,datacenter-west,32.55,27.02,40.46,0.0144,18.4,0.0036,31.9,healthy,0,0
2026-03-23T15:20:18.750845+00:00,device-42,router,branch-chicago,92.89,89.32,2785.74,30.8368,91.72,0.48742,72.2,bgp_flapping,4,1
2026-03-18T11:53:18.750845+00:00,device-24,switch,branch-chicago,69.71,90.08,498.15,1.4033,74.04,0.06885,60.3,memory_exhaustion,2,1
2026-03-15T13:39:18.750845+00:00,device-15,router,datacenter-east,60.38,47.15,17.43,0.0594,20.67,0.00082,41.3,healthy,0,0
2026-03-22T08:55:18.750845+00:00,device-37,router,datacenter-central,41.18,48.47,30.5,0.0595,44.96,0.00052,36.4,healthy,0,0
2026-03-14T20:07:18.750845+00:00,device-22,router,branch-losangeles,46.82,15.03,14.11,0.1504,41.6,0.00494,48.0,healthy,0,0
2026-03-25T18:05:18.750845+00:00,device-44,firewall,datacenter-east,98.26,98.01,4589.4,29.9121,95.38,0.31136,84.5,ddos_attack,5,1
2026-03-21T20:43:18.750845+00:00,device-19,firewall,branch-newyork,24.03,38.86,29.43,0.1328,5.39,0.00487,44.3,healthy,0,0
2026-03-18T15:59:18.750845+00:00,device-04,switch,branch-chicago,41.47,41.55,1715.33,13.6467,40.79,0.17093,48.7,packet_loss,3,1
2026-03-15T09:13:18.750845+00:00,device-21,load_balancer,datacenter-east,39.54,16.72,31.71,0.0714,43.75,0.00496,41.9,healthy,0,0
2026-03-19T07:27:18.750845+00:00,device-21,router,branch-chicago,52.87,52.21,29.74,0.1235,16.31,0.00089,47.0,healthy,0,0
2026-03-21T21:37:18.750845+00:00,device-27,load_balancer,datacenter-east,34.58,11.57,17.03,0.0941,24.85,0.00393,44.0,healthy,0,0
2026-03-12T01:57:18.750845+00:00,device-35,firewall,datacenter-west,62.48,64.14,16.59,0.0692,47.7,0.00036,44.5,healthy,0,0
2026-03-19T00:57:18.750845+00:00,device-25,load_balancer,datacenter-central,41.01,56.69,42.81,0.14,13.32,0.0042,39.6,healthy,0,0
2026-03-14T22:15:18.750845+00:00,device-15,server,branch-losangeles,17.4,13.64,40.16,0.2326,13.17,0.00071,32.1,healthy,0,0
2026-03-22T15:09:18.750845+00:00,device-34,load_balancer,branch-losangeles,25.66,44.61,42.63,0.222,27.34,0.00345,44.0,healthy,0,0
2026-03-19T04:35:18.750845+00:00,device-31,router,datacenter-east,27.95,10.15,20.93,0.0374,57.39,0.00353,32.4,healthy,0,0
2026-03-18T13:13:18.750845+00:00,device-47,load_balancer,datacenter-east,39.1,42.32,42.3,0.0882,41.23,0.00381,49.0,healthy,0,0
2026-03-13T08:47:18.750845+00:00,device-09,server,branch-newyork,51.76,30.77,24.16,0.2777,49.73,0.00381,42.3,healthy,0,0
2026-03-17T12:19:18.750845+00:00,device-34,switch,datacenter-east,5.77,41.8,30.24,0.2609,35.16,0.00443,43.8,healthy,0,0
2026-03-13T01:13:18.750845+00:00,device-10,switch,branch-newyork,29.8,36.35,6.49,0.2257,36.05,0.00384,43.9,healthy,0,0
2026-03-18T07:07:18.750845+00:00,device-08,load_balancer,branch-newyork,9.72,12.32,17.2,0.1543,39.98,0.00254,30.4,healthy,0,0
2026-03-17T20:25:18.750845+00:00,device-47,server,branch-newyork,13.47,37.29,38.92,0.2816,32.22,0.00056,45.8,healthy,0,0
2026-03-19T20:37:18.750845+00:00,device-20,load_balancer,branch-losangeles,56.15,53.4,32.01,0.0062,8.3,0.00084,37.3,healthy,0,0
2026-03-17T15:11:18.750845+00:00,device-31,router,datacenter-west,53.0,14.68,15.15,0.2974,7.01,0.00422,49.3,healthy,0,0
2026-03-22T01:21:18.750845+00:00,device-49,load_balancer,branch-newyork,43.94,24.46,5.05,0.0639,19.18,0.00206,32.2,healthy,0,0
2026-03-19T22:03:18.750845+00:00,device-45,firewall,datacenter-central,30.8,58.94,15.31,0.1176,50.55,0.00267,40.9,healthy,0,0
2026-03-15T05:27:18.750845+00:00,device-42,firewall,branch-losangeles,53.97,11.68,5.0,0.1138,13.75,0.00327,32.2,healthy,0,0
2026-03-21T03:23:18.750845+00:00,device-47,firewall,datacenter-west,58.32,59.52,27.81,0.1584,17.26,0.00429,33.4,healthy,0,0
2026-03-21T23:35:18.750845+00:00,device-28,router,datacenter-central,54.2,42.96,43.29,0.0889,37.09,0.00317,35.6,healthy,0,0
2026-03-18T00:45:18.750845+00:00,device-07,load_balancer,branch-newyork,44.67,42.23,29.27,0.0399,22.54,0.00189,49.7,healthy,0,0
2026-03-20T05:29:18.750845+00:00,device-14,router,branch-newyork,52.66,50.79,23.27,0.0005,37.49,0.00168,34.6,healthy,0,0
2026-03-22T04:43:18.750845+00:00,device-35,load_balancer,datacenter-east,61.91,64.25,5.21,0.2633,30.67,0.00457,44.2,healthy,0,0
2026-03-22T15:27:18.750845+00:00,device-18,switch,datacenter-central,33.92,40.23,20.78,0.1521,21.84,0.00211,33.9,healthy,0,0
2026-03-13T00:49:18.750845+00:00,device-49,firewall,datacenter-west,57.56,14.54,33.63,0.0601,44.25,0.00291,41.5,healthy,0,0
2026-03-19T03:11:18.750845+00:00,device-47,load_balancer,datacenter-west,93.39,84.65,2620.37,51.8122,96.08,0.45113,74.9,ddos_attack,5,1
2026-03-14T08:05:18.750845+00:00,device-45,load_balancer,datacenter-east,41.5,65.86,36.11,0.1368,38.8,0.00047,36.4,healthy,0,0
2026-03-16T08:47:18.750845+00:00,device-26,switch,datacenter-east,35.19,46.45,9.29,0.0256,11.29,0.00179,47.0,healthy,0,0
2026-03-25T02:48:18.750845+00:00,device-01,router,datacenter-central,27.83,55.71,1246.66,19.7172,46.73,0.23529,49.9,packet_loss,3,1
2026-03-14T12:43:18.750845+00:00,device-34,router,datacenter-east,71.2,75.49,1601.7,34.6441,63.9,0.346,55.1,bgp_flapping,4,1
2026-03-20T22:23:18.750845+00:00,device-04,router,branch-newyork,64.76,29.84,38.7,0.0713,15.12,0.00494,31.7,healthy,0,0
2026-03-17T01:47:18.750845+00:00,device-21,router,branch-losangeles,48.45,45.45,14.22,0.2881,58.38,0.0016,41.0,healthy,0,0
2026-03-21T08:07:18.750845+00:00,device-24,load_balancer,branch-losangeles,50.34,16.61,34.53,0.0756,13.28,0.00421,46.0,healthy,0,0
2026-03-20T22:04:18.750845+00:00,device-37,server,datacenter-central,43.2,91.23,384.03,2.2237,58.32,0.07397,72.8,memory_exhaustion,2,1
2026-03-20T21:15:18.750845+00:00,device-48,switch,branch-newyork,11.21,16.0,33.64,0.2461,23.03,0.00241,49.7,healthy,0,0
2026-03-15T04:45:18.750845+00:00,device-08,switch,datacenter-central,30.48,48.39,13.89,0.2922,62.52,0.00321,49.4,healthy,0,0
2026-03-22T22:31:18.750845+00:00,device-02,firewall,branch-losangeles,10.07,67.15,2.34,0.2687,51.42,0.00465,48.6,healthy,0,0
2026-03-14T19:44:18.750845+00:00,device-49,router,datacenter-west,86.2,61.0,520.97,22.9581,64.07,0.46812,57.5,bgp_flapping,4,1
2026-03-12T12:13:18.750845+00:00,device-49,firewall,branch-chicago,61.97,44.98,21.63,0.048,32.7,0.00232,35.9,healthy,0,0
2026-03-23T03:51:18.750845+00:00,device-01,server,branch-newyork,37.59,48.61,3.58,0.057,15.48,0.00243,34.9,healthy,0,0
2026-03-14T19:45:18.750845+00:00,device-21,firewall,datacenter-west,93.48,91.67,1842.13,29.8625,97.46,0.63682,80.9,ddos_attack,5,1
2026-03-21T13:01:18.750845+00:00,device-34,server,datacenter-central,9.91,23.26,5.75,0.1262,28.13,0.00496,30.9,healthy,0,0
2026-03-19T12:23:18.750845+00:00,device-15,router,datacenter-west,29.31,52.78,11.26,0.142,38.02,0.00282,43.6,healthy,0,0
2026-03-17T23:53:18.750845+00:00,device-41,switch,datacenter-west,20.15,13.13,10.2,0.275,52.94,0.00278,32.8,healthy,0,0
2026-03-14T18:01:18.750845+00:00,device-42,switch,branch-losangeles,44.99,47.54,37.97,0.1606,28.72,0.00456,38.6,healthy,0,0
2026-03-21T02:15:18.750845+00:00,device-11,firewall,branch-chicago,6.2,54.02,38.05,0.0769,44.43,0.00183,36.0,healthy,0,0
2026-03-14T05:19:18.750845+00:00,device-09,switch,branch-losangeles,56.26,39.94,18.72,0.2466,56.94,0.00164,45.9,healthy,0,0
2026-03-19T09:29:18.750845+00:00,device-49,load_balancer,datacenter-west,49.51,39.18,10.85,0.2782,48.99,0.00159,40.1,healthy,0,0
2026-03-15T21:25:18.750845+00:00,device-29,server,branch-chicago,29.43,56.86,20.21,0.1193,8.19,0.00484,35.1,healthy,0,0
2026-03-22T08:11:18.750845+00:00,device-36,switch,branch-chicago,43.43,19.68,26.04,0.0447,5.1,0.00139,43.4,healthy,0,0
2026-03-12T08:57:18.750845+00:00,device-35,router,datacenter-west,48.56,41.24,28.25,0.273,16.25,0.00491,31.5,healthy,0,0
2026-03-20T13:09:18.750845+00:00,device-21,router,datacenter-central,11.43,40.3,2.29,0.1339,6.1,0.00494,30.9,healthy,0,0
2026-03-16T07:33:18.750845+00:00,device-05,server,datacenter-west,46.42,57.23,17.66,0.0351,11.16,0.00154,41.3,healthy,0,0
2026-03-12T18:41:18.750845+00:00,device-42,router,datacenter-west,73.92,74.66,1474.65,31.6109,79.54,0.43278,65.4,bgp_flapping,4,1
2026-03-19T22:05:18.750845+00:00,device-29,firewall,branch-losangeles,12.91,66.54,6.68,0.2967,16.81,0.0013,32.9,healthy,0,0
2026-03-20T10:29:18.750845+00:00,device-06,router,branch-newyork,39.15,15.92,11.2,0.0338,53.65,0.00128,45.0,healthy,0,0
2026-03-20T03:59:18.750845+00:00,device-27,router,branch-newyork,86.43,72.27,142.98,2.0757,75.08,0.0108,67.1,high_cpu,1,1
2026-03-21T12:19:18.750845+00:00,device-35,switch,branch-losangeles,31.57,63.03,7.87,0.2824,10.38,0.0001,41.3,healthy,0,0
2026-03-19T10:11:18.750845+00:00,device-17,firewall,datacenter-central,43.64,32.28,27.74,0.194,60.55,0.00216,47.5,healthy,0,0
2026-03-22T14:15:18.750845+00:00,device-26,load_balancer,branch-chicago,30.54,40.46,29.21,0.2067,50.2,0.00169,34.7,healthy,0,0
2026-03-19T02:35:18.750845+00:00,device-11,load_balancer,datacenter-west,98.21,87.01,3964.67,58.215,97.1,0.69834,72.3,ddos_attack,5,1
2026-03-22T23:53:18.750845+00:00,device-07,router,datacenter-west,73.92,78.04,806.68,34.6879,64.93,0.24201,66.0,bgp_flapping,4,1
2026-03-12T20:15:18.750845+00:00,device-45,switch,datacenter-west,53.73,43.57,17.68,0.2128,13.54,0.00052,34.5,healthy,0,0
2026-03-17T03:57:18.750845+00:00,device-12,server,branch-chicago,62.61,58.23,36.75,0.0373,43.31,0.0007,47.6,healthy,0,0
2026-03-22T15:05:18.750845+00:00,device-05,server,datacenter-west,63.27,57.34,28.07,0.0227,47.67,0.00019,34.8,healthy,0,0
2026-03-21T21:59:18.750845+00:00,device-37,firewall,branch-newyork,48.04,39.24,23.86,0.2084,11.89,0.00376,37.9,healthy,0,0
2026-03-13T03:11:18.750845+00:00,device-46,switch,branch-chicago,37.72,63.0,39.38,0.2179,23.29,0.00128,46.7,healthy,0,0
2026-03-16T22:05:18.750845+00:00,device-50,switch,datacenter-west,5.32,54.25,23.9,0.1245,36.52,0.00117,45.5,healthy,0,0
2026-03-16T07:31:18.750845+00:00,device-13,router,datacenter-west,92.35,69.29,224.05,2.6298,73.76,0.02902,64.8,high_cpu,1,1
2026-03-14T07:59:18.750845+00:00,device-17,switch,branch-losangeles,12.82,10.37,28.99,0.0114,11.58,0.00179,33.5,healthy,0,0
2026-03-20T01:35:18.750845+00:00,device-22,load_balancer,datacenter-central,45.11,63.84,18.47,0.036,49.85,0.00484,49.5,healthy,0,0
2026-03-20T07:03:18.750845+00:00,device-42,switch,datacenter-west,30.75,45.19,24.41,0.1395,25.06,0.00322,36.6,healthy,0,0
2026-03-22T10:47:18.750845+00:00,device-09,firewall,branch-newyork,44.99,13.23,8.2,0.1114,15.23,0.00444,38.2,healthy,0,0
2026-03-22T11:13:18.750845+00:00,device-24,firewall,datacenter-central,32.19,35.72,44.45,0.1173,19.33,0.00289,49.9,healthy,0,0
2026-03-12T07:05:18.750845+00:00,device-29,firewall,datacenter-central,38.48,30.92,13.83,0.0812,13.4,0.0012,48.1,healthy,0,0
2026-03-12T03:17:18.750845+00:00,device-27,switch,branch-losangeles,32.07,67.2,14.67,0.0668,37.35,0.00276,36.6,healthy,0,0
2026-03-13T04:55:18.750845+00:00,device-40,router,datacenter-central,28.43,25.42,18.96,0.1842,44.14,0.00404,48.4,healthy,0,0
2026-03-19T11:17:18.750845+00:00,device-20,router,branch-newyork,6.37,33.24,6.95,0.2604,43.19,0.00373,48.4,healthy,0,0
2026-03-15T00:13:18.750845+00:00,device-06,server,branch-chicago,49.44,50.26,17.52,0.1231,35.74,0.00252,39.6,healthy,0,0
2026-03-23T02:41:18.750845+00:00,device-04,server,datacenter-central,25.19,38.87,25.61,0.2425,59.99,0.00466,46.1,healthy,0,0
2026-03-14T04:51:18.750845+00:00,device-33,firewall,datacenter-central,41.19,35.43,3.91,0.0262,17.98,0.00269,31.2,healthy,0,0
2026-03-12T18:47:18.750845+00:00,device-36,router,datacenter-west,52.05,44.07,1587.88,38.7731,62.12,0.23979,53.2,packet_loss,3,1
2026-03-19T20:09:18.750845+00:00,device-08,router,datacenter-east,44.92,53.86,32.01,0.2319,16.69,0.00425,45.5,healthy,0,0
2026-03-22T03:51:18.750845+00:00,device-38,switch,branch-chicago,15.74,19.73,35.88,0.1383,20.01,0.00161,43.0,healthy,0,0
2026-03-15T11:53:18.750845+00:00,device-14,router,branch-chicago,12.66,22.36,4.86,0.0499,10.74,0.00259,34.8,healthy,0,0
2026-03-20T11:53:18.750845+00:00,device-29,server,branch-newyork,18.69,63.82,38.51,0.1733,63.49,0.00268,37.4,healthy,0,0
2026-03-17T19:15:18.750845+00:00,device-32,router,datacenter-east,44.65,16.63,30.51,0.2159,61.95,0.00365,38.2,healthy,0,0
2026-03-21T21:53:18.750845+00:00,device-04,router,datacenter-west,63.93,40.37,33.31,0.0253,34.89,0.00381,35.5,healthy,0,0
2026-03-13T01:41:18.750845+00:00,device-19,server,datacenter-central,26.23,15.0,28.98,0.0865,15.98,0.00227,34.4,healthy,0,0
2026-03-21T07:51:18.750845+00:00,device-35,switch,datacenter-central,54.85,64.84,38.19,0.1025,36.35,0.00464,33.4,healthy,0,0
2026-03-17T16:51:18.750845+00:00,device-39,switch,branch-losangeles,23.66,64.96,15.92,0.2732,60.51,0.00436,35.4,healthy,0,0
2026-03-13T21:45:18.750845+00:00,device-19,firewall,datacenter-central,39.48,68.3,4.06,0.2535,18.57,0.00121,36.5,healthy,0,0
2026-03-17T08:19:18.750845+00:00,device-15,router,datacenter-central,47.55,33.7,42.05,0.2717,23.37,0.00029,42.7,healthy,0,0
2026-03-16T19:25:18.750845+00:00,device-06,load_balancer,datacenter-central,32.04,31.42,7.18,0.0239,13.77,0.00483,41.6,healthy,0,0
2026-03-24T01:39:18.750845+00:00,device-18,firewall,branch-chicago,95.84,80.94,1352.23,33.0947,96.16,0.29383,75.3,ddos_attack,5,1
2026-03-18T15:09:18.750845+00:00,device-06,switch,datacenter-central,38.72,17.06,4.7,0.1055,59.9,0.0024,33.4,healthy,0,0
2026-03-22T03:00:18.750845+00:00,device-10,router,branch-losangeles,70.33,72.61,2071.28,22.5245,67.46,0.4824,70.8,bgp_flapping,4,1
2026-03-19T19:55:18.750845+00:00,device-17,router,branch-losangeles,60.18,13.75,39.62,0.2197,15.67,0.00154,37.7,healthy,0,0
2026-03-15T03:33:18.750845+00:00,device-02,load_balancer,datacenter-central,62.73,62.62,20.53,0.2347,27.33,0.00019,47.3,healthy,0,0
2026-03-20T21:45:18.750845+00:00,device-48,server,datacenter-west,44.26,31.04,22.86,0.221,44.53,0.00244,45.9,healthy,0,0
2026-03-15T07:31:18.750845+00:00,device-33,server,branch-newyork,33.5,31.09,31.62,0.2095,55.84,0.00366,34.8,healthy,0,0
2026-03-22T04:55:18.750845+00:00,device-31,firewall,datacenter-west,52.05,17.19,35.57,0.2271,31.81,0.0008,40.1,healthy,0,0
2026-03-20T11:19:18.750845+00:00,device-21,server,datacenter-east,35.48,33.0,14.62,0.1795,26.63,0.00183,43.9,healthy,0,0
2026-03-16T02:11:18.750845+00:00,device-37,switch,datacenter-west,21.74,34.14,27.26,0.2823,14.02,0.00438,46.3,healthy,0,0
2026-03-22T18:17:18.750845+00:00,device-01,switch,datacenter-central,32.89,32.21,9.65,0.2417,39.5,0.00169,48.8,healthy,0,0
2026-03-21T23:35:18.750845+00:00,device-19,router,datacenter-west,79.4,63.68,2072.29,23.961,67.25,0.12026,60.7,bgp_flapping,4,1
2026-03-12T19:56:18.750845+00:00,device-43,load_balancer,branch-losangeles,93.34,85.85,3712.16,34.3257,99.61,0.59258,70.1,ddos_attack,5,1
2026-03-20T19:47:18.750845+00:00,device-06,load_balancer,datacenter-west,21.07,22.03,4.57,0.226,61.63,0.00153,40.5,healthy,0,0
2026-03-21T08:33:18.750845+00:00,device-05,firewall,datacenter-central,25.58,22.48,4.79,0.0077,42.79,0.00288,49.3,healthy,0,0
2026-03-14T18:55:18.750845+00:00,device-44,router,branch-losangeles,42.43,17.16,33.86,0.1416,47.77,0.00415,36.2,healthy,0,0
2026-03-18T04:37:18.750845+00:00,device-12,router,datacenter-central,6.39,35.89,26.84,0.2233,48.52,0.00158,38.8,healthy,0,0
2026-03-18T05:45:18.750845+00:00,device-31,server,datacenter-east,56.52,36.4,42.34,0.0898,21.33,0.00497,33.0,healthy,0,0
2026-03-14T02:05:18.750845+00:00,device-35,server,branch-newyork,42.34,23.3,22.71,0.2442,15.46,0.0004,50.0,healthy,0,0
2026-03-12T07:06:18.750845+00:00,device-45,firewall,branch-chicago,92.13,82.06,3527.38,21.5764,95.71,0.34035,79.0,ddos_attack,5,1
2026-03-18T15:19:18.750845+00:00,device-42,firewall,branch-chicago,56.1,35.06,15.56,0.1649,17.01,0.00186,35.1,healthy,0,0
2026-03-20T11:35:18.750845+00:00,device-31,server,branch-chicago,26.72,21.73,15.86,0.0297,44.31,0.00401,45.7,healthy,0,0
2026-03-17T17:39:18.750845+00:00,device-12,firewall,branch-chicago,49.96,37.18,1.41,0.2205,60.44,0.0005,36.7,healthy,0,0
2026-03-15T07:39:18.750845+00:00,device-02,router,branch-newyork,16.25,31.86,34.58,0.2025,57.47,0.00126,49.4,healthy,0,0
2026-03-17T08:45:18.750845+00:00,device-38,router,datacenter-central,38.02,36.4,29.78,0.0429,48.74,0.00474,31.9,healthy,0,0
2026-03-22T21:45:18.750845+00:00,device-28,server,branch-losangeles,54.28,21.87,38.75,0.1703,20.04,0.00369,49.2,healthy,0,0
2026-03-16T13:29:18.750845+00:00,device-33,firewall,branch-chicago,51.16,46.11,31.4,0.1597,16.54,0.003,40.2,healthy,0,0
2026-03-22T03:03:18.750845+00:00,device-13,firewall,datacenter-central,5.44,33.38,10.48,0.1521,57.19,0.00391,47.6,healthy,0,0
2026-03-23T04:19:18.750845+00:00,device-45,router,branch-newyork,42.38,47.98,29.24,0.1816,46.34,0.00129,48.9,healthy,0,0
2026-03-16T13:07:18.750845+00:00,device-14,server,branch-losangeles,51.63,97.87,206.46,2.5985,75.48,0.0541,64.4,memory_exhaustion,2,1
2026-03-16T08:19:18.750845+00:00,device-47,firewall,branch-newyork,27.34,32.43,12.95,0.047,7.54,0.00164,32.0,healthy,0,0
2026-03-20T10:32:18.750845+00:00,device-26,firewall,branch-chicago,97.35,93.49,2174.7,54.1411,98.79,0.54888,72.5,ddos_attack,5,1
2026-03-14T11:23:18.750845+00:00,device-11,firewall,datacenter-east,16.94,39.1,15.07,0.0824,40.57,0.00386,34.8,healthy,0,0
2026-03-14T05:03:18.750845+00:00,device-04,firewall,datacenter-central,14.99,24.24,39.81,0.268,10.57,0.00031,40.7,healthy,0,0
2026-03-13T16:43:18.750845+00:00,device-25,server,branch-losangeles,9.07,33.62,36.08,0.032,6.22,0.00438,39.0,healthy,0,0
2026-03-23T01:51:18.750845+00:00,device-05,load_balancer,datacenter-east,47.8,36.8,20.62,0.1324,53.68,0.00406,42.6,healthy,0,0
2026-03-14T12:57:18.750845+00:00,device-15,switch,datacenter-central,49.64,48.5,12.35,0.1061,23.23,0.00383,47.6,healthy,0,0
2026-03-21T07:35:18.750845+00:00,device-10,router,datacenter-east,53.86,27.8,12.05,0.0666,50.92,0.00429,33.5,healthy,0,0
2026-03-17T10:27:18.750845+00:00,device-01,router,datacenter-west,36.95,30.04,18.0,0.1048,36.97,0.00324,49.0,healthy,0,0
2026-03-19T07:53:18.750845+00:00,device-12,load_balancer,branch-chicago,34.0,19.44,43.88,0.0923,8.93,0.0031,47.1,healthy,0,0
2026-03-16T16:03:18.750845+00:00,device-15,router,branch-newyork,64.32,64.54,38.28,0.2165,41.25,0.00054,48.0,healthy,0,0
2026-03-20T02:11:18.750845+00:00,device-44,server,branch-newyork,28.07,26.83,22.07,0.0433,42.72,0.00361,47.6,healthy,0,0
2026-03-24T08:47:18.750845+00:00,device-28,firewall,datacenter-central,92.89,81.74,4336.53,28.4719,96.53,0.50119,74.7,ddos_attack,5,1
2026-03-14T05:39:18.750845+00:00,device-35,load_balancer,branch-newyork,34.76,11.0,25.44,0.2592,58.97,0.00177,42.5,healthy,0,0
2026-03-21T16:23:18.750845+00:00,device-39,switch,datacenter-east,34.38,22.5,44.47,0.064,43.07,0.00487,38.3,healthy,0,0
2026-03-24T17:01:18.750845+00:00,device-48,router,branch-losangeles,23.62,36.62,1405.56,15.4788,53.42,0.14072,41.5,packet_loss,3,1
2026-03-21T12:21:18.750845+00:00,device-13,router,datacenter-west,58.89,54.13,5.34,0.0977,25.64,0.00416,38.7,healthy,0,0
2026-03-21T09:45:18.750845+00:00,device-50,switch,datacenter-west,37.89,41.99,23.62,0.2577,48.82,0.00094,46.2,healthy,0,0
2026-03-13T06:27:18.750845+00:00,device-01,firewall,branch-newyork,42.23,18.81,41.7,0.0208,26.09,0.00321,34.8,healthy,0,0
2026-03-17T23:07:18.750845+00:00,device-06,firewall,datacenter-west,40.1,40.15,26.0,0.2796,64.5,0.00392,39.6,healthy,0,0
2026-03-12T13:43:18.750845+00:00,device-42,load_balancer,branch-newyork,23.75,65.63,19.47,0.0282,37.69,0.00154,46.9,healthy,0,0
2026-03-22T16:34:18.750845+00:00,device-43,server,datacenter-west,65.59,90.39,300.39,2.8855,65.39,0.02873,69.7,memory_exhaustion,2,1
2026-03-17T00:41:18.750845+00:00,device-31,load_balancer,datacenter-central,11.9,45.27,41.56,0.2752,42.23,0.00375,41.3,healthy,0,0
2026-03-18T01:49:18.750845+00:00,device-07,switch,branch-chicago,6.1,10.51,32.7,0.1961,37.21,0.00246,34.9,healthy,0,0
2026-03-16T16:35:18.750845+00:00,device-40,load_balancer,datacenter-central,21.5,17.6,30.15,0.2649,37.37,0.00301,34.7,healthy,0,0
2026-03-18T18:41:18.750845+00:00,device-47,router,datacenter-west,54.34,67.44,38.22,0.1575,40.51,0.00474,30.3,healthy,0,0
2026-03-19T17:59:18.750845+00:00,device-22,load_balancer,datacenter-west,56.27,27.99,15.21,0.292,38.26,0.005,36.3,healthy,0,0
2026-03-21T21:29:18.750845+00:00,device-46,router,datacenter-west,35.49,40.79,437.51,37.7724,65.76,0.29127,46.8,packet_loss,3,1
2026-03-17T08:37:18.750845+00:00,device-06,load_balancer,branch-newyork,23.78,63.41,30.42,0.0874,20.34,0.00321,44.0,healthy,0,0
2026-03-19T12:43:18.750845+00:00,device-25,router,branch-losangeles,27.2,56.18,19.26,0.0613,37.59,0.00191,40.3,healthy,0,0
2026-03-22T13:45:18.750845+00:00,device-48,firewall,branch-chicago,20.59,23.52,16.27,0.2221,35.39,0.00432,47.2,healthy,0,0
2026-03-16T05:25:18.750845+00:00,device-42,load_balancer,branch-newyork,14.96,29.72,7.04,0.1743,53.25,0.00273,42.2,healthy,0,0
2026-03-19T22:47:18.750845+00:00,device-24,server,datacenter-west,64.11,53.29,7.72,0.1661,18.99,0.00028,43.3,healthy,0,0
2026-03-20T04:37:18.750845+00:00,device-02,router,branch-chicago,43.12,49.8,38.94,0.1192,5.93,0.00055,37.8,healthy,0,0
2026-03-20T17:11:18.750845+00:00,device-11,firewall,branch-losangeles,53.79,40.39,5.23,0.072,27.51,0.0005,39.1,healthy,0,0
2026-03-14T08:12:18.750845+00:00,device-14,router,branch-newyork,84.5,80.03,2623.39,25.9102,94.12,0.31707,69.5,bgp_flapping,4,1
2026-03-20T15:07:18.750845+00:00,device-10,switch,branch-losangeles,29.68,47.17,23.84,0.125,62.43,0.00492,45.8,healthy,0,0
2026-03-22T09:11:18.750845+00:00,device-23,load_balancer,datacenter-west,20.68,30.81,25.64,0.113,36.11,0.00113,49.8,healthy,0,0
2026-03-18T11:25:18.750845+00:00,device-32,firewall,datacenter-central,59.74,50.55,39.79,0.0502,17.78,0.00409,43.4,healthy,0,0
2026-03-22T22:45:18.750845+00:00,device-36,server,branch-newyork,8.81,57.39,8.44,0.1078,62.46,0.00346,44.5,healthy,0,0
2026-03-18T14:05:18.750845+00:00,device-16,load_balancer,branch-losangeles,58.65,25.88,41.53,0.1156,7.61,0.00381,36.4,healthy,0,0
2026-03-19T10:45:18.750845+00:00,device-39,firewall,branch-newyork,60.78,66.71,20.02,0.1831,43.25,0.00122,35.6,healthy,0,0
2026-03-19T04:09:18.750845+00:00,device-10,firewall,datacenter-west,46.54,60.9,4.83,0.2816,59.1,0.00468,33.7,healthy,0,0
2026-03-14T16:33:18.750845+00:00,device-25,firewall,branch-newyork,53.69,46.62,26.13,0.0053,29.2,0.00059,37.7,healthy,0,0
2026-03-21T20:31:18.750845+00:00,device-09,load_balancer,datacenter-central,35.75,44.61,18.39,0.0593,28.05,0.00243,33.2,healthy,0,0
2026-03-18T18:37:18.750845+00:00,device-31,switch,datacenter-central,13.66,23.75,42.16,0.1018,60.13,0.00206,48.6,healthy,0,0
2026-03-14T01:03:18.750845+00:00,device-30,router,datacenter-west,27.1,11.53,40.95,0.2681,17.83,0.00385,39.7,healthy,0,0
2026-03-14T14:53:18.750845+00:00,device-02,server,branch-newyork,15.23,65.07,29.48,0.2375,60.64,0.00467,48.8,healthy,0,0
2026-03-12T17:11:18.750845+00:00,device-02,server,datacenter-west,17.17,11.12,31.51,0.2496,14.63,0.00245,44.8,healthy,0,0
2026-03-21T17:27:18.750845+00:00,device-03,router,branch-chicago,64.21,65.91,8.02,0.0356,42.33,0.00439,31.8,healthy,0,0
2026-03-12T23:53:18.750845+00:00,device-36,switch,datacenter-west,74.06,98.53,217.69,2.9568,68.32,0.04478,69.3,memory_exhaustion,2,1
2026-03-14T09:17:18.750845+00:00,device-17,load_balancer,datacenter-central,39.38,57.61,42.8,0.2951,6.38,0.00395,32.3,healthy,0,0
2026-03-16T18:11:18.750845+00:00,device-35,server,branch-newyork,26.52,48.37,2.36,0.214,27.97,0.00449,43.3,healthy,0,0
2026-03-17T07:53:18.750845+00:00,device-22,firewall,branch-losangeles,13.16,23.66,7.49,0.0458,31.41,2e-05,44.3,healthy,0,0
2026-03-15T22:15:18.750845+00:00,device-11,router,branch-chicago,50.44,50.93,42.79,0.1171,34.79,0.00193,31.0,healthy,0,0
2026-03-13T02:17:18.750845+00:00,device-48,firewall,datacenter-west,14.91,22.47,40.53,0.0787,64.94,0.00319,47.1,healthy,0,0
2026-03-20T20:33:18.750845+00:00,device-43,load_balancer,branch-chicago,31.5,46.57,18.12,0.1954,44.1,0.00171,48.1,healthy,0,0
2026-03-18T23:13:18.750845+00:00,device-08,firewall,branch-losangeles,58.37,27.44,4.75,0.1778,38.38,0.00362,35.0,healthy,0,0
2026-03-18T16:37:18.750845+00:00,device-13,load_balancer,branch-losangeles,5.63,56.76,38.14,0.2452,46.91,0.00289,39.8,healthy,0,0
2026-03-24T15:46:18.750845+00:00,device-24,router,branch-chicago,92.17,64.86,241.36,1.1989,84.03,0.03226,70.6,high_cpu,1,1
2026-03-16T14:05:18.750845+00:00,device-04,load_balancer,datacenter-east,13.29,56.64,17.17,0.1421,59.65,0.00494,43.6,healthy,0,0
2026-03-22T10:25:18.750845+00:00,device-10,load_balancer,branch-losangeles,52.65,42.97,37.65,0.1752,17.99,0.00474,39.2,healthy,0,0
2026-03-22T22:01:18.750845+00:00,device-12,load_balancer,datacenter-west,63.93,57.93,24.04,0.2232,20.08,0.00385,38.0,healthy,0,0
2026-03-14T23:05:18.750845+00:00,device-21,router,datacenter-west,23.08,45.48,38.25,0.2223,12.42,0.00051,43.6,healthy,0,0
2026-03-18T07:03:18.750845+00:00,device-21,router,datacenter-central,31.2,23.96,10.33,0.26,46.67,0.00052,40.0,healthy,0,0
2026-03-13T22:31:18.750845+00:00,device-41,firewall,datacenter-central,57.78,13.3,2.22,0.2194,20.45,0.00488,35.9,healthy,0,0
2026-03-18T00:43:18.750845+00:00,device-04,load_balancer,datacenter-central,39.12,22.22,16.54,0.1513,15.44,0.00312,35.5,healthy,0,0
2026-03-17T00:55:18.750845+00:00,device-46,load_balancer,branch-newyork,29.92,36.26,26.83,0.2023,6.0,0.00144,41.5,healthy,0,0
2026-03-19T17:47:18.750845+00:00,device-25,router,branch-chicago,40.41,14.85,32.21,0.0558,58.2,0.00288,31.3,healthy,0,0
2026-03-16T10:55:18.750845+00:00,device-34,router,datacenter-west,18.82,46.96,31.51,0.2424,10.36,0.00064,36.8,healthy,0,0
2026-03-19T20:53:18.750845+00:00,device-48,router,branch-chicago,34.5,23.63,12.58,0.2012,9.44,0.00015,32.3,healthy,0,0
2026-03-16T07:49:18.750845+00:00,device-50,switch,branch-newyork,56.85,98.8,180.47,2.0216,77.77,0.0242,74.8,memory_exhaustion,2,1
2026-03-16T15:21:18.750845+00:00,device-34,load_balancer,datacenter-central,64.98,32.85,12.62,0.1914,36.9,0.00157,43.9,healthy,0,0
2026-03-22T14:23:18.750845+00:00,device-49,switch,datacenter-central,24.51,49.93,39.13,0.2176,18.54,0.00027,32.1,healthy,0,0
2026-03-12T15:51:18.750845+00:00,device-29,server,branch-newyork,14.69,24.85,39.94,0.1568,15.59,0.00301,47.0,healthy,0,0
2026-03-12T19:09:18.750845+00:00,device-20,switch,datacenter-west,43.82,24.9,5.49,0.2436,38.03,0.0033,39.7,healthy,0,0
2026-03-17T19:05:18.750845+00:00,device-24,switch,branch-chicago,45.55,58.64,41.0,0.1397,53.28,0.00062,46.7,healthy,0,0
2026-03-20T07:55:18.750845+00:00,device-16,router,branch-chicago,98.21,68.02,154.49,0.9321,79.67,0.03625,67.9,high_cpu,1,1
2026-03-20T12:53:18.750845+00:00,device-31,load_balancer,datacenter-east,27.06,48.76,9.9,0.2678,23.08,0.0022,32.1,healthy,0,0
2026-03-12T03:03:18.750845+00:00,device-34,server,branch-chicago,19.73,43.69,43.16,0.296,22.77,0.00252,39.3,healthy,0,0
2026-03-19T04:33:18.750845+00:00,device-17,firewall,branch-newyork,37.45,32.75,28.14,0.224,20.16,0.00414,37.5,healthy,0,0
2026-03-12T17:35:18.750845+00:00,device-47,firewall,datacenter-east,57.42,37.56,4.86,0.289,5.13,0.00041,39.4,healthy,0,0
2026-03-14T06:35:18.750845+00:00,device-09,switch,datacenter-east,58.33,59.76,17.04,0.004,49.9,0.00118,48.9,healthy,0,0
2026-03-20T07:43:18.750845+00:00,device-48,switch,branch-losangeles,42.35,50.62,30.86,0.2295,56.62,0.00181,48.4,healthy,0,0
2026-03-18T06:25:18.750845+00:00,device-32,server,branch-losangeles,30.66,28.28,25.38,0.2056,56.47,0.00186,35.3,healthy,0,0
2026-03-12T19:13:18.750845+00:00,device-39,router,datacenter-west,7.45,55.74,41.86,0.1634,57.65,0.00292,38.2,healthy,0,0
2026-03-15T13:59:18.750845+00:00,device-33,firewall,branch-newyork,98.72,92.34,2729.47,47.4375,99.44,0.23472,83.7,ddos_attack,5,1
2026-03-12T16:53:18.750845+00:00,device-20,server,branch-chicago,17.22,51.99,22.64,0.1615,28.11,0.00252,47.9,healthy,0,0
2026-03-19T10:17:18.750845+00:00,device-36,server,branch-losangeles,22.49,21.66,26.78,0.184,25.81,0.00493,43.1,healthy,0,0
2026-03-12T05:05:18.750845+00:00,device-41,firewall,datacenter-central,58.81,31.91,19.35,0.0285,30.3,0.00488,41.2,healthy,0,0
2026-03-15T07:07:18.750845+00:00,device-04,firewall,datacenter-west,27.57,37.44,19.26,0.1986,9.37,0.0018,44.9,healthy,0,0
2026-03-15T14:33:18.750845+00:00,device-07,server,datacenter-west,45.1,32.16,44.06,0.1017,39.66,0.0038,30.8,healthy,0,0
2026-03-17T20:05:18.750845+00:00,device-27,firewall,branch-chicago,29.39,69.22,1.77,0.1464,40.86,0.00188,45.5,healthy,0,0
2026-03-17T15:42:18.750845+00:00,device-28,server,datacenter-central,85.18,72.36,241.29,2.8019,88.52,0.0469,77.7,high_cpu,1,1
2026-03-19T03:33:18.750845+00:00,device-46,server,datacenter-central,54.58,36.25,29.44,0.0323,51.02,0.00053,48.6,healthy,0,0
2026-03-12T15:21:18.750845+00:00,device-16,router,datacenter-west,40.48,39.26,1699.66,36.9167,55.91,0.25353,52.6,packet_loss,3,1
2026-03-21T06:37:18.750845+00:00,device-44,switch,branch-newyork,8.91,64.39,21.12,0.2974,23.59,0.00257,45.4,healthy,0,0
2026-03-12T19:03:18.750845+00:00,device-45,switch,datacenter-central,30.8,21.33,41.97,0.1791,43.98,0.00344,30.0,healthy,0,0
2026-03-15T00:11:18.750845+00:00,device-36,router,datacenter-west,40.84,30.25,17.33,0.1062,60.2,0.00234,37.1,healthy,0,0
2026-03-20T15:45:18.750845+00:00,device-16,router,branch-newyork,23.48,20.27,19.1,0.1304,51.44,0.00432,31.0,healthy,0,0
2026-03-18T15:07:18.750845+00:00,device-25,switch,branch-losangeles,35.06,46.72,21.81,0.0358,44.44,0.00207,39.4,healthy,0,0
2026-03-13T16:35:18.750845+00:00,device-42,router,datacenter-east,59.85,50.31,41.63,0.0073,33.22,0.00167,45.5,healthy,0,0
2026-03-22T08:41:18.750845+00:00,device-15,server,branch-chicago,55.88,62.03,26.4,0.1542,24.99,0.00264,39.1,healthy,0,0
2026-03-17T22:31:18.750845+00:00,device-42,server,branch-newyork,88.66,83.37,148.07,1.2836,83.43,0.01427,72.5,high_cpu,1,1
2026-03-15T12:04:18.750845+00:00,device-28,switch,branch-chicago,65.27,94.31,316.75,3.5826,74.92,0.02058,74.4,memory_exhaustion,2,1
2026-03-21T17:01:18.750845+00:00,device-43,firewall,branch-chicago,30.97,11.62,6.13,0.2238,29.29,0.0018,49.9,healthy,0,0
2026-03-22T19:57:18.750845+00:00,device-02,switch,branch-losangeles,60.3,10.39,43.7,0.1331,20.06,0.00097,37.5,healthy,0,0
2026-03-14T01:01:18.750845+00:00,device-03,firewall,datacenter-central,54.49,66.05,14.13,0.2728,51.0,0.004,48.4,healthy,0,0
2026-03-18T19:13:18.750845+00:00,device-44,router,datacenter-central,94.82,66.52,587.33,17.0679,93.41,0.42448,57.0,bgp_flapping,4,1
2026-03-18T19:51:18.750845+00:00,device-46,load_balancer,branch-losangeles,30.62,39.61,2.64,0.1635,40.72,0.00479,39.3,healthy,0,0
2026-03-19T05:51:18.750845+00:00,device-23,router,datacenter-west,91.89,81.32,1111.4,29.8278,83.94,0.19156,59.0,bgp_flapping,4,1
2026-03-21T14:09:18.750845+00:00,device-31,server,branch-losangeles,37.07,23.5,35.23,0.1558,30.64,0.00421,34.0,healthy,0,0
2026-03-17T14:43:18.750845+00:00,device-30,load_balancer,branch-chicago,29.26,69.41,42.75,0.2286,61.5,0.00393,31.0,healthy,0,0
2026-03-13T11:21:18.750845+00:00,device-20,router,datacenter-central,71.44,61.34,2463.29,22.5138,88.35,0.28387,61.7,bgp_flapping,4,1
2026-03-19T16:56:18.750845+00:00,device-49,firewall,branch-newyork,92.65,89.04,4390.21,55.0867,96.12,0.78182,81.3,ddos_attack,5,1
2026-03-13T23:07:18.750845+00:00,device-19,server,branch-chicago,16.69,54.27,18.21,0.1597,19.05,0.00195,49.7,healthy,0,0
2026-03-20T02:10:18.750845+00:00,device-37,load_balancer,datacenter-west,98.08,86.07,2304.9,33.6492,96.19,0.56735,73.5,ddos_attack,5,1
2026-03-18T08:24:18.750845+00:00,device-25,router,branch-losangeles,91.13,80.5,291.12,1.3929,84.87,0.01969,77.0,high_cpu,1,1
2026-03-13T21:55:18.750845+00:00,device-20,switch,datacenter-west,37.82,53.16,38.42,0.2865,62.25,0.00054,42.6,healthy,0,0
2026-03-22T07:03:18.750845+00:00,device-49,router,datacenter-east,10.03,28.9,35.34,0.1872,13.58,0.00345,31.8,healthy,0,0
2026-03-20T18:25:18.750845+00:00,device-31,router,branch-losangeles,52.84,28.34,2.59,0.1554,37.09,0.0004,48.9,healthy,0,0
2026-03-12T13:37:18.750845+00:00,device-02,load_balancer,branch-losangeles,35.16,52.66,32.98,0.2997,39.6,0.00167,41.3,healthy,0,0
2026-03-20T01:31:18.750845+00:00,device-21,router,branch-chicago,34.57,38.9,41.14,0.2196,56.3,0.00212,48.7,healthy,0,0
2026-03-16T00:31:18.750845+00:00,device-49,firewall,branch-newyork,61.84,68.69,28.77,0.0721,20.67,0.00403,37.2,healthy,0,0
2026-03-20T21:59:18.750845+00:00,device-38,load_balancer,branch-losangeles,47.36,13.06,19.46,0.2816,63.96,0.004,41.0,healthy,0,0
2026-03-21T19:45:18.750845+00:00,device-40,router,datacenter-central,62.9,53.83,33.17,0.125,31.74,0.00295,32.0,healthy,0,0
2026-03-21T13:05:18.750845+00:00,device-38,switch,branch-losangeles,49.26,40.27,854.67,25.3755,63.79,0.2968,48.2,packet_loss,3,1
2026-03-25T16:10:18.750845+00:00,device-35,server,branch-losangeles,88.15,77.73,269.42,2.9972,88.58,0.0355,68.1,high_cpu,1,1
2026-03-18T01:13:18.750845+00:00,device-11,firewall,datacenter-central,34.62,29.33,10.34,0.1007,15.32,0.00317,31.5,healthy,0,0
2026-03-13T00:53:18.750845+00:00,device-08,router,datacenter-central,21.47,35.09,44.03,0.0034,29.73,0.00136,30.5,healthy,0,0
2026-03-21T20:29:18.750845+00:00,device-26,server,datacenter-west,19.99,37.87,15.67,0.1155,34.62,0.004,39.6,healthy,0,0
2026-03-20T06:57:18.750845+00:00,device-12,server,branch-chicago,49.97,44.9,3.33,0.2089,62.37,0.00252,39.2,healthy,0,0
2026-03-15T02:55:18.750845+00:00,device-15,switch,datacenter-central,8.37,21.74,37.78,0.2342,9.27,0.00079,33.7,healthy,0,0
2026-03-20T04:53:18.750845+00:00,device-12,router,datacenter-west,53.93,44.59,1935.24,19.1707,48.02,0.28774,38.5,packet_loss,3,1
2026-03-16T11:55:18.750845+00:00,device-46,router,datacenter-west,52.31,20.89,18.29,0.2623,34.63,0.00018,34.8,healthy,0,0
2026-03-19T18:53:18.750845+00:00,device-49,firewall,branch-chicago,49.44,64.12,2.05,0.1738,22.42,0.00297,39.2,healthy,0,0
2026-03-16T14:29:18.750845+00:00,device-21,load_balancer,branch-newyork,14.24,43.35,43.08,0.2178,25.88,0.00181,44.6,healthy,0,0
2026-03-18T20:24:18.750845+00:00,device-50,router,branch-chicago,40.19,45.16,586.25,23.2686,60.32,0.28641,45.4,packet_loss,3,1
2026-03-18T11:41:18.750845+00:00,device-26,router,datacenter-east,13.08,41.01,1.89,0.008,57.67,0.00432,39.8,healthy,0,0
2026-03-16T07:46:18.750845+00:00,device-42,router,branch-chicago,97.06,76.59,209.62,0.5076,76.28,0.0238,69.2,high_cpu,1,1
2026-03-14T04:03:18.750845+00:00,device-38,server,branch-losangeles,54.78,67.46,24.97,0.2911,25.25,0.00345,42.9,healthy,0,0
2026-03-16T04:03:18.750845+00:00,device-04,switch,datacenter-east,47.41,93.99,371.85,6.0593,73.52,0.07237,60.9,memory_exhaustion,2,1
2026-03-17T06:15:18.750845+00:00,device-19,router,branch-chicago,36.81,29.14,19.0,0.2589,40.59,0.00378,31.6,healthy,0,0
2026-03-21T06:39:18.750845+00:00,device-49,switch,datacenter-east,16.74,42.64,6.09,0.1143,54.0,0.0037,43.8,healthy,0,0
2026-03-21T07:41:18.750845+00:00,device-43,switch,datacenter-east,31.73,63.19,8.77,0.2151,30.15,0.00145,35.6,healthy,0,0
2026-03-13T14:15:18.750845+00:00,device-30,switch,branch-newyork,71.88,93.7,482.42,5.5586,65.19,0.05489,63.5,memory_exhaustion,2,1
2026-03-16T10:07:18.750845+00:00,device-08,switch,datacenter-west,50.64,36.26,15.44,0.0899,18.42,0.00468,39.6,healthy,0,0
2026-03-16T05:15:18.750845+00:00,device-13,firewall,datacenter-east,30.69,18.69,44.75,0.0694,27.0,0.00406,41.6,healthy,0,0
2026-03-14T23:07:18.750845+00:00,device-43,router,branch-newyork,38.11,11.2,2.29,0.013,40.32,0.00161,36.3,healthy,0,0
2026-03-21T05:11:18.750845+00:00,device-19,router,branch-newyork,36.95,24.1,6.43,0.0793,18.53,0.00202,36.5,healthy,0,0
2026-03-14T04:23:18.750845+00:00,device-42,firewall,branch-losangeles,45.8,57.35,18.12,0.0401,44.22,0.00322,33.8,healthy,0,0
2026-03-18T10:33:18.750845+00:00,device-10,switch,datacenter-east,8.19,48.71,44.95,0.0888,64.12,0.00494,45.2,healthy,0,0
2026-03-20T03:45:18.750845+00:00,device-49,router,datacenter-west,19.66,69.75,33.71,0.2999,36.99,0.0008,46.9,healthy,0,0
2026-03-22T17:55:18.750845+00:00,device-23,switch,branch-chicago,33.18,64.72,31.34,0.0028,50.44,0.00252,43.4,healthy,0,0
2026-03-12T05:03:18.750845+00:00,device-11,server,branch-losangeles,18.97,43.92,28.81,0.0235,59.21,0.00105,39.7,healthy,0,0
2026-03-17T10:53:18.750845+00:00,device-35,server,datacenter-central,15.55,28.6,41.95,0.1782,34.29,0.00335,38.8,healthy,0,0
2026-03-14T01:17:18.750845+00:00,device-12,switch,branch-losangeles,7.73,32.56,35.61,0.2764,26.4,0.00095,43.4,healthy,0,0
2026-03-17T10:57:18.750845+00:00,device-26,router,datacenter-east,58.93,17.55,5.9,0.2795,10.51,0.00442,38.9,healthy,0,0
2026-03-15T00:21:18.750845+00:00,device-49,load_balancer,datacenter-central,40.39,58.16,11.83,0.0848,58.84,0.00155,46.2,healthy,0,0
2026-03-19T11:25:18.750845+00:00,device-44,load_balancer,branch-chicago,59.03,52.63,36.45,0.2919,15.96,0.00211,43.2,healthy,0,0
2026-03-15T11:37:18.750845+00:00,device-43,load_balancer,branch-newyork,51.24,62.07,37.48,0.2738,14.08,0.00322,41.0,healthy,0,0
2026-03-12T04:55:18.750845+00:00,device-19,server,branch-newyork,5.3,39.01,22.03,0.2797,26.85,0.00262,37.7,healthy,0,0
2026-03-16T13:37:18.750845+00:00,device-12,server,datacenter-central,38.24,12.11,40.32,0.1673,56.28,0.0038,39.1,healthy,0,0
2026-03-15T14:07:18.750845+00:00,device-07,switch,datacenter-west,48.91,51.93,1385.99,19.4029,44.26,0.26515,47.5,packet_loss,3,1
2026-03-13T15:01:18.750845+00:00,device-48,server,datacenter-west,11.45,28.67,13.55,0.1663,6.69,0.0037,38.6,healthy,0,0
2026-03-15T08:57:18.750845+00:00,device-33,load_balancer,datacenter-west,51.91,12.41,18.7,0.0057,42.52,0.00191,48.9,healthy,0,0
2026-03-19T22:17:18.750845+00:00,device-23,server,datacenter-west,56.98,10.33,44.55,0.0168,34.77,0.00235,41.7,healthy,0,0
2026-03-24T06:01:18.750845+00:00,device-49,router,datacenter-central,88.57,68.79,589.49,30.3196,75.33,0.49545,66.4,bgp_flapping,4,1
2026-03-17T06:41:18.750845+00:00,device-11,router,branch-losangeles,26.37,29.61,12.98,0.2054,27.51,0.00089,34.6,healthy,0,0
2026-03-16T10:09:18.750845+00:00,device-26,switch,datacenter-west,48.45,25.38,20.67,0.2721,15.65,0.00053,35.5,healthy,0,0
2026-03-19T22:19:18.750845+00:00,device-08,server,datacenter-east,9.02,58.64,18.47,0.2011,17.7,0.00475,42.8,healthy,0,0
2026-03-18T17:53:18.750845+00:00,device-40,load_balancer,branch-losangeles,23.72,26.47,1.79,0.0008,63.68,0.00037,44.0,healthy,0,0
2026-03-19T01:01:18.750845+00:00,device-07,load_balancer,branch-newyork,49.98,32.15,36.1,0.0024,41.69,0.00037,41.9,healthy,0,0
2026-03-18T06:23:18.750845+00:00,device-41,switch,branch-newyork,36.28,18.12,24.65,0.078,53.28,0.00329,36.8,healthy,0,0
2026-03-17T20:31:18.750845+00:00,device-34,firewall,branch-losangeles,58.26,59.36,36.8,0.2693,30.2,0.00371,46.8,healthy,0,0
2026-03-23T16:52:18.750845+00:00,device-40,router,datacenter-west,82.09,73.0,2382.85,26.0061,69.23,0.44107,62.0,bgp_flapping,4,1
2026-03-20T21:13:18.750845+00:00,device-17,server,branch-losangeles,39.28,18.26,35.36,0.2556,35.55,0.00259,40.5,healthy,0,0
2026-03-13T18:57:18.750845+00:00,device-35,server,datacenter-east,91.96,63.24,159.92,2.6927,80.36,0.02955,67.0,high_cpu,1,1
2026-03-13T02:57:18.750845+00:00,device-30,router,branch-newyork,87.47,78.73,173.09,2.1253,84.13,0.01908,73.6,high_cpu,1,1
2026-03-20T04:05:18.750845+00:00,device-19,switch,datacenter-central,18.6,33.32,7.65,0.0351,9.28,0.00265,36.7,healthy,0,0
2026-03-17T16:01:18.750845+00:00,device-30,router,datacenter-east,52.5,42.95,39.6,0.0773,7.24,0.00106,37.2,healthy,0,0
2026-03-22T01:54:18.750845+00:00,device-45,firewall,branch-newyork,97.68,98.61,1761.26,58.7837,95.71,0.48606,75.8,ddos_attack,5,1
2026-03-17T12:11:18.750845+00:00,device-26,server,branch-chicago,38.89,58.86,23.96,0.0432,57.84,0.00041,48.9,healthy,0,0
2026-03-22T01:27:18.750845+00:00,device-19,load_balancer,branch-newyork,10.28,36.75,34.49,0.2612,41.97,0.00404,32.0,healthy,0,0
2026-03-12T11:33:18.750845+00:00,device-34,load_balancer,branch-losangeles,13.82,28.75,1.36,0.0757,60.26,0.00388,47.3,healthy,0,0
2026-03-25T20:34:18.750845+00:00,device-29,router,branch-chicago,87.22,75.07,1362.55,32.6262,72.33,0.37326,67.9,bgp_flapping,4,1
2026-03-12T02:51:18.750845+00:00,device-34,router,branch-losangeles,95.4,79.7,185.15,1.7871,80.4,0.0216,71.5,high_cpu,1,1
2026-03-17T12:53:18.750845+00:00,device-05,switch,datacenter-central,21.54,64.69,25.22,0.1892,27.7,0.0017,43.6,healthy,0,0
2026-03-13T14:03:18.750845+00:00,device-16,server,branch-newyork,42.92,61.82,8.51,0.1606,35.79,0.00134,48.5,healthy,0,0
2026-03-20T18:31:18.750845+00:00,device-05,switch,datacenter-west,47.35,18.87,20.72,0.1516,38.17,0.00063,45.9,healthy,0,0
2026-03-15T17:57:18.750845+00:00,device-25,load_balancer,datacenter-east,42.51,49.61,33.89,0.0215,51.84,0.00463,31.1,healthy,0,0
2026-03-14T17:55:18.750845+00:00,device-08,load_balancer,branch-chicago,36.47,56.68,12.34,0.0233,59.54,0.00089,47.6,healthy,0,0
2026-03-14T21:47:18.750845+00:00,device-45,firewall,datacenter-west,57.19,67.92,26.42,0.1411,48.86,0.00478,32.2,healthy,0,0
2026-03-13T10:35:18.750845+00:00,device-30,firewall,datacenter-central,39.01,37.97,11.55,0.1624,49.65,0.00304,37.1,healthy,0,0
2026-03-22T15:17:18.750845+00:00,device-05,router,branch-chicago,57.84,45.89,7.13,0.0777,43.51,0.0007,46.5,healthy,0,0
2026-03-16T19:21:18.750845+00:00,device-16,server,branch-chicago,49.86,28.35,5.59,0.078,54.09,0.00385,34.0,healthy,0,0
2026-03-18T10:21:18.750845+00:00,device-03,router,branch-losangeles,22.31,21.83,36.0,0.2011,34.44,0.0025,49.9,healthy,0,0
2026-03-12T10:41:18.750845+00:00,device-28,firewall,branch-losangeles,60.23,34.79,24.23,0.0489,45.01,0.00466,34.3,healthy,0,0
2026-03-14T03:21:18.750845+00:00,device-49,router,datacenter-west,30.98,43.82,22.55,0.1376,63.52,0.00339,35.5,healthy,0,0
2026-03-22T21:55:18.750845+00:00,device-20,firewall,datacenter-west,12.63,44.55,10.15,0.0831,12.06,0.00069,35.1,healthy,0,0
2026-03-22T09:47:18.750845+00:00,device-24,load_balancer,branch-losangeles,19.8,60.1,7.34,0.224,5.26,0.0047,36.3,healthy,0,0
2026-03-18T02:57:18.750845+00:00,device-18,switch,branch-chicago,44.45,57.88,31.77,0.0315,37.02,0.00475,43.3,healthy,0,0
2026-03-12T13:31:18.750845+00:00,device-11,server,branch-newyork,56.04,41.85,40.96,0.1132,39.8,0.00467,41.0,healthy,0,0
2026-03-19T00:25:18.750845+00:00,device-29,router,datacenter-central,56.67,22.74,23.45,0.2477,42.42,0.0037,49.7,healthy,0,0
2026-03-23T04:07:18.750845+00:00,device-26,server,branch-losangeles,50.98,29.51,44.11,0.2243,16.44,0.00278,37.3,healthy,0,0
2026-03-18T03:51:18.750845+00:00,device-40,switch,branch-losangeles,35.03,44.16,17.73,0.2478,42.84,0.00331,37.7,healthy,0,0
2026-03-15T05:23:18.750845+00:00,device-15,switch,datacenter-east,47.85,49.37,18.43,0.0845,13.31,0.00128,44.2,healthy,0,0
2026-03-17T17:33:18.750845+00:00,device-01,server,branch-losangeles,51.65,39.04,2.15,0.2896,5.29,0.00351,40.6,healthy,0,0
2026-03-14T13:58:18.750845+00:00,device-48,server,branch-chicago,74.62,88.98,225.87,1.4002,66.16,0.05391,68.1,memory_exhaustion,2,1
2026-03-18T04:07:18.750845+00:00,device-10,server,datacenter-west,39.85,31.14,35.81,0.1895,56.9,0.00206,46.2,healthy,0,0
2026-03-23T01:19:18.750845+00:00,device-13,server,datacenter-central,47.52,23.66,39.81,0.2184,38.93,0.00466,34.3,healthy,0,0
2026-03-18T20:25:18.750845+00:00,device-40,load_balancer,branch-newyork,64.01,32.56,36.11,0.205,33.72,0.0006,31.1,healthy,0,0
2026-03-18T06:05:18.750845+00:00,device-19,server,datacenter-central,45.48,17.79,36.2,0.0402,35.75,0.0023,46.0,healthy,0,0
2026-03-15T20:32:18.750845+00:00,device-04,server,datacenter-west,91.59,68.95,125.05,2.684,82.85,0.02212,72.5,high_cpu,1,1
2026-03-12T23:23:18.750845+00:00,device-47,server,branch-newyork,22.0,39.54,14.97,0.0718,35.1,0.00041,40.8,healthy,0,0
2026-03-14T13:31:18.750845+00:00,device-12,load_balancer,branch-losangeles,63.43,28.16,18.86,0.2491,44.23,0.00111,46.2,healthy,0,0
2026-03-21T08:23:18.750845+00:00,device-13,load_balancer,datacenter-east,33.7,52.52,13.97,0.0458,52.81,0.00258,47.6,healthy,0,0
2026-03-14T15:43:18.750845+00:00,device-30,load_balancer,datacenter-central,45.72,31.16,19.93,0.1836,32.55,0.00486,43.5,healthy,0,0
2026-03-20T22:11:18.750845+00:00,device-35,firewall,datacenter-east,38.99,23.21,36.28,0.1958,51.19,0.00245,38.0,healthy,0,0
2026-03-14T21:09:18.750845+00:00,device-17,firewall,datacenter-central,59.18,47.85,1.86,0.1916,63.81,0.00268,31.1,healthy,0,0
2026-03-18T01:53:18.750845+00:00,device-37,router,datacenter-west,19.27,56.14,16.83,0.171,60.48,0.00212,45.0,healthy,0,0
2026-03-12T14:57:18.750845+00:00,device-31,server,branch-losangeles,18.44,51.04,12.26,0.2122,15.17,0.0017,44.8,healthy,0,0
2026-03-16T17:45:18.750845+00:00,device-20,firewall,datacenter-central,5.51,32.86,17.5,0.2141,51.42,0.00155,42.8,healthy,0,0
2026-03-18T20:01:18.750845+00:00,device-11,router,branch-losangeles,54.11,26.02,17.26,0.1964,58.01,0.0047,41.5,healthy,0,0
2026-03-25T05:34:18.750845+00:00,device-48,switch,datacenter-west,58.17,98.76,322.18,6.9728,66.09,0.06092,67.2,memory_exhaustion,2,1
2026-03-20T01:25:18.750845+00:00,device-12,load_balancer,branch-newyork,30.42,35.36,15.15,0.0668,44.04,0.00219,47.4,healthy,0,0
2026-03-21T14:27:18.750845+00:00,device-21,router,datacenter-west,91.63,75.92,2371.76,18.5407,68.13,0.12245,62.5,bgp_flapping,4,1
2026-03-12T05:41:18.750845+00:00,device-03,server,branch-losangeles,9.33,41.95,5.0,0.1459,46.96,0.00384,34.1,healthy,0,0
2026-03-25T20:53:18.750845+00:00,device-46,router,datacenter-central,46.43,20.39,840.27,36.3322,39.93,0.245,48.1,packet_loss,3,1
2026-03-16T17:59:18.750845+00:00,device-49,switch,branch-losangeles,5.55,66.88,33.28,0.1931,38.67,0.00111,47.9,healthy,0,0
2026-03-22T09:29:18.750845+00:00,device-38,firewall,datacenter-central,51.74,14.18,39.11,0.0212,25.88,0.00236,48.5,healthy,0,0
2026-03-15T12:03:18.750845+00:00,device-31,load_balancer,branch-newyork,31.71,41.5,27.38,0.1918,55.5,0.00024,32.4,healthy,0,0
2026-03-21T12:39:18.750845+00:00,device-36,load_balancer,datacenter-east,8.97,59.77,14.87,0.2589,42.66,0.00266,35.9,healthy,0,0
2026-03-20T18:45:18.750845+00:00,device-16,firewall,branch-chicago,19.33,37.0,44.03,0.2357,14.78,0.00044,37.5,healthy,0,0
2026-03-22T07:16:18.750845+00:00,device-07,router,branch-newyork,44.35,47.55,757.16,20.1036,60.9,0.19631,35.3,packet_loss,3,1
2026-03-20T09:01:18.750845+00:00,device-32,server,branch-chicago,62.29,36.39,18.31,0.086,16.87,0.00283,46.8,healthy,0,0
2026-03-19T08:57:18.750845+00:00,device-30,load_balancer,branch-chicago,54.31,31.82,39.07,0.1822,31.4,0.00043,49.1,healthy,0,0
2026-03-14T11:37:18.750845+00:00,device-50,load_balancer,branch-losangeles,64.42,18.99,42.8,0.1995,39.41,0.00015,49.6,healthy,0,0
2026-03-18T20:37:18.750845+00:00,device-48,firewall,branch-chicago,19.53,20.9,40.23,0.2732,51.13,0.00483,31.1,healthy,0,0
2026-03-20T21:23:18.750845+00:00,device-30,router,branch-losangeles,45.75,67.83,11.87,0.046,6.97,0.00192,48.5,healthy,0,0
2026-03-12T07:47:18.750845+00:00,device-46,firewall,datacenter-central,10.21,56.02,43.22,0.2757,9.91,0.00092,41.4,healthy,0,0
2026-03-12T07:29:18.750845+00:00,device-46,router,branch-chicago,30.24,19.37,19.74,0.0477,62.15,0.00123,44.0,healthy,0,0
2026-03-13T21:53:18.750845+00:00,device-08,router,branch-newyork,39.22,66.98,31.86,0.2799,5.68,0.00202,38.1,healthy,0,0
2026-03-22T18:03:18.750845+00:00,device-28,firewall,datacenter-central,46.69,48.65,10.5,0.024,55.36,0.00426,45.0,healthy,0,0
2026-03-13T05:39:18.750845+00:00,device-16,switch,datacenter-central,20.71,28.89,26.55,0.1555,26.62,0.00097,37.2,healthy,0,0
2026-03-17T17:09:18.750845+00:00,device-10,server,datacenter-central,52.58,24.97,35.51,0.107,50.3,0.00058,32.2,healthy,0,0
2026-03-17T11:19:18.750845+00:00,device-38,server,datacenter-central,54.18,97.28,486.54,1.7882,68.06,0.02241,62.2,memory_exhaustion,2,1
2026-03-12T08:25:18.750845+00:00,device-30,load_balancer,branch-losangeles,28.63,38.15,25.47,0.028,54.4,0.00108,30.3,healthy,0,0
2026-03-13T03:21:18.750845+00:00,device-31,server,branch-newyork,15.34,47.33,13.8,0.2618,40.18,0.00263,40.5,healthy,0,0
2026-03-18T09:50:18.750845+00:00,device-43,router,datacenter-central,90.64,62.92,100.61,0.8503,78.19,0.03373,75.3,high_cpu,1,1
2026-03-17T20:03:18.750845+00:00,device-37,server,branch-losangeles,60.29,54.68,3.63,0.0431,35.51,0.00024,41.3,healthy,0,0
2026-03-16T21:41:18.750845+00:00,device-28,firewall,datacenter-west,58.54,69.36,41.52,0.2224,42.23,0.00496,31.9,healthy,0,0
2026-03-17T15:13:18.750845+00:00,device-32,load_balancer,branch-losangeles,30.97,36.5,7.96,0.1323,19.11,0.00079,36.4,healthy,0,0
2026-03-16T16:21:18.750845+00:00,device-14,load_balancer,datacenter-east,63.41,56.71,9.46,0.1673,55.03,0.0004,42.5,healthy,0,0
2026-03-12T11:41:18.750845+00:00,device-15,load_balancer,datacenter-west,52.06,62.12,34.84,0.2239,32.38,0.00156,33.1,healthy,0,0
2026-03-12T09:37:18.750845+00:00,device-16,switch,datacenter-west,32.73,11.19,43.9,0.2228,52.82,0.0042,39.9,healthy,0,0
2026-03-22T17:09:18.750845+00:00,device-33,firewall,branch-losangeles,90.09,94.23,1611.58,30.3356,99.32,0.25621,78.2,ddos_attack,5,1
2026-03-14T21:51:18.750845+00:00,device-50,load_balancer,datacenter-west,55.87,68.02,44.58,0.2471,37.71,0.0013,35.5,healthy,0,0
2026-03-17T22:27:18.750845+00:00,device-23,load_balancer,datacenter-west,35.29,10.42,41.34,0.057,30.64,0.00246,36.6,healthy,0,0
2026-03-15T12:25:18.750845+00:00,device-10,server,branch-newyork,60.22,19.64,35.86,0.0448,57.74,0.00138,37.4,healthy,0,0
2026-03-19T07:03:18.750845+00:00,device-11,server,datacenter-east,17.55,60.65,34.46,0.1651,53.65,0.00109,31.6,healthy,0,0
2026-03-12T23:53:18.750845+00:00,device-03,switch,datacenter-west,33.87,25.58,30.43,0.0103,8.46,0.00043,33.7,healthy,0,0
2026-03-19T20:29:18.750845+00:00,device-42,load_balancer,branch-losangeles,18.78,64.36,14.45,0.0628,53.47,0.00288,30.2,healthy,0,0
2026-03-19T15:45:18.750845+00:00,device-30,switch,datacenter-east,50.79,46.98,19.16,0.1642,28.74,0.00499,34.4,healthy,0,0
2026-03-24T06:56:18.750845+00:00,device-07,switch,datacenter-central,72.44,90.52,496.01,6.5934,62.93,0.02784,71.3,memory_exhaustion,2,1
2026-03-17T09:25:18.750845+00:00,device-15,load_balancer,branch-newyork,50.71,69.87,4.7,0.1961,44.19,0.00038,41.1,healthy,0,0
2026-03-21T03:27:18.750845+00:00,device-08,load_balancer,datacenter-west,62.33,52.6,18.93,0.1412,50.06,0.00177,38.5,healthy,0,0
2026-03-21T14:06:18.750845+00:00,device-16,server,branch-losangeles,97.75,69.0,234.24,0.5873,75.85,0.01144,63.4,high_cpu,1,1
2026-03-12T18:49:18.750845+00:00,device-22,server,branch-newyork,9.69,31.28,41.46,0.2724,30.67,0.00113,45.5,healthy,0,0
2026-03-17T13:41:18.750845+00:00,device-23,load_balancer,datacenter-central,51.41,34.28,22.72,0.2309,47.15,0.00065,41.7,healthy,0,0
2026-03-18T13:37:18.750845+00:00,device-25,server,datacenter-east,5.33,26.72,42.18,0.2259,43.48,0.00214,34.0,healthy,0,0
2026-03-12T02:07:18.750845+00:00,device-33,server,branch-newyork,61.18,17.59,14.55,0.0587,17.38,0.00325,49.1,healthy,0,0
2026-03-20T20:55:18.750845+00:00,device-10,load_balancer,datacenter-east,17.39,62.29,27.77,0.1211,60.75,0.00372,33.0,healthy,0,0
2026-03-18T00:17:18.750845+00:00,device-29,firewall,branch-losangeles,10.34,66.98,15.5,0.2794,5.78,4e-05,36.0,healthy,0,0
2026-03-16T09:01:18.750845+00:00,device-33,server,branch-chicago,37.08,11.02,35.05,0.1988,20.85,0.00036,36.6,healthy,0,0
2026-03-19T11:23:18.750845+00:00,device-04,load_balancer,datacenter-east,42.45,40.47,9.34,0.2725,60.46,0.00255,39.4,healthy,0,0
2026-03-14T05:47:18.750845+00:00,device-48,server,branch-chicago,42.03,19.94,14.7,0.277,27.51,0.00133,44.9,healthy,0,0
2026-03-17T02:57:18.750845+00:00,device-15,switch,datacenter-east,24.0,47.63,1017.81,26.8157,44.48,0.21913,52.8,packet_loss,3,1
2026-03-19T12:11:18.750845+00:00,device-37,load_balancer,datacenter-east,53.66,17.66,28.77,0.2812,5.7,0.00295,42.7,healthy,0,0
2026-03-19T02:45:18.750845+00:00,device-15,server,branch-losangeles,13.4,55.31,43.83,0.1701,31.19,0.00276,35.2,healthy,0,0
2026-03-22T19:41:18.750845+00:00,device-46,load_balancer,datacenter-west,49.28,65.27,1.99,0.2833,59.43,0.00303,47.3,healthy,0,0
2026-03-22T19:03:18.750845+00:00,device-38,firewall,datacenter-east,54.48,54.63,13.61,0.0733,12.61,0.0021,33.3,healthy,0,0
2026-03-17T12:13:18.750845+00:00,device-03,switch,branch-newyork,9.82,35.69,29.28,0.155,7.89,0.00472,36.3,healthy,0,0
2026-03-17T12:25:18.750845+00:00,device-39,switch,datacenter-east,43.38,28.05,7.1,0.0599,57.35,0.00486,37.9,healthy,0,0
2026-03-14T19:09:18.750845+00:00,device-21,router,branch-chicago,62.37,10.52,17.3,0.2137,24.93,0.00325,35.1,healthy,0,0
2026-03-13T23:25:18.750845+00:00,device-01,firewall,branch-chicago,48.64,16.91,30.43,0.2773,48.62,0.00288,44.3,healthy,0,0
2026-03-19T02:09:18.750845+00:00,device-26,load_balancer,branch-losangeles,60.46,11.07,10.91,0.1736,31.67,0.00171,30.5,healthy,0,0
2026-03-12T19:43:18.750845+00:00,device-37,firewall,datacenter-west,60.32,22.2,14.48,0.289,43.11,0.0003,36.5,healthy,0,0
2026-03-19T11:03:18.750845+00:00,device-10,server,branch-newyork,6.0,20.55,39.55,0.0562,57.2,0.00456,43.6,healthy,0,0
2026-03-16T08:43:18.750845+00:00,device-06,firewall,branch-newyork,49.42,19.47,1.51,0.1172,26.78,0.00472,31.4,healthy,0,0
2026-03-13T05:17:18.750845+00:00,device-25,firewall,branch-chicago,50.84,40.79,30.18,0.2451,55.4,0.00186,42.3,healthy,0,0
2026-03-18T04:01:18.750845+00:00,device-26,server,datacenter-east,9.39,58.33,15.72,0.0975,55.97,0.00061,40.8,healthy,0,0
2026-03-12T14:49:18.750845+00:00,device-11,router,datacenter-east,15.48,29.26,14.88,0.2181,24.09,0.00192,49.6,healthy,0,0
2026-03-13T14:43:18.750845+00:00,device-18,router,datacenter-east,29.45,69.54,27.44,0.2901,54.36,0.00347,48.0,healthy,0,0
2026-03-21T20:21:18.750845+00:00,device-07,load_balancer,datacenter-west,60.74,44.18,28.41,0.262,27.09,0.00434,44.3,healthy,0,0
2026-03-25T00:44:18.750845+00:00,device-35,switch,branch-newyork,70.18,89.53,436.49,5.5019,56.81,0.03148,58.9,memory_exhaustion,2,1
2026-03-16T02:50:18.750845+00:00,device-16,router,datacenter-west,71.06,62.67,2246.55,16.5714,64.52,0.36494,58.1,bgp_flapping,4,1
2026-03-22T13:05:18.750845+00:00,device-12,router,datacenter-central,55.64,47.9,6.34,0.0703,53.37,0.00217,44.1,healthy,0,0
2026-03-17T17:51:18.750845+00:00,device-44,firewall,datacenter-east,13.07,19.05,33.28,0.2968,25.06,0.00366,42.6,healthy,0,0
2026-03-17T18:43:18.750845+00:00,device-37,firewall,datacenter-east,20.79,42.54,20.04,0.0035,5.18,0.00187,31.8,healthy,0,0
2026-03-17T06:59:18.750845+00:00,device-23,load_balancer,datacenter-east,31.26,33.43,19.32,0.1675,57.45,0.0044,30.5,healthy,0,0
2026-03-18T17:55:18.750845+00:00,device-45,load_balancer,branch-losangeles,48.79,21.99,27.04,0.054,28.45,0.0042,48.9,healthy,0,0
2026-03-21T19:37:18.750845+00:00,device-45,router,branch-chicago,98.65,74.8,94.7,2.8562,84.36,0.04408,72.0,high_cpu,1,1
2026-03-19T01:07:18.750845+00:00,device-49,switch,datacenter-central,60.43,12.64,41.41,0.0855,45.18,0.00036,41.1,healthy,0,0
2026-03-19T07:13:18.750845+00:00,device-11,load_balancer,datacenter-east,95.66,82.65,3972.63,48.9924,98.1,0.59167,82.3,ddos_attack,5,1
2026-03-13T02:21:18.750845+00:00,device-02,switch,branch-chicago,45.89,15.42,20.61,0.2859,42.46,0.00178,39.4,healthy,0,0
2026-03-14T23:23:18.750845+00:00,device-28,firewall,datacenter-central,55.48,62.54,1.61,0.2034,11.66,7e-05,37.6,healthy,0,0
2026-03-16T08:25:18.750845+00:00,device-10,router,branch-losangeles,6.57,64.71,19.74,0.1811,35.9,0.00377,48.0,healthy,0,0
2026-03-16T05:36:18.750845+00:00,device-29,router,datacenter-west,71.22,87.26,2329.79,25.9325,83.2,0.11092,73.1,bgp_flapping,4,1
2026-03-12T09:33:18.750845+00:00,device-11,router,branch-losangeles,51.44,22.89,20.27,0.0546,30.94,9e-05,35.8,healthy,0,0
2026-03-13T20:28:18.750845+00:00,device-41,server,branch-chicago,94.17,64.75,88.46,1.8545,89.72,0.01757,71.3,high_cpu,1,1
2026-03-15T21:47:18.750845+00:00,device-40,load_balancer,branch-newyork,25.93,62.11,24.68,0.1474,63.92,0.00349,36.6,healthy,0,0
2026-03-17T09:37:18.750845+00:00,device-12,server,branch-losangeles,34.18,39.48,44.58,0.217,33.97,0.00158,31.3,healthy,0,0
2026-03-14T07:07:18.750845+00:00,device-48,router,branch-newyork,62.01,26.92,38.06,0.2146,31.73,0.00422,44.8,healthy,0,0
2026-03-18T15:03:18.750845+00:00,device-43,router,branch-newyork,5.87,37.96,18.19,0.1676,26.8,0.00071,47.8,healthy,0,0
2026-03-13T16:25:18.750845+00:00,device-41,server,datacenter-central,41.13,35.11,2.02,0.2875,36.08,0.00015,30.9,healthy,0,0
2026-03-13T00:41:18.750845+00:00,device-37,firewall,branch-chicago,90.33,88.0,2414.11,58.1288,97.19,0.20646,77.5,ddos_attack,5,1
2026-03-16T20:59:18.750845+00:00,device-32,load_balancer,branch-newyork,61.35,59.54,28.53,0.1542,60.67,0.0033,38.3,healthy,0,0
2026-03-19T14:31:18.750845+00:00,device-43,server,branch-chicago,15.5,69.93,22.45,0.0341,33.11,0.0003,38.1,healthy,0,0
2026-03-17T21:28:18.750845+00:00,device-18,router,datacenter-central,46.27,24.72,1600.97,18.2938,51.01,0.09923,47.2,packet_loss,3,1
2026-03-14T03:49:18.750845+00:00,device-12,server,datacenter-central,54.38,89.32,319.53,6.6572,73.18,0.08185,63.9,memory_exhaustion,2,1
2026-03-21T04:57:18.750845+00:00,device-47,router,branch-losangeles,98.92,72.41,233.34,1.478,79.76,0.02514,62.5,high_cpu,1,1
2026-03-20T07:31:18.750845+00:00,device-24,router,datacenter-east,45.65,59.13,11.89,0.2477,16.11,0.00417,39.3,healthy,0,0
2026-03-19T13:37:18.750845+00:00,device-08,load_balancer,branch-chicago,61.7,31.94,10.22,0.1918,16.38,0.00025,32.2,healthy,0,0
2026-03-20T02:23:18.750845+00:00,device-50,server,datacenter-west,24.0,39.21,14.33,0.1214,34.16,0.00204,50.0,healthy,0,0
2026-03-17T14:19:18.750845+00:00,device-30,router,branch-newyork,51.13,56.96,4.28,0.1409,22.53,0.00163,37.7,healthy,0,0
2026-03-18T17:13:18.750845+00:00,device-48,switch,branch-newyork,25.15,43.11,29.68,0.0658,21.94,0.00227,38.6,healthy,0,0
2026-03-21T21:52:18.750845+00:00,device-10,router,datacenter-central,45.12,42.09,727.58,10.9556,34.47,0.24101,38.8,packet_loss,3,1
2026-03-21T22:53:18.750845+00:00,device-14,server,datacenter-east,43.58,58.57,2.45,0.1813,24.84,0.00234,43.4,healthy,0,0
2026-03-12T16:49:18.750845+00:00,device-42,switch,datacenter-west,47.11,50.17,15.9,0.2457,8.04,0.00343,48.4,healthy,0,0
2026-03-23T00:19:18.750845+00:00,device-13,switch,branch-newyork,16.67,19.02,4.52,0.0931,35.6,0.00236,49.8,healthy,0,0
2026-03-15T08:01:18.750845+00:00,device-07,load_balancer,datacenter-east,49.63,48.9,26.91,0.0317,12.48,0.00458,35.7,healthy,0,0
2026-03-16T21:45:18.750845+00:00,device-17,server,datacenter-central,31.85,58.29,38.75,0.1736,29.58,0.00063,32.0,healthy,0,0
2026-03-22T13:47:18.750845+00:00,device-13,router,branch-chicago,60.34,69.59,33.27,0.0573,15.76,0.00314,40.7,healthy,0,0
2026-03-22T16:27:18.750845+00:00,device-14,server,branch-losangeles,58.52,19.02,20.08,0.1104,6.17,0.00448,34.2,healthy,0,0
2026-03-22T01:52:18.750845+00:00,device-13,router,branch-newyork,71.75,67.22,591.25,22.2453,70.95,0.10607,57.3,bgp_flapping,4,1
2026-03-16T11:51:18.750845+00:00,device-44,switch,branch-chicago,32.06,53.8,19.91,0.1831,59.35,0.0035,41.6,healthy,0,0
2026-03-13T04:11:18.750845+00:00,device-04,switch,branch-newyork,6.31,65.36,26.66,0.1408,34.03,0.00153,45.6,healthy,0,0
2026-03-21T14:53:18.750845+00:00,device-05,firewall,datacenter-east,51.42,56.97,17.21,0.0579,64.57,0.00202,46.6,healthy,0,0
2026-03-18T21:23:18.750845+00:00,device-11,router,datacenter-central,14.23,54.25,10.59,0.2784,17.71,0.0004,47.7,healthy,0,0
2026-03-16T01:51:18.750845+00:00,device-20,router,branch-newyork,97.78,68.0,94.62,1.8745,84.58,0.03795,67.4,high_cpu,1,1
2026-03-21T13:07:18.750845+00:00,device-43,server,branch-losangeles,23.96,68.47,30.68,0.1399,5.73,0.00326,46.6,healthy,0,0
2026-03-16T08:11:18.750845+00:00,device-14,firewall,datacenter-east,21.23,36.53,21.74,0.1389,11.15,0.00279,45.1,healthy,0,0
2026-03-13T07:53:18.750845+00:00,device-10,router,branch-newyork,15.06,28.7,18.71,0.1977,63.96,0.00448,36.8,healthy,0,0
2026-03-16T03:15:18.750845+00:00,device-07,firewall,datacenter-west,48.98,16.57,5.02,0.0669,13.6,0.00195,43.3,healthy,0,0
2026-03-20T11:43:18.750845+00:00,device-07,firewall,datacenter-east,54.65,42.41,5.29,0.1989,48.24,0.00256,42.5,healthy,0,0
2026-03-16T06:05:18.750845+00:00,device-30,server,branch-chicago,48.12,64.88,30.03,0.0259,39.09,0.0005,46.7,healthy,0,0
2026-03-22T02:33:18.750845+00:00,device-33,server,datacenter-west,41.87,54.28,32.99,0.2105,53.49,0.00034,43.8,healthy,0,0
2026-03-19T21:41:18.750845+00:00,device-10,firewall,branch-chicago,51.51,44.02,35.27,0.1821,7.03,0.00314,36.4,healthy,0,0
2026-03-14T06:29:18.750845+00:00,device-39,server,datacenter-west,41.15,63.02,27.29,0.0119,26.32,0.00094,43.4,healthy,0,0
2026-03-18T22:11:18.750845+00:00,device-22,load_balancer,branch-losangeles,48.74,25.79,8.16,0.1718,23.96,0.00355,44.8,healthy,0,0
2026-03-18T09:19:18.750845+00:00,device-11,load_balancer,branch-chicago,35.02,53.19,17.04,0.1524,64.71,0.0036,36.6,healthy,0,0
2026-03-13T10:49:18.750845+00:00,device-23,server,datacenter-east,26.03,14.55,43.4,0.1252,27.2,0.00031,33.1,healthy,0,0
2026-03-16T19:39:18.750845+00:00,device-28,router,datacenter-east,87.86,68.83,700.3,22.973,81.05,0.28963,56.1,bgp_flapping,4,1
2026-03-12T12:41:18.750845+00:00,device-20,router,datacenter-east,6.38,35.5,38.15,0.0538,7.86,0.00029,47.0,healthy,0,0
2026-03-18T01:09:18.750845+00:00,device-50,switch,datacenter-east,23.5,47.08,991.07,17.4662,56.96,0.28878,44.7,packet_loss,3,1
2026-03-14T12:51:18.750845+00:00,device-05,firewall,branch-newyork,31.85,17.57,10.42,0.2584,53.66,0.00116,35.8,healthy,0,0
2026-03-21T23:59:18.750845+00:00,device-42,router,branch-chicago,73.55,75.05,703.38,31.3892,78.46,0.18757,68.1,bgp_flapping,4,1
2026-03-13T20:25:18.750845+00:00,device-45,switch,branch-newyork,55.53,48.74,22.98,0.1908,45.22,0.00178,41.0,healthy,0,0
2026-03-22T14:03:18.750845+00:00,device-43,switch,datacenter-central,33.23,14.16,24.69,0.1052,34.17,0.0015,39.3,healthy,0,0
2026-03-15T18:15:18.750845+00:00,device-35,switch,branch-newyork,59.99,12.71,43.36,0.2299,42.13,0.00373,45.7,healthy,0,0
2026-03-19T11:24:18.750845+00:00,device-32,router,datacenter-central,78.16,64.74,1016.02,33.3226,74.2,0.46588,72.3,bgp_flapping,4,1
2026-03-23T17:42:18.750845+00:00,device-22,switch,datacenter-east,70.85,88.68,215.4,7.0124,62.52,0.06461,63.4,memory_exhaustion,2,1
2026-03-15T04:23:18.750845+00:00,device-17,switch,datacenter-central,49.93,41.66,10.12,0.0862,34.73,0.00427,47.4,healthy,0,0
2026-03-16T00:13:18.750845+00:00,device-43,switch,branch-chicago,6.9,29.89,40.68,0.2781,24.17,0.00192,34.1,healthy,0,0
2026-03-25T02:15:18.750845+00:00,device-38,router,branch-losangeles,83.3,66.97,1084.48,29.3706,83.72,0.28794,68.1,bgp_flapping,4,1
2026-03-22T15:45:18.750845+00:00,device-24,server,datacenter-west,21.54,22.64,25.03,0.1477,37.85,0.00053,33.4,healthy,0,0
2026-03-15T19:55:18.750845+00:00,device-29,switch,branch-newyork,20.94,33.19,42.16,0.2802,14.59,0.00124,34.8,healthy,0,0
2026-03-15T16:47:18.750845+00:00,device-46,switch,datacenter-east,48.14,35.64,35.36,0.2615,36.7,0.0018,43.1,healthy,0,0
2026-03-22T10:05:18.750845+00:00,device-36,load_balancer,datacenter-east,42.9,54.75,42.11,0.004,27.16,0.00305,37.4,healthy,0,0
2026-03-12T10:33:18.750845+00:00,device-20,firewall,branch-newyork,54.36,54.96,21.17,0.1238,52.82,0.00413,33.4,healthy,0,0
2026-03-20T01:15:18.750845+00:00,device-14,server,datacenter-central,7.79,55.46,32.99,0.2782,49.14,0.00185,30.1,healthy,0,0
2026-03-18T02:25:18.750845+00:00,device-49,load_balancer,branch-losangeles,32.76,42.34,19.72,0.1852,23.56,0.00252,49.1,healthy,0,0
2026-03-16T02:51:18.750845+00:00,device-05,router,datacenter-east,31.32,26.25,30.05,0.1974,9.29,0.00391,45.0,healthy,0,0
2026-03-17T13:47:18.750845+00:00,device-13,load_balancer,datacenter-central,59.41,58.53,26.05,0.2053,17.35,0.0048,41.9,healthy,0,0
2026-03-14T00:03:18.750845+00:00,device-22,router,datacenter-east,47.66,69.82,17.69,0.025,30.32,0.00137,41.0,healthy,0,0
2026-03-20T09:35:18.750845+00:00,device-30,switch,datacenter-west,61.52,49.24,36.35,0.157,58.69,0.00415,45.9,healthy,0,0
2026-03-12T14:43:18.750845+00:00,device-13,switch,datacenter-east,62.41,43.13,36.37,0.1809,35.54,0.00063,39.8,healthy,0,0
2026-03-17T08:31:18.750845+00:00,device-04,server,branch-chicago,43.44,46.27,14.61,0.0086,24.62,0.00368,41.6,healthy,0,0
2026-03-18T06:13:18.750845+00:00,device-44,switch,branch-losangeles,21.59,44.18,36.7,0.2919,7.68,0.00469,47.8,healthy,0,0
2026-03-18T03:09:18.750845+00:00,device-15,router,branch-losangeles,46.35,61.43,34.17,0.1258,8.73,0.00403,37.5,healthy,0,0
2026-03-16T23:36:18.750845+00:00,device-31,server,branch-losangeles,93.96,68.26,156.54,2.3411,86.51,0.04083,64.6,high_cpu,1,1
2026-03-13T06:33:18.750845+00:00,device-14,router,branch-losangeles,14.86,33.68,40.48,0.121,18.04,0.00098,34.6,healthy,0,0
2026-03-21T15:49:18.750845+00:00,device-42,router,datacenter-east,97.52,79.71,143.85,0.6312,84.32,0.01695,78.3,high_cpu,1,1
2026-03-21T19:25:18.750845+00:00,device-08,router,branch-losangeles,29.36,18.17,18.91,0.1834,5.64,0.00164,43.7,healthy,0,0
2026-03-17T16:53:18.750845+00:00,device-36,load_balancer,datacenter-east,26.8,17.57,20.54,0.2594,19.5,0.0039,33.7,healthy,0,0
2026-03-22T06:43:18.750845+00:00,device-44,load_balancer,branch-losangeles,33.66,63.11,23.54,0.1177,24.05,0.00098,39.3,healthy,0,0
2026-03-20T15:53:18.750845+00:00,device-47,firewall,datacenter-central,21.28,50.36,11.24,0.2133,60.43,0.00416,43.7,healthy,0,0
2026-03-15T02:23:18.750845+00:00,device-14,firewall,branch-newyork,13.79,58.83,25.07,0.1166,28.92,0.00338,30.2,healthy,0,0
2026-03-14T18:11:18.750845+00:00,device-30,router,branch-newyork,14.84,44.63,29.42,0.1016,39.17,0.00032,35.3,healthy,0,0
2026-03-20T05:13:18.750845+00:00,device-38,switch,datacenter-west,42.84,63.44,32.36,0.0341,22.2,0.0017,32.5,healthy,0,0
2026-03-15T03:59:18.750845+00:00,device-26,firewall,branch-chicago,18.87,49.55,40.48,0.1165,13.41,0.00451,39.2,healthy,0,0
2026-03-21T11:59:18.750845+00:00,device-24,router,branch-chicago,17.18,45.35,43.86,0.1066,56.8,0.00313,36.7,healthy,0,0
2026-03-13T20:53:18.750845+00:00,device-28,switch,datacenter-west,58.6,29.51,9.98,0.0926,39.78,0.0025,34.4,healthy,0,0
2026-03-16T23:51:18.750845+00:00,device-08,switch,datacenter-east,60.36,46.85,2.85,0.2825,41.54,0.00474,31.7,healthy,0,0
2026-03-21T20:03:18.750845+00:00,device-15,server,branch-chicago,38.72,55.35,39.25,0.129,44.69,0.00102,34.9,healthy,0,0
2026-03-13T15:47:18.750845+00:00,device-05,switch,branch-losangeles,21.62,38.47,3.73,0.2543,40.81,0.00174,47.9,healthy,0,0
2026-03-13T06:22:18.750845+00:00,device-50,firewall,branch-newyork,95.47,86.37,1728.91,48.2433,96.13,0.30321,68.0,ddos_attack,5,1
2026-03-12T08:33:18.750845+00:00,device-26,server,branch-losangeles,63.41,31.02,4.79,0.146,58.32,0.00164,42.2,healthy,0,0
2026-03-20T00:07:18.750845+00:00,device-01,router,branch-chicago,48.6,39.62,27.22,0.0012,11.84,0.00419,37.6,healthy,0,0
2026-03-19T04:39:18.750845+00:00,device-35,firewall,datacenter-west,55.26,62.0,13.11,0.1629,62.71,0.0019,42.3,healthy,0,0
2026-03-18T14:27:18.750845+00:00,device-17,router,datacenter-west,94.29,68.9,194.47,2.1993,85.14,0.03703,76.5,high_cpu,1,1
2026-03-19T19:47:18.750845+00:00,device-47,firewall,datacenter-west,97.32,89.86,1648.56,58.0643,98.25,0.72017,81.5,ddos_attack,5,1
2026-03-15T23:01:18.750845+00:00,device-40,switch,branch-losangeles,7.95,68.84,32.18,0.1228,49.92,0.00337,39.9,healthy,0,0
2026-03-14T03:23:18.750845+00:00,device-32,switch,datacenter-west,27.29,47.41,5.82,0.1813,39.89,0.00016,37.3,healthy,0,0
2026-03-21T21:57:18.750845+00:00,device-09,load_balancer,branch-newyork,60.07,60.65,2.57,0.0813,28.74,0.00455,46.2,healthy,0,0
2026-03-21T12:53:18.750845+00:00,device-05,switch,datacenter-east,41.56,31.35,1386.74,15.0195,37.34,0.24648,42.9,packet_loss,3,1
2026-03-15T07:11:18.750845+00:00,device-24,switch,datacenter-central,15.5,21.18,16.17,0.2688,22.49,0.00069,31.4,healthy,0,0
2026-03-22T10:17:18.750845+00:00,device-38,switch,branch-newyork,58.17,41.59,26.35,0.0904,27.65,0.00454,44.3,healthy,0,0
2026-03-20T22:03:18.750845+00:00,device-50,router,branch-losangeles,20.11,40.24,22.84,0.1439,51.07,0.00227,47.1,healthy,0,0
2026-03-21T18:12:18.750845+00:00,device-11,switch,branch-losangeles,57.33,89.03,268.52,7.2551,76.22,0.03567,73.7,memory_exhaustion,2,1
2026-03-15T03:57:18.750845+00:00,device-39,switch,datacenter-east,52.49,65.24,21.86,0.0959,42.13,0.00389,37.8,healthy,0,0
2026-03-23T02:51:18.750845+00:00,device-40,router,datacenter-central,34.35,59.65,27.72,0.1739,54.76,0.00479,49.2,healthy,0,0
2026-03-18T02:49:18.750845+00:00,device-03,server,branch-newyork,52.91,10.85,36.06,0.2042,35.5,0.00328,31.2,healthy,0,0
2026-03-18T22:09:18.750845+00:00,device-13,switch,branch-losangeles,62.31,65.41,44.82,0.1152,49.91,0.00298,30.7,healthy,0,0
2026-03-14T10:23:18.750845+00:00,device-44,firewall,datacenter-central,33.95,42.33,42.44,0.0223,58.67,0.00038,36.2,healthy,0,0
2026-03-18T15:55:18.750845+00:00,device-23,load_balancer,branch-chicago,49.24,36.37,27.84,0.2857,60.48,0.00465,42.7,healthy,0,0
2026-03-24T01:26:18.750845+00:00,device-18,switch,datacenter-west,22.58,31.93,1322.76,39.2393,30.85,0.18465,35.3,packet_loss,3,1
2026-03-14T06:03:18.750845+00:00,device-40,router,branch-losangeles,43.14,27.03,978.29,23.5905,39.58,0.27058,38.1,packet_loss,3,1
2026-03-19T14:29:18.750845+00:00,device-20,router,branch-chicago,31.74,66.52,34.55,0.2763,20.33,0.0,35.7,healthy,0,0
2026-03-22T23:39:18.750845+00:00,device-37,switch,branch-losangeles,44.16,33.89,10.36,0.0084,21.16,0.00164,30.6,healthy,0,0
2026-03-15T02:47:18.750845+00:00,device-14,switch,branch-chicago,5.6,46.8,15.93,0.163,29.24,0.00488,30.8,healthy,0,0
2026-03-22T15:22:18.750845+00:00,device-29,router,datacenter-west,73.57,66.4,2455.76,31.0426,88.45,0.41137,74.0,bgp_flapping,4,1
2026-03-14T14:57:18.750845+00:00,device-25,server,branch-losangeles,22.9,16.92,11.89,0.2735,37.5,0.00462,45.2,healthy,0,0
2026-03-14T10:33:18.750845+00:00,device-50,load_balancer,branch-losangeles,63.46,52.97,42.96,0.267,15.51,0.00276,36.8,healthy,0,0
2026-03-15T06:51:18.750845+00:00,device-04,switch,datacenter-central,31.91,43.4,31.35,0.1174,39.94,0.00159,44.7,healthy,0,0
2026-03-13T19:39:18.750845+00:00,device-29,router,branch-chicago,21.17,21.19,1023.89,28.5386,36.4,0.06504,39.9,packet_loss,3,1
2026-03-19T06:15:18.750845+00:00,device-50,load_balancer,datacenter-west,52.21,38.03,34.72,0.1766,12.36,0.00192,40.5,healthy,0,0
2026-03-14T14:47:18.750845+00:00,device-45,switch,branch-chicago,11.08,49.22,32.98,0.2884,56.16,0.00301,41.1,healthy,0,0
2026-03-12T05:47:18.750845+00:00,device-20,firewall,datacenter-west,46.73,15.82,16.91,0.0447,56.37,0.00157,31.3,healthy,0,0
2026-03-14T16:45:18.750845+00:00,device-41,load_balancer,branch-chicago,7.94,31.53,32.78,0.2374,27.0,0.0003,30.7,healthy,0,0
2026-03-20T05:23:18.750845+00:00,device-08,firewall,branch-chicago,24.19,26.24,23.87,0.1515,54.03,0.0007,46.1,healthy,0,0
2026-03-12T13:57:18.750845+00:00,device-34,firewall,branch-newyork,56.54,30.11,7.33,0.2132,52.34,0.00066,48.6,healthy,0,0
2026-03-12T02:27:18.750845+00:00,device-09,server,datacenter-central,50.96,24.94,1.22,0.2833,49.3,0.00302,46.1,healthy,0,0
2026-03-12T16:43:18.750845+00:00,device-17,switch,datacenter-west,45.79,49.33,42.74,0.1605,13.29,0.00178,34.9,healthy,0,0
2026-03-17T22:46:18.750845+00:00,device-17,router,branch-newyork,21.68,44.2,1694.53,14.1653,52.07,0.21369,51.0,packet_loss,3,1
2026-03-13T11:45:18.750845+00:00,device-19,switch,datacenter-west,27.65,19.07,26.94,0.0941,56.74,0.001,45.3,healthy,0,0
2026-03-18T08:05:18.750845+00:00,device-30,server,datacenter-west,5.31,16.79,18.08,0.0658,15.52,0.00072,35.7,healthy,0,0
2026-03-19T08:59:18.750845+00:00,device-33,firewall,datacenter-central,15.37,50.58,1.89,0.1146,64.51,0.00034,49.6,healthy,0,0
2026-03-20T23:03:18.750845+00:00,device-25,router,branch-newyork,53.72,41.85,40.76,0.0533,53.81,0.00418,36.0,healthy,0,0
2026-03-18T17:21:18.750845+00:00,device-38,switch,branch-losangeles,16.53,11.17,10.46,0.2804,45.61,0.00354,45.3,healthy,0,0
2026-03-12T11:07:18.750845+00:00,device-31,server,branch-losangeles,61.02,61.71,22.91,0.2346,12.88,0.00421,40.4,healthy,0,0
2026-03-17T10:39:18.750845+00:00,device-08,switch,datacenter-west,11.0,19.32,36.88,0.0368,58.73,0.00134,48.0,healthy,0,0
2026-03-17T21:41:18.750845+00:00,device-28,firewall,branch-newyork,31.43,49.36,9.79,0.166,34.87,0.00132,37.2,healthy,0,0
2026-03-19T11:39:18.750845+00:00,device-07,router,branch-chicago,22.88,60.75,44.57,0.1431,32.34,0.00459,35.4,healthy,0,0
2026-03-19T01:25:18.750845+00:00,device-17,server,datacenter-west,59.25,55.66,7.5,0.2165,28.2,0.00264,42.5,healthy,0,0
2026-03-16T16:25:18.750845+00:00,device-41,load_balancer,datacenter-east,90.37,86.34,2067.85,25.4906,95.1,0.65257,80.5,ddos_attack,5,1
2026-03-21T10:53:18.750845+00:00,device-44,router,branch-losangeles,27.73,53.9,7.46,0.2451,54.6,0.00074,33.1,healthy,0,0
2026-03-21T11:26:18.750845+00:00,device-10,router,branch-chicago,88.06,73.14,2987.8,33.7069,81.36,0.26018,72.4,bgp_flapping,4,1
2026-03-20T09:21:18.750845+00:00,device-32,server,datacenter-central,61.84,12.86,32.98,0.2897,20.5,0.00342,39.3,healthy,0,0
2026-03-17T10:59:18.750845+00:00,device-17,server,datacenter-east,61.81,24.08,7.45,0.1438,17.43,0.00428,48.7,healthy,0,0
2026-03-19T06:08:18.750845+00:00,device-20,router,branch-losangeles,92.11,78.5,214.59,1.0653,70.82,0.03949,67.1,high_cpu,1,1
2026-03-18T20:47:18.750845+00:00,device-11,server,datacenter-central,36.29,48.51,4.27,0.2418,43.05,0.00384,32.9,healthy,0,0
2026-03-14T07:31:18.750845+00:00,device-23,switch,datacenter-west,29.38,40.22,1774.2,23.1012,51.15,0.20429,43.6,packet_loss,3,1
2026-03-15T02:43:18.750845+00:00,device-32,firewall,datacenter-east,40.77,20.84,24.17,0.0596,10.57,0.00024,46.1,healthy,0,0
2026-03-12T22:49:18.750845+00:00,device-17,switch,branch-newyork,57.29,62.43,15.6,0.024,48.56,0.00256,31.2,healthy,0,0
2026-03-20T07:09:18.750845+00:00,device-34,server,datacenter-west,7.88,64.67,21.88,0.2696,58.44,0.00424,35.6,healthy,0,0
2026-03-20T08:25:18.750845+00:00,device-17,firewall,branch-losangeles,17.67,64.34,35.3,0.2935,53.26,0.00395,34.8,healthy,0,0
2026-03-17T02:33:18.750845+00:00,device-37,router,branch-chicago,14.39,15.33,22.22,0.0399,49.47,0.00225,39.1,healthy,0,0
2026-03-14T09:53:18.750845+00:00,device-05,router,datacenter-west,8.6,54.16,8.07,0.0869,13.1,0.00173,48.8,healthy,0,0
2026-03-22T16:03:18.750845+00:00,device-04,router,branch-chicago,24.52,50.01,27.78,0.1426,28.83,0.00222,34.9,healthy,0,0
2026-03-21T21:25:18.750845+00:00,device-15,router,datacenter-east,28.62,11.95,12.24,0.253,18.57,0.00226,42.8,healthy,0,0
2026-03-20T20:45:18.750845+00:00,device-26,server,branch-newyork,29.79,42.47,32.38,0.0901,22.02,0.00036,39.1,healthy,0,0
2026-03-16T03:35:18.750845+00:00,device-26,switch,branch-chicago,16.37,41.05,1.16,0.0167,39.5,0.00463,30.6,healthy,0,0
2026-03-19T22:46:18.750845+00:00,device-40,server,datacenter-central,92.64,67.69,241.18,0.6726,85.72,0.03024,69.7,high_cpu,1,1
2026-03-20T08:33:18.750845+00:00,device-31,router,datacenter-central,54.0,21.19,25.0,0.281,52.89,0.00095,40.1,healthy,0,0
2026-03-25T05:10:18.750845+00:00,device-38,server,branch-newyork,69.35,89.68,253.28,6.8313,60.39,0.05647,62.9,memory_exhaustion,2,1
2026-03-17T00:31:18.750845+00:00,device-42,router,branch-chicago,25.64,30.81,6.66,0.0043,20.63,0.00039,47.9,healthy,0,0
2026-03-14T03:09:18.750845+00:00,device-33,firewall,branch-newyork,58.0,66.62,24.64,0.027,42.65,0.00251,49.7,healthy,0,0
2026-03-23T22:39:18.750845+00:00,device-28,router,branch-newyork,94.55,84.46,134.05,1.88,75.72,0.04333,78.5,high_cpu,1,1
2026-03-21T17:57:18.750845+00:00,device-01,load_balancer,datacenter-west,8.07,19.22,34.53,0.1433,48.13,0.00308,42.3,healthy,0,0
2026-03-23T03:41:18.750845+00:00,device-12,router,branch-chicago,30.69,56.44,16.74,0.2964,48.56,0.00337,45.9,healthy,0,0
2026-03-14T15:17:18.750845+00:00,device-42,load_balancer,datacenter-west,19.27,11.58,24.33,0.1542,11.47,0.00287,44.4,healthy,0,0
2026-03-15T17:11:18.750845+00:00,device-42,router,datacenter-east,14.89,20.97,24.2,0.272,16.95,0.00331,47.7,healthy,0,0
2026-03-16T22:49:18.750845+00:00,device-20,server,datacenter-central,54.46,23.83,10.93,0.2123,24.25,0.00054,38.4,healthy,0,0
2026-03-22T20:17:18.750845+00:00,device-38,switch,branch-losangeles,31.54,25.18,2.36,0.0427,52.55,0.00376,45.2,healthy,0,0
2026-03-18T11:55:18.750845+00:00,device-26,load_balancer,datacenter-central,62.56,30.91,39.92,0.0062,43.15,0.00415,41.3,healthy,0,0
2026-03-15T05:13:18.750845+00:00,device-02,router,datacenter-west,44.84,66.39,6.37,0.15,41.38,0.00232,38.5,healthy,0,0
2026-03-15T12:33:18.750845+00:00,device-03,server,datacenter-west,28.47,43.13,31.08,0.2372,15.4,0.00446,48.2,healthy,0,0
2026-03-24T02:11:18.750845+00:00,device-22,firewall,branch-losangeles,98.63,90.1,1003.71,42.7499,99.99,0.42937,82.1,ddos_attack,5,1
2026-03-14T07:01:18.750845+00:00,device-25,switch,branch-newyork,34.52,42.13,4.4,0.0791,21.62,0.00379,30.4,healthy,0,0
2026-03-12T08:43:18.750845+00:00,device-26,firewall,datacenter-east,34.14,11.39,1.11,0.1564,26.49,0.00213,44.1,healthy,0,0
2026-03-22T17:44:18.750845+00:00,device-09,switch,datacenter-central,22.75,34.88,1788.65,21.4998,34.03,0.27963,47.9,packet_loss,3,1
2026-03-14T19:08:18.750845+00:00,device-04,router,branch-newyork,35.32,51.24,1795.18,12.4778,50.23,0.16713,44.4,packet_loss,3,1
2026-03-20T19:15:18.750845+00:00,device-32,router,branch-chicago,9.83,29.97,1.16,0.1634,19.65,0.00244,47.3,healthy,0,0
2026-03-20T06:59:18.750845+00:00,device-29,server,datacenter-central,62.92,32.47,43.76,0.2251,20.84,0.003,33.4,healthy,0,0
2026-03-12T07:15:18.750845+00:00,device-17,router,branch-newyork,73.28,88.31,992.16,32.4177,65.83,0.42205,56.9,bgp_flapping,4,1
2026-03-19T06:03:18.750845+00:00,device-35,router,datacenter-west,13.15,14.14,4.76,0.0724,53.25,0.00192,35.1,healthy,0,0
2026-03-24T12:57:18.750845+00:00,device-10,switch,branch-losangeles,52.94,93.85,156.59,1.8939,64.02,0.03399,65.0,memory_exhaustion,2,1
2026-03-13T05:19:18.750845+00:00,device-08,router,datacenter-east,40.34,25.62,22.17,0.0972,52.15,0.00415,45.9,healthy,0,0
2026-03-15T20:28:18.750845+00:00,device-34,router,datacenter-west,74.12,69.08,2164.14,27.0216,83.09,0.27759,61.7,bgp_flapping,4,1
2026-03-20T07:08:18.750845+00:00,device-47,router,datacenter-west,32.61,26.84,332.21,29.679,60.15,0.24553,39.9,packet_loss,3,1
2026-03-12T04:05:18.750845+00:00,device-10,server,datacenter-central,11.72,57.45,7.02,0.1705,23.14,0.00479,49.5,healthy,0,0
2026-03-13T05:46:18.750845+00:00,device-41,router,branch-newyork,29.02,35.34,1599.38,10.2596,37.19,0.09263,39.8,packet_loss,3,1
2026-03-15T02:33:18.750845+00:00,device-15,switch,branch-losangeles,47.12,54.97,20.51,0.1761,46.68,0.00432,33.1,healthy,0,0
2026-03-14T02:49:18.750845+00:00,device-10,load_balancer,datacenter-west,8.1,42.83,9.57,0.2167,15.68,0.00075,47.7,healthy,0,0
2026-03-16T21:13:18.750845+00:00,device-20,router,datacenter-west,82.71,67.96,879.56,31.8135,67.05,0.21187,59.2,bgp_flapping,4,1
2026-03-20T04:13:18.750845+00:00,device-14,switch,datacenter-west,47.38,53.37,9.99,0.0705,54.09,0.00331,41.2,healthy,0,0
2026-03-16T05:50:18.750845+00:00,device-40,load_balancer,branch-newyork,92.07,95.29,3224.75,58.138,99.96,0.55063,65.4,ddos_attack,5,1
2026-03-19T04:25:18.750845+00:00,device-04,server,datacenter-central,8.02,21.98,44.19,0.1292,11.12,0.00257,31.8,healthy,0,0
2026-03-22T02:45:18.750845+00:00,device-44,server,branch-chicago,13.66,31.95,22.26,0.1556,21.28,0.00387,49.3,healthy,0,0
2026-03-23T02:29:18.750845+00:00,device-15,firewall,datacenter-east,30.54,42.91,39.24,0.1024,37.11,0.00317,39.0,healthy,0,0
2026-03-20T23:07:18.750845+00:00,device-01,router,datacenter-east,9.04,39.8,27.66,0.0683,28.5,0.00054,37.6,healthy,0,0
2026-03-17T16:15:18.750845+00:00,device-03,router,datacenter-east,54.71,34.79,1.87,0.2811,48.26,0.0032,49.1,healthy,0,0
2026-03-12T23:25:18.750845+00:00,device-12,firewall,datacenter-west,32.47,39.03,40.84,0.1292,36.12,0.00037,33.8,healthy,0,0
2026-03-18T13:02:18.750845+00:00,device-27,server,branch-newyork,91.51,71.67,160.18,2.1651,87.18,0.0207,79.6,high_cpu,1,1
2026-03-22T02:19:18.750845+00:00,device-02,load_balancer,branch-chicago,9.79,32.37,35.05,0.1543,33.94,0.00094,34.2,healthy,0,0
2026-03-19T02:39:18.750845+00:00,device-47,router,datacenter-west,57.74,44.76,28.28,0.2671,8.02,0.00469,47.5,healthy,0,0
2026-03-16T16:01:18.750845+00:00,device-01,switch,datacenter-west,10.64,14.64,42.48,0.0419,52.7,0.00188,47.4,healthy,0,0
2026-03-16T04:31:18.750845+00:00,device-06,router,branch-losangeles,31.31,61.33,27.33,0.2702,23.29,0.00393,37.8,healthy,0,0
2026-03-14T10:09:18.750845+00:00,device-43,load_balancer,datacenter-west,8.55,25.54,24.69,0.0942,8.94,0.00173,46.0,healthy,0,0
2026-03-20T11:37:18.750845+00:00,device-04,load_balancer,branch-chicago,30.95,39.14,16.11,0.013,28.5,0.00052,46.4,healthy,0,0
2026-03-15T20:57:18.750845+00:00,device-38,server,branch-chicago,61.03,27.44,28.76,0.2052,18.0,0.00282,35.8,healthy,0,0
2026-03-19T08:45:18.750845+00:00,device-32,firewall,datacenter-east,37.22,19.67,27.44,0.2131,9.22,0.00276,34.0,healthy,0,0
2026-03-19T16:17:18.750845+00:00,device-33,server,datacenter-central,18.55,56.0,24.49,0.0574,47.38,0.0024,32.9,healthy,0,0
2026-03-12T12:12:18.750845+00:00,device-46,load_balancer,datacenter-central,90.95,96.23,1155.55,28.3967,95.73,0.61754,80.5,ddos_attack,5,1
2026-03-12T06:59:18.750845+00:00,device-23,load_balancer,branch-chicago,63.33,46.14,9.26,0.1134,32.9,0.0016,32.9,healthy,0,0
2026-03-23T05:52:18.750845+00:00,device-43,server,branch-newyork,67.15,93.69,161.81,3.911,69.9,0.03115,58.5,memory_exhaustion,2,1
2026-03-17T16:41:18.750845+00:00,device-26,firewall,branch-chicago,24.02,47.44,29.8,0.2338,20.97,0.00195,39.8,healthy,0,0
2026-03-20T13:15:18.750845+00:00,device-42,load_balancer,branch-losangeles,32.1,44.47,27.58,0.2824,41.66,0.00098,31.7,healthy,0,0
2026-03-15T12:49:18.750845+00:00,device-21,server,branch-newyork,48.07,50.98,28.73,0.0812,14.54,0.00344,37.6,healthy,0,0
2026-03-19T16:43:18.750845+00:00,device-09,load_balancer,branch-losangeles,14.48,19.54,18.86,0.1397,56.64,0.00458,41.4,healthy,0,0
2026-03-20T10:51:18.750845+00:00,device-15,switch,branch-newyork,39.35,20.56,36.84,0.0986,62.2,0.00074,31.9,healthy,0,0
2026-03-16T12:37:18.750845+00:00,device-14,router,branch-losangeles,13.29,24.57,31.08,0.1181,13.55,0.00427,39.2,healthy,0,0
2026-03-17T01:52:18.750845+00:00,device-04,router,branch-losangeles,75.3,71.65,1387.04,15.3212,72.01,0.43854,68.3,bgp_flapping,4,1
2026-03-15T18:51:18.750845+00:00,device-19,firewall,branch-chicago,14.88,23.87,26.24,0.097,38.95,0.00247,36.6,healthy,0,0
2026-03-21T13:59:18.750845+00:00,device-39,switch,datacenter-east,29.91,42.19,1994.21,10.7452,46.99,0.27443,36.4,packet_loss,3,1
2026-03-16T23:18:18.750845+00:00,device-23,switch,datacenter-central,46.24,91.45,401.57,2.051,73.84,0.09915,59.1,memory_exhaustion,2,1
2026-03-14T10:45:18.750845+00:00,device-10,server,branch-newyork,50.19,47.55,8.43,0.2798,50.27,0.00251,45.9,healthy,0,0
2026-03-19T21:23:18.750845+00:00,device-42,router,datacenter-west,28.01,17.8,26.7,0.0463,48.27,0.00334,31.6,healthy,0,0
2026-03-21T01:17:18.750845+00:00,device-20,firewall,branch-chicago,36.35,36.78,23.66,0.1423,36.59,0.00021,31.9,healthy,0,0
2026-03-21T00:07:18.750845+00:00,device-24,server,datacenter-east,40.78,31.35,29.98,0.026,60.52,0.00142,46.5,healthy,0,0
2026-03-21T03:51:18.750845+00:00,device-37,router,datacenter-west,46.74,25.37,4.41,0.035,49.7,0.00191,41.2,healthy,0,0
2026-03-12T11:21:18.750845+00:00,device-16,load_balancer,datacenter-central,63.0,40.89,28.68,0.0222,61.17,0.00406,37.4,healthy,0,0
2026-03-13T04:01:18.750845+00:00,device-49,router,datacenter-west,40.52,42.69,38.73,0.1949,39.53,0.0036,42.3,healthy,0,0
2026-03-20T07:17:18.750845+00:00,device-08,load_balancer,datacenter-west,16.2,19.13,18.93,0.2882,40.81,0.00377,49.6,healthy,0,0
2026-03-18T22:54:18.750845+00:00,device-19,server,branch-losangeles,91.28,71.48,138.7,0.5874,78.09,0.01246,77.9,high_cpu,1,1
2026-03-19T01:05:18.750845+00:00,device-02,server,branch-newyork,49.06,36.8,8.98,0.0376,18.56,0.00476,40.9,healthy,0,0
2026-03-21T06:49:18.750845+00:00,device-21,switch,datacenter-west,14.03,42.39,25.46,0.1134,54.82,0.00228,40.7,healthy,0,0
2026-03-16T10:05:18.750845+00:00,device-13,switch,datacenter-central,36.1,34.12,6.17,0.052,13.56,0.00237,36.2,healthy,0,0
2026-03-18T20:39:18.750845+00:00,device-34,switch,datacenter-central,53.61,69.63,43.09,0.1951,16.78,0.00036,48.7,healthy,0,0
2026-03-22T17:35:18.750845+00:00,device-08,switch,branch-newyork,36.76,11.14,39.09,0.2976,21.99,0.00463,45.1,healthy,0,0
2026-03-17T10:47:18.750845+00:00,device-44,load_balancer,branch-losangeles,53.97,10.96,7.2,0.2173,63.15,0.00412,40.7,healthy,0,0
2026-03-14T04:53:18.750845+00:00,device-06,load_balancer,branch-losangeles,51.05,27.61,42.56,0.0104,60.6,0.00378,33.4,healthy,0,0
2026-03-17T04:57:18.750845+00:00,device-23,switch,datacenter-central,48.06,36.63,14.1,0.2145,35.86,0.0,46.1,healthy,0,0
2026-03-17T12:35:18.750845+00:00,device-46,server,branch-chicago,13.39,63.1,28.72,0.2124,53.06,0.00458,45.9,healthy,0,0
2026-03-22T07:01:18.750845+00:00,device-45,router,branch-newyork,7.29,61.4,22.43,0.2471,47.86,0.00122,35.8,healthy,0,0
2026-03-18T08:07:18.750845+00:00,device-40,firewall,datacenter-west,38.33,60.15,13.9,0.119,9.38,0.00089,32.3,healthy,0,0
2026-03-13T03:36:18.750845+00:00,device-29,server,branch-losangeles,44.27,91.05,118.92,2.3958,54.19,0.06561,57.9,memory_exhaustion,2,1
2026-03-13T09:51:18.750845+00:00,device-44,load_balancer,branch-newyork,55.49,47.66,6.73,0.0693,38.27,0.00198,49.3,healthy,0,0
2026-03-15T10:31:18.750845+00:00,device-28,switch,branch-chicago,39.32,27.34,39.61,0.274,17.11,0.00028,33.4,healthy,0,0
2026-03-17T06:27:18.750845+00:00,device-35,load_balancer,branch-chicago,38.09,11.39,7.5,0.1189,42.8,0.00082,39.9,healthy,0,0
2026-03-19T23:59:18.750845+00:00,device-18,server,datacenter-west,56.39,10.85,1.49,0.0664,52.0,0.00068,37.2,healthy,0,0
2026-03-18T12:51:18.750845+00:00,device-45,server,branch-newyork,60.91,19.11,34.79,0.2799,28.43,0.00332,43.6,healthy,0,0
2026-03-18T23:53:18.750845+00:00,device-34,load_balancer,datacenter-west,54.64,48.64,4.92,0.2586,13.89,0.00121,45.3,healthy,0,0
2026-03-22T10:03:18.750845+00:00,device-21,firewall,datacenter-east,37.36,32.78,42.57,0.0022,54.79,0.00347,43.6,healthy,0,0
2026-03-12T22:43:18.750845+00:00,device-48,server,datacenter-central,57.02,18.12,41.26,0.0442,10.57,0.00319,48.3,healthy,0,0
2026-03-15T12:59:18.750845+00:00,device-11,load_balancer,datacenter-central,35.39,48.11,43.15,0.177,12.52,0.0045,41.6,healthy,0,0
2026-03-12T06:29:18.750845+00:00,device-25,load_balancer,branch-losangeles,30.91,12.54,44.28,0.0885,33.82,0.0022,34.3,healthy,0,0
2026-03-22T03:49:18.750845+00:00,device-22,load_balancer,branch-losangeles,6.14,68.56,32.56,0.0358,10.73,0.00144,31.5,healthy,0,0
2026-03-14T23:37:18.750845+00:00,device-15,router,datacenter-central,43.5,27.8,595.76,11.1371,52.68,0.05078,48.5,packet_loss,3,1
2026-03-12T23:45:18.750845+00:00,device-16,server,branch-losangeles,54.77,96.9,426.18,5.584,61.94,0.08737,59.5,memory_exhaustion,2,1
2026-03-18T12:19:18.750845+00:00,device-30,switch,branch-newyork,37.28,39.3,8.6,0.0108,36.35,0.00077,40.7,healthy,0,0
2026-03-13T08:05:18.750845+00:00,device-19,server,datacenter-central,66.64,97.95,144.88,6.639,68.28,0.02437,57.0,memory_exhaustion,2,1
2026-03-20T11:31:18.750845+00:00,device-23,switch,datacenter-east,21.12,29.5,37.0,0.0744,39.73,0.0013,43.9,healthy,0,0
2026-03-15T01:29:18.750845+00:00,device-21,router,branch-newyork,85.54,78.9,242.39,2.4165,85.47,0.02653,65.7,high_cpu,1,1
2026-03-14T08:07:18.750845+00:00,device-49,router,datacenter-west,25.92,12.17,16.59,0.2552,28.82,0.00201,33.4,healthy,0,0
2026-03-21T19:59:18.750845+00:00,device-49,load_balancer,datacenter-west,54.61,33.69,34.79,0.051,63.13,0.00137,31.6,healthy,0,0
2026-03-19T21:01:18.750845+00:00,device-09,load_balancer,datacenter-east,96.17,86.7,3644.98,47.397,99.68,0.69426,70.4,ddos_attack,5,1
2026-03-24T00:43:18.750845+00:00,device-40,server,datacenter-central,92.86,70.16,231.12,2.8773,71.19,0.02813,62.6,high_cpu,1,1
2026-03-23T16:00:18.750845+00:00,device-32,switch,datacenter-west,74.59,97.25,109.37,5.8964,58.49,0.07624,62.4,memory_exhaustion,2,1
2026-03-12T15:49:18.750845+00:00,device-08,router,datacenter-central,59.26,24.82,32.27,0.1968,36.97,0.00284,41.3,healthy,0,0
2026-03-16T09:51:18.750845+00:00,device-32,firewall,datacenter-east,41.81,35.45,34.85,0.1099,60.04,0.00112,42.1,healthy,0,0
2026-03-21T13:11:18.750845+00:00,device-42,switch,branch-chicago,50.6,10.45,27.49,0.0778,28.1,4e-05,40.3,healthy,0,0
2026-03-22T16:55:18.750845+00:00,device-28,firewall,datacenter-east,23.84,53.47,41.19,0.0777,22.04,0.00283,38.3,healthy,0,0
2026-03-17T00:19:18.750845+00:00,device-26,server,datacenter-central,47.86,69.61,23.8,0.0766,9.46,0.00365,36.3,healthy,0,0
2026-03-21T01:21:18.750845+00:00,device-39,server,branch-chicago,59.46,26.12,7.32,0.2281,43.09,0.00306,31.4,healthy,0,0
2026-03-15T03:01:18.750845+00:00,device-26,load_balancer,branch-newyork,41.08,30.3,44.6,0.1976,60.72,0.00297,32.3,healthy,0,0
2026-03-16T13:47:18.750845+00:00,device-28,load_balancer,datacenter-west,16.71,64.3,15.26,0.1596,43.67,0.00455,43.2,healthy,0,0
2026-03-18T00:29:18.750845+00:00,device-40,load_balancer,branch-newyork,63.86,17.69,7.81,0.1071,18.77,0.00032,44.7,healthy,0,0
2026-03-20T04:03:18.750845+00:00,device-30,load_balancer,datacenter-west,46.43,62.48,26.24,0.1738,64.76,0.0004,44.3,healthy,0,0
2026-03-16T01:49:18.750845+00:00,device-47,server,branch-losangeles,28.19,19.71,14.25,0.0063,36.06,0.00081,32.3,healthy,0,0
2026-03-13T12:21:18.750845+00:00,device-01,switch,branch-losangeles,42.0,32.11,19.78,0.0157,31.44,0.00126,48.5,healthy,0,0
2026-03-20T16:59:18.750845+00:00,device-16,load_balancer,branch-losangeles,18.6,15.39,1.01,0.0232,60.6,0.00299,47.7,healthy,0,0
2026-03-15T11:33:18.750845+00:00,device-24,load_balancer,datacenter-east,51.53,42.4,14.63,0.0054,29.56,0.00275,31.8,healthy,0,0
2026-03-20T01:05:18.750845+00:00,device-46,firewall,branch-losangeles,58.04,38.2,11.25,0.0584,31.06,0.00025,33.0,healthy,0,0
2026-03-18T07:45:18.750845+00:00,device-02,firewall,datacenter-east,29.6,38.54,9.75,0.0442,24.99,0.00191,49.7,healthy,0,0
2026-03-19T08:31:18.750845+00:00,device-26,firewall,branch-losangeles,16.68,23.11,43.16,0.0776,57.43,0.00211,35.6,healthy,0,0
2026-03-21T09:55:18.750845+00:00,device-03,server,branch-chicago,52.6,24.29,20.22,0.2083,57.11,0.00178,44.7,healthy,0,0
2026-03-24T23:41:18.750845+00:00,device-36,router,datacenter-central,74.26,83.52,1071.98,29.7158,87.89,0.39856,73.8,bgp_flapping,4,1
2026-03-17T05:53:18.750845+00:00,device-22,load_balancer,datacenter-east,20.23,54.94,44.91,0.2743,9.29,0.00442,37.8,healthy,0,0
2026-03-19T03:11:18.750845+00:00,device-02,firewall,datacenter-central,8.93,36.64,40.41,0.274,26.92,0.00297,38.1,healthy,0,0
2026-03-12T01:51:18.750845+00:00,device-04,router,branch-chicago,41.92,15.26,16.19,0.1617,36.36,0.0009,38.0,healthy,0,0
2026-03-17T21:09:18.750845+00:00,device-33,server,branch-losangeles,40.63,44.38,9.82,0.2335,22.46,0.00095,45.9,healthy,0,0
2026-03-20T19:31:18.750845+00:00,device-28,switch,datacenter-central,24.68,13.45,3.82,0.0859,12.13,0.00333,36.4,healthy,0,0
2026-03-22T06:21:18.750845+00:00,device-41,router,datacenter-west,14.4,29.39,41.89,0.0611,58.85,0.00086,48.8,healthy,0,0
2026-03-21T03:49:18.750845+00:00,device-01,router,branch-losangeles,15.03,64.98,17.72,0.266,18.19,0.00038,30.4,healthy,0,0
2026-03-18T06:49:18.750845+00:00,device-45,router,datacenter-east,52.83,22.79,40.4,0.2862,35.92,0.00381,38.6,healthy,0,0
2026-03-16T21:51:18.750845+00:00,device-38,server,branch-losangeles,61.46,13.61,36.75,0.062,36.48,0.00235,30.1,healthy,0,0
2026-03-20T09:53:18.750845+00:00,device-47,router,datacenter-west,30.25,43.23,7.26,0.0924,57.6,0.00258,39.5,healthy,0,0
2026-03-14T02:59:18.750845+00:00,device-28,load_balancer,branch-newyork,18.81,14.49,25.5,0.1538,32.9,0.00201,33.0,healthy,0,0
2026-03-21T21:35:18.750845+00:00,device-42,switch,branch-losangeles,13.48,56.98,12.14,0.2895,12.97,0.00415,45.9,healthy,0,0
2026-03-19T00:19:18.750845+00:00,device-49,server,branch-chicago,48.97,51.5,42.62,0.1956,9.53,0.00326,47.7,healthy,0,0
2026-03-20T19:43:18.750845+00:00,device-38,load_balancer,datacenter-west,93.47,85.27,4280.91,27.1236,99.33,0.21851,67.0,ddos_attack,5,1
2026-03-15T07:15:18.750845+00:00,device-01,switch,datacenter-west,58.58,61.41,9.81,0.2524,7.72,0.00267,46.2,healthy,0,0
2026-03-17T08:51:18.750845+00:00,device-47,switch,datacenter-east,49.59,63.53,1.69,0.0784,45.38,0.00338,31.7,healthy,0,0
2026-03-17T21:21:18.750845+00:00,device-04,router,branch-losangeles,44.55,12.77,41.48,0.2177,21.61,0.00212,47.3,healthy,0,0
2026-03-23T03:45:18.750845+00:00,device-26,firewall,branch-newyork,24.36,60.87,2.05,0.1074,46.93,0.00082,30.3,healthy,0,0
2026-03-12T20:57:18.750845+00:00,device-13,router,branch-chicago,48.29,61.89,37.89,0.119,48.98,6e-05,42.9,healthy,0,0
2026-03-17T13:07:18.750845+00:00,device-06,router,branch-chicago,31.36,38.75,349.24,13.5235,69.64,0.07608,42.3,packet_loss,3,1
2026-03-17T12:09:18.750845+00:00,device-17,router,datacenter-east,37.14,53.5,1609.07,33.525,60.28,0.05618,44.2,packet_loss,3,1
2026-03-25T02:43:18.750845+00:00,device-03,router,datacenter-central,45.39,25.87,720.99,16.9982,56.55,0.25073,35.7,packet_loss,3,1
2026-03-22T11:39:18.750845+00:00,device-23,switch,datacenter-east,9.89,62.08,13.42,0.2942,23.58,0.00072,43.8,healthy,0,0
2026-03-21T09:11:18.750845+00:00,device-41,switch,branch-newyork,45.89,62.29,21.39,0.24,17.36,0.00241,31.4,healthy,0,0
2026-03-18T20:07:18.750845+00:00,device-09,load_balancer,branch-losangeles,58.61,17.73,20.54,0.0525,30.73,0.00434,43.6,healthy,0,0
2026-03-22T23:05:18.750845+00:00,device-22,router,branch-losangeles,11.08,19.76,4.87,0.0545,18.02,0.00022,35.2,healthy,0,0
2026-03-18T15:01:18.750845+00:00,device-18,server,datacenter-central,5.56,42.46,6.35,0.0075,51.11,0.00233,47.2,healthy,0,0
2026-03-19T23:53:18.750845+00:00,device-18,firewall,branch-newyork,54.81,31.37,33.54,0.1457,47.9,0.00023,33.5,healthy,0,0
2026-03-13T23:03:18.750845+00:00,device-45,firewall,branch-losangeles,10.17,68.44,44.2,0.0015,42.45,0.00411,42.2,healthy,0,0
2026-03-19T02:53:18.750845+00:00,device-29,switch,datacenter-east,11.18,28.67,7.05,0.0668,37.92,0.00063,36.5,healthy,0,0
2026-03-13T12:20:18.750845+00:00,device-37,firewall,branch-newyork,90.06,98.9,4594.85,22.6968,97.67,0.46479,72.0,ddos_attack,5,1
2026-03-23T08:13:18.750845+00:00,device-26,router,datacenter-west,71.42,77.8,2213.65,34.0905,91.83,0.39852,58.9,bgp_flapping,4,1
2026-03-14T03:56:18.750845+00:00,device-37,server,branch-losangeles,92.91,73.92,259.65,1.5808,75.61,0.03983,64.0,high_cpu,1,1
2026-03-15T17:31:18.750845+00:00,device-12,switch,datacenter-central,38.36,17.23,13.0,0.2224,22.93,6e-05,37.2,healthy,0,0
2026-03-15T09:53:18.750845+00:00,device-05,router,branch-chicago,5.96,31.37,15.14,0.202,45.18,0.00211,32.1,healthy,0,0
2026-03-14T03:35:18.750845+00:00,device-23,firewall,branch-losangeles,54.43,44.7,33.14,0.1426,59.11,0.00409,45.1,healthy,0,0
2026-03-15T14:49:18.750845+00:00,device-23,router,datacenter-east,49.77,26.97,21.8,0.2527,44.19,0.00269,32.1,healthy,0,0
2026-03-18T16:49:18.750845+00:00,device-05,switch,branch-newyork,14.54,25.39,14.71,0.1728,24.26,0.00049,45.4,healthy,0,0
2026-03-19T19:15:18.750845+00:00,device-28,switch,datacenter-east,29.2,52.77,10.86,0.0563,64.73,0.00153,34.2,healthy,0,0
2026-03-22T20:23:18.750845+00:00,device-24,firewall,branch-chicago,13.77,51.24,26.68,0.0589,33.91,0.00305,41.8,healthy,0,0
2026-03-21T15:11:18.750845+00:00,device-37,firewall,branch-chicago,40.29,62.16,44.77,0.2573,18.22,0.00327,41.1,healthy,0,0
2026-03-13T07:56:18.750845+00:00,device-20,firewall,datacenter-central,91.94,94.54,3813.86,59.1592,96.15,0.43879,65.0,ddos_attack,5,1
2026-03-14T09:12:18.750845+00:00,device-43,router,datacenter-east,93.2,60.1,881.59,15.0431,86.54,0.26511,69.0,bgp_flapping,4,1
2026-03-20T18:27:18.750845+00:00,device-12,server,datacenter-east,56.63,48.03,25.81,0.047,59.05,0.00309,42.5,healthy,0,0
2026-03-22T02:15:18.750845+00:00,device-49,router,branch-losangeles,8.14,21.13,38.73,0.2386,46.95,0.00383,46.2,healthy,0,0
2026-03-16T19:20:18.750845+00:00,device-44,router,datacenter-central,50.77,58.33,245.36,19.0736,57.72,0.05454,48.1,packet_loss,3,1
2026-03-15T23:23:18.750845+00:00,device-27,load_balancer,datacenter-east,27.19,28.98,1.13,0.039,5.19,0.00286,50.0,healthy,0,0
2026-03-21T10:37:18.750845+00:00,device-26,firewall,branch-chicago,95.2,97.93,4432.34,26.0493,95.23,0.24212,80.3,ddos_attack,5,1
2026-03-12T06:25:18.750845+00:00,device-04,server,datacenter-west,22.24,46.85,39.8,0.2261,42.58,0.00216,43.6,healthy,0,0
2026-03-23T10:46:18.750845+00:00,device-02,server,datacenter-west,94.55,77.84,210.93,0.87,76.77,0.01473,67.4,high_cpu,1,1
2026-03-18T18:05:18.750845+00:00,device-16,load_balancer,datacenter-west,59.91,38.95,40.67,0.0722,31.4,0.00229,46.4,healthy,0,0
2026-03-18T01:41:18.750845+00:00,device-15,switch,branch-chicago,49.69,51.11,29.5,0.0668,15.71,0.00459,33.0,healthy,0,0
2026-03-22T06:39:18.750845+00:00,device-35,server,branch-newyork,46.79,31.14,15.1,0.2131,20.3,0.00081,42.6,healthy,0,0
2026-03-13T19:07:18.750845+00:00,device-08,switch,branch-losangeles,9.65,58.78,27.55,0.2836,58.39,0.00136,42.4,healthy,0,0
2026-03-18T14:29:18.750845+00:00,device-35,server,datacenter-central,94.76,63.16,115.49,1.2769,80.78,0.03933,62.0,high_cpu,1,1
2026-03-14T23:29:18.750845+00:00,device-36,router,branch-losangeles,88.45,63.77,739.61,27.6764,94.01,0.20472,57.2,bgp_flapping,4,1
2026-03-19T01:57:18.750845+00:00,device-50,router,datacenter-central,29.95,34.44,23.88,0.0648,16.89,0.00192,42.8,healthy,0,0
2026-03-17T17:07:18.750845+00:00,device-36,switch,branch-losangeles,16.12,65.3,12.68,0.1806,33.39,5e-05,35.6,healthy,0,0
2026-03-14T05:17:18.750845+00:00,device-23,server,branch-losangeles,33.55,46.29,32.67,0.1777,44.5,0.00353,32.9,healthy,0,0
2026-03-12T23:05:18.750845+00:00,device-28,load_balancer,branch-chicago,30.46,42.34,1.71,0.287,32.13,0.00133,36.4,healthy,0,0
2026-03-13T10:45:18.750845+00:00,device-22,firewall,branch-losangeles,64.96,28.46,10.13,0.0122,26.28,0.00066,31.6,healthy,0,0
2026-03-17T15:25:18.750845+00:00,device-24,switch,branch-chicago,41.6,50.72,35.29,0.2429,30.11,0.00344,45.9,healthy,0,0
2026-03-20T04:35:18.750845+00:00,device-26,load_balancer,branch-losangeles,90.14,88.55,4828.34,39.402,98.13,0.69685,75.5,ddos_attack,5,1
2026-03-18T05:03:18.750845+00:00,device-35,firewall,datacenter-central,42.13,58.27,8.63,0.1109,5.68,0.00081,43.7,healthy,0,0
2026-03-20T08:21:18.750845+00:00,device-21,server,branch-newyork,23.07,64.59,36.48,0.1408,40.2,0.00144,34.5,healthy,0,0
2026-03-18T11:17:18.750845+00:00,device-08,firewall,datacenter-east,98.03,97.13,3230.86,56.1761,97.29,0.59807,81.4,ddos_attack,5,1
2026-03-21T16:42:18.750845+00:00,device-04,router,branch-chicago,78.83,66.89,1411.15,29.1401,66.43,0.13099,68.1,bgp_flapping,4,1
2026-03-17T12:05:18.750845+00:00,device-20,switch,datacenter-central,42.37,11.71,34.72,0.2589,42.9,0.00403,34.4,healthy,0,0
2026-03-12T21:17:18.750845+00:00,device-36,server,branch-newyork,20.59,36.04,40.21,0.166,38.99,0.00236,36.0,healthy,0,0
2026-03-17T05:19:18.750845+00:00,device-46,switch,datacenter-central,60.54,35.68,10.45,0.0175,16.36,0.00052,46.4,healthy,0,0
2026-03-16T23:41:18.750845+00:00,device-16,load_balancer,datacenter-central,29.88,19.65,29.12,0.0742,63.1,0.00254,40.7,healthy,0,0
2026-03-17T00:51:18.750845+00:00,device-40,router,datacenter-west,31.39,44.38,18.43,0.2333,48.43,0.00108,32.7,healthy,0,0
2026-03-13T01:25:18.750845+00:00,device-14,firewall,branch-chicago,38.54,34.75,8.03,0.2137,5.21,0.00031,46.3,healthy,0,0
2026-03-16T06:52:18.750845+00:00,device-22,switch,datacenter-west,74.04,93.32,131.5,3.7332,76.0,0.04559,60.7,memory_exhaustion,2,1
2026-03-12T11:19:18.750845+00:00,device-09,switch,datacenter-east,24.7,53.11,4.92,0.2762,39.38,0.0035,31.4,healthy,0,0
2026-03-21T12:47:18.750845+00:00,device-22,server,branch-losangeles,10.49,36.93,8.16,0.0418,48.2,0.00473,41.5,healthy,0,0
2026-03-19T17:37:18.750845+00:00,device-42,router,datacenter-west,30.98,56.42,25.82,0.2644,31.49,0.00288,40.0,healthy,0,0
2026-03-19T20:13:18.750845+00:00,device-05,server,datacenter-west,52.2,42.51,1.18,0.1541,22.43,0.00231,34.9,healthy,0,0
2026-03-24T09:31:18.750845+00:00,device-36,switch,datacenter-east,42.87,92.48,220.0,7.7714,68.81,0.05174,65.4,memory_exhaustion,2,1
2026-03-21T11:09:18.750845+00:00,device-42,load_balancer,datacenter-central,47.39,23.2,28.05,0.2577,59.48,0.00153,39.9,healthy,0,0
2026-03-16T02:21:18.750845+00:00,device-21,switch,datacenter-east,64.55,95.54,404.0,3.0474,66.56,0.02542,69.3,memory_exhaustion,2,1
2026-03-13T20:29:18.750845+00:00,device-48,switch,branch-chicago,39.34,54.98,10.32,0.0884,13.15,0.00306,46.0,healthy,0,0
2026-03-16T22:41:18.750845+00:00,device-26,switch,branch-chicago,23.86,10.96,13.1,0.184,19.16,0.00307,34.7,healthy,0,0
2026-03-21T16:51:18.750845+00:00,device-22,load_balancer,branch-chicago,17.9,23.46,18.33,0.2325,60.57,0.00403,49.0,healthy,0,0
2026-03-18T13:33:18.750845+00:00,device-49,router,datacenter-central,8.23,15.37,21.56,0.1694,46.25,0.00155,49.6,healthy,0,0
2026-03-21T06:13:18.750845+00:00,device-03,router,branch-newyork,21.16,44.22,39.35,0.0146,11.44,0.00416,34.0,healthy,0,0
2026-03-12T07:35:18.750845+00:00,device-18,load_balancer,datacenter-central,48.36,65.55,6.29,0.0712,31.28,0.00406,34.4,healthy,0,0
2026-03-15T22:05:18.750845+00:00,device-23,firewall,branch-chicago,9.29,26.23,1.04,0.2444,20.08,0.00462,35.2,healthy,0,0
2026-03-21T15:51:18.750845+00:00,device-24,router,branch-losangeles,44.88,16.28,16.09,0.2035,13.35,0.00037,48.5,healthy,0,0
2026-03-22T23:53:18.750845+00:00,device-41,load_balancer,datacenter-east,34.08,65.05,22.94,0.2289,30.35,0.00324,42.6,healthy,0,0
2026-03-12T15:15:18.750845+00:00,device-42,switch,branch-newyork,17.78,23.14,26.33,0.2285,52.63,0.00265,35.8,healthy,0,0
2026-03-12T02:21:18.750845+00:00,device-45,firewall,branch-losangeles,22.1,26.09,3.76,0.2936,19.34,0.00439,33.4,healthy,0,0
2026-03-22T18:23:18.750845+00:00,device-08,server,branch-newyork,13.75,48.51,37.85,0.0138,11.32,0.00184,46.3,healthy,0,0
2026-03-21T21:27:18.750845+00:00,device-41,switch,branch-newyork,56.04,43.02,28.75,0.0298,29.29,0.00018,30.6,healthy,0,0
2026-03-21T10:13:18.750845+00:00,device-28,firewall,datacenter-west,12.01,68.22,41.57,0.1746,38.51,0.00486,43.5,healthy,0,0
2026-03-21T03:03:18.750845+00:00,device-30,router,datacenter-west,86.73,77.22,124.81,1.1058,72.48,0.01733,61.2,high_cpu,1,1
2026-03-17T15:49:18.750845+00:00,device-13,switch,branch-newyork,41.05,57.76,3.92,0.2187,52.95,0.00232,31.0,healthy,0,0
2026-03-21T17:21:18.750845+00:00,device-13,load_balancer,datacenter-east,12.99,52.86,41.74,0.1566,61.22,0.00021,47.6,healthy,0,0
2026-03-19T19:21:18.750845+00:00,device-23,firewall,datacenter-west,61.79,53.64,22.1,0.1341,30.52,0.00329,37.7,healthy,0,0
2026-03-22T22:15:18.750845+00:00,device-22,router,branch-newyork,35.35,32.1,7.72,0.2389,57.6,0.00208,38.0,healthy,0,0
2026-03-13T11:58:18.750845+00:00,device-07,load_balancer,branch-newyork,93.64,83.88,4448.58,57.7209,95.32,0.46173,66.3,ddos_attack,5,1
2026-03-20T17:07:18.750845+00:00,device-44,switch,datacenter-central,34.55,62.41,40.47,0.0414,40.21,0.00342,30.9,healthy,0,0
2026-03-17T19:13:18.750845+00:00,device-05,switch,datacenter-central,53.69,23.33,23.62,0.0829,35.35,0.00418,45.2,healthy,0,0
2026-03-16T21:07:18.750845+00:00,device-18,server,branch-newyork,92.77,80.47,179.55,0.8951,70.65,0.03635,71.6,high_cpu,1,1
2026-03-22T08:45:18.750845+00:00,device-26,router,branch-losangeles,27.17,54.0,14.58,0.1139,54.78,0.00339,48.0,healthy,0,0
2026-03-17T17:49:18.750845+00:00,device-40,switch,branch-losangeles,49.43,64.39,31.06,0.1275,53.02,0.0013,35.2,healthy,0,0
